[MPI 5/9] Map 30, rank 37, beam 1, simulating beta 0.6
 RMSE 13.4621 -> 12.4485, beam size=3, recorded samples=3

lating beta 0.4
[MPI 4/9] Map 1, rank 0, beam 0, simulating beta 0.5
[MPI 6/9] Map 1, rank 0, beam 0, simulating beta 0.7
[MPI 5/9] Map 1, rank 0, beam 0, simulating beta 0.6
[MPI 0/9] Map 1, rank 0, beam 0, simulating beta 0.1
[MPI 1/9] Map 1, rank 0, beam 0, simulating beta 0.2
[MPI 2/9] Map 1, rank 0, beam 0, simulating beta 0.3
[MPI 7/9] Map 1, rank 0, beam 0, simulating beta 0.8
[MPI 8/9] Map 1, rank 0, beam 0, simulating beta 0.9
Map 1, rank 0: best beta=0.8, parent beam=0, weighted RMSE 134.2071 -> 124.4217, beam size=3, recorded samples=8
[MPI 7/9] Map 1, rank 1, beam 0, simulating beta 0.8
[MPI 5/9] Map 1, rank 1, beam 0, simulating beta 0.6
[MPI 1/9] Map 1, rank 1, beam 0, simulating beta 0.2
[MPI 3/9] Map 1, rank 1, beam 0, simulating beta 0.4
[MPI 6/9] Map 1, rank 1, beam 0, simulating beta 0.7
[MPI 8/9] Map 1, rank 1, beam 0, simulating beta 0.9
[MPI 4/9] Map 1, rank 1, beam 0, simulating beta 0.5
[MPI 0/9] Map 1, rank 1, beam 0, simulating beta 0.1
[MPI 2/9] Map 1, rank 1, beam 0, simulating beta 0.3
[MPI 6/9] Map 1, rank 1, beam 1, simulating beta 0.7
[MPI 1/9] Map 1, rank 1, beam 1, simulating beta 0.2
[MPI 4/9] Map 1, rank 1, beam 1, simulating beta 0.5
[MPI 0/9] Map 1, rank 1, beam 1, simulating beta 0.1
[MPI 8/9] Map 1, rank 1, beam 1, simulating beta 0.9
[MPI 3/9] Map 1, rank 1, beam 1, simulating beta 0.4
[MPI 2/9] Map 1, rank 1, beam 1, simulating beta 0.3
[MPI 5/9] Map 1, rank 1, beam 1, simulating beta 0.6
[MPI 7/9] Map 1, rank 1, beam 1, simulating beta 0.8
[MPI 6/9] Map 1, rank 1, beam 2, simulating beta 0.7
[MPI 4/9] Map 1, rank 1, beam 2, simulating beta 0.5
[MPI 1/9] Map 1, rank 1, beam 2, simulating beta 0.2
[MPI 8/9] Map 1, rank 1, beam 2, simulating beta 0.9
[MPI 0/9] Map 1, rank 1, beam 2, simulating beta 0.1
[MPI 7/9] Map 1, rank 1, beam 2, simulating beta 0.8
[MPI 5/9] Map 1, rank 1, beam 2, simulating beta 0.6
[MPI 3/9] Map 1, rank 1, beam 2, simulating beta 0.4
[MPI 2/9] Map 1, rank 1, beam 2, simulating beta 0.3
Map 1, rank 1: best beta=0.1, parent beam=2, weighted RMSE 124.4675 -> 103.3910, beam size=3, recorded samples=3
[MPI 3/9] Map 1, rank 2, beam 0, simulating beta 0.4
[MPI 6/9] Map 1, rank 2, beam 0, simulating beta 0.7
[MPI 1/9] Map 1, rank 2, beam 0, simulating beta 0.2
[MPI 2/9] Map 1, rank 2, beam 0, simulating beta 0.3
[MPI 5/9] Map 1, rank 2, beam 0, simulating beta 0.6
[MPI 7/9] Map 1, rank 2, beam 0, simulating beta 0.8
[MPI 8/9] Map 1, rank 2, beam 0, simulating beta 0.9
[MPI 4/9] Map 1, rank 2, beam 0, simulating beta 0.5
[MPI 0/9] Map 1, rank 2, beam 0, simulating beta 0.1
[MPI 8/9] Map 1, rank 2, beam 1, simulating beta 0.9
[MPI 6/9] Map 1, rank 2, beam 1, simulating beta 0.7
[MPI 7/9] Map 1, rank 2, beam 1, simulating beta 0.8
[MPI 0/9] Map 1, rank 2, beam 1, simulating beta 0.1
[MPI 1/9] Map 1, rank 2, beam 1, simulating beta 0.2
[MPI 3/9] Map 1, rank 2, beam 1, simulating beta 0.4
[MPI 5/9] Map 1, rank 2, beam 1, simulating beta 0.6
[MPI 4/9] Map 1, rank 2, beam 1, simulating beta 0.5
[MPI 2/9] Map 1, rank 2, beam 1, simulating beta 0.3
[MPI 8/9] Map 1, rank 2, beam 2, simulating beta 0.9
[MPI 6/9] Map 1, rank 2, beam 2, simulating beta 0.7
[MPI 7/9] Map 1, rank 2, beam 2, simulating beta 0.8
[MPI 1/9] Map 1, rank 2, beam 2, simulating beta 0.2
[MPI 0/9] Map 1, rank 2, beam 2, simulating beta 0.1
[MPI 2/9] Map 1, rank 2, beam 2, simulating beta 0.3
[MPI 3/9] Map 1, rank 2, beam 2, simulating beta 0.4
[MPI 4/9] Map 1, rank 2, beam 2, simulating beta 0.5
[MPI 5/9] Map 1, rank 2, beam 2, simulating beta 0.6
Map 1, rank 2: best beta=0.4, parent beam=1, weighted RMSE 103.6740 -> 96.6787, beam size=3, recorded samples=3
[MPI 1/9] Map 1, rank 3, beam 0, simulating beta 0.2
[MPI 3/9] Map 1, rank 3, beam 0, simulating beta 0.4
[MPI 5/9] Map 1, rank 3, beam 0, simulating beta 0.6
[MPI 6/9] Map 1, rank 3, beam 0, simulating beta 0.7
[MPI 7/9] Map 1, rank 3, beam 0, simulating beta 0.8
[MPI 8/9] Map 1, rank 3, beam 0, simulating beta 0.9
[MPI 2/9] Map 1, rank 3, beam 0, simulating beta 0.3
[MPI 0/9] Map 1, rank 3, beam 0, simulating beta 0.1
[MPI 4/9] Map 1, rank 3, beam 0, simulating beta 0.5
[MPI 8/9] Map 1, rank 3, beam 1, simulating beta 0.9
[MPI 6/9] Map 1, rank 3, beam 1, simulating beta 0.7
[MPI 7/9] Map 1, rank 3, beam 1, simulating beta 0.8
[MPI 0/9] Map 1, rank 3, beam 1, simulating beta 0.1
[MPI 1/9] Map 1, rank 3, beam 1, simulating beta 0.2
[MPI 3/9] Map 1, rank 3, beam 1, simulating beta 0.4
[MPI 4/9] Map 1, rank 3, beam 1, simulating beta 0.5
[MPI 2/9] Map 1, rank 3, beam 1, simulating beta 0.3
[MPI 5/9] Map 1, rank 3, beam 1, simulating beta 0.6
[MPI 8/9] Map 1, rank 3, beam 2, simulating beta 0.9
[MPI 6/9] Map 1, rank 3, beam 2, simulating beta 0.7
[MPI 7/9] Map 1, rank 3, beam 2, simulating beta 0.8
[MPI 0/9] Map 1, rank 3, beam 2, simulating beta 0.1
[MPI 1/9] Map 1, rank 3, beam 2, simulating beta 0.2
[MPI 3/9] Map 1, rank 3, beam 2, simulating beta 0.4
[MPI 4/9] Map 1, rank 3, beam 2, simulating beta 0.5
[MPI 5/9] Map 1, rank 3, beam 2, simulating beta 0.6
[MPI 2/9] Map 1, rank 3, beam 2, simulating beta 0.3
Map 1, rank 3: best beta=0.4, parent beam=0, weighted RMSE 96.6787 -> 45.9984, beam size=3, recorded samples=5
[MPI 0/9] Map 1, rank 4, beam 0, simulating beta 0.1
[MPI 1/9] Map 1, rank 4, beam 0, simulating beta 0.2
[MPI 2/9] Map 1, rank 4, beam 0, simulating beta 0.3
[MPI 3/9] Map 1, rank 4, beam 0, simulating beta 0.4
[MPI 4/9] Map 1, rank 4, beam 0, simulating beta 0.5
[MPI 5/9] Map 1, rank 4, beam 0, simulating beta 0.6
[MPI 6/9] Map 1, rank 4, beam 0, simulating beta 0.7
[MPI 7/9] Map 1, rank 4, beam 0, simulating beta 0.8
[MPI 8/9] Map 1, rank 4, beam 0, simulating beta 0.9
[MPI 3/9] Map 1, rank 4, beam 1, simulating beta 0.4
[MPI 8/9] Map 1, rank 4, beam 1, simulating beta 0.9
[MPI 4/9] Map 1, rank 4, beam 1, simulating beta 0.5
[MPI 6/9] Map 1, rank 4, beam 1, simulating beta 0.7
[MPI 7/9] Map 1, rank 4, beam 1, simulating beta 0.8
[MPI 1/9] Map 1, rank 4, beam 1, simulating beta 0.2
[MPI 5/9] Map 1, rank 4, beam 1, simulating beta 0.6
[MPI 0/9] Map 1, rank 4, beam 1, simulating beta 0.1
[MPI 2/9] Map 1, rank 4, beam 1, simulating beta 0.3
[MPI 3/9] Map 1, rank 4, beam 2, simulating beta 0.4
[MPI 8/9] Map 1, rank 4, beam 2, simulating beta 0.9
[MPI 4/9] Map 1, rank 4, beam 2, simulating beta 0.5
[MPI 6/9] Map 1, rank 4, beam 2, simulating beta 0.7
[MPI 7/9] Map 1, rank 4, beam 2, simulating beta 0.8
[MPI 1/9] Map 1, rank 4, beam 2, simulating beta 0.2
[MPI 0/9] Map 1, rank 4, beam 2, simulating beta 0.1
[MPI 2/9] Map 1, rank 4, beam 2, simulating beta 0.3
[MPI 5/9] Map 1, rank 4, beam 2, simulating beta 0.6
Map 1, rank 4: best beta=0.5, parent beam=0, weighted RMSE 45.9984 -> 40.3426, beam size=3, recorded samples=3
[MPI 6/9] Map 1, rank 5, beam 0, simulating beta 0.7
[MPI 5/9] Map 1, rank 5, beam 0, simulating beta 0.6
[MPI 7/9] Map 1, rank 5, beam 0, simulating beta 0.8
[MPI 8/9] Map 1, rank 5, beam 0, simulating beta 0.9
[MPI 1/9] Map 1, rank 5, beam 0, simulating beta 0.2
[MPI 2/9] Map 1, rank 5, beam 0, simulating beta 0.3
[MPI 3/9] Map 1, rank 5, beam 0, simulating beta 0.4
[MPI 4/9] Map 1, rank 5, beam 0, simulating beta 0.5
[MPI 0/9] Map 1, rank 5, beam 0, simulating beta 0.1
[MPI 8/9] Map 1, rank 5, beam 1, simulating beta 0.9
[MPI 6/9] Map 1, rank 5, beam 1, simulating beta 0.7
[MPI 4/9] Map 1, rank 5, beam 1, simulating beta 0.5
[MPI 3/9] Map 1, rank 5, beam 1, simulating beta 0.4
[MPI 0/9] Map 1, rank 5, beam 1, simulating beta 0.1
[MPI 1/9] Map 1, rank 5, beam 1, simulating beta 0.2
[MPI 2/9] Map 1, rank 5, beam 1, simulating beta 0.3
[MPI 5/9] Map 1, rank 5, beam 1, simulating beta 0.6
[MPI 7/9] Map 1, rank 5, beam 1, simulating beta 0.8
[MPI 8/9] Map 1, rank 5, beam 2, simulating beta 0.9
[MPI 6/9] Map 1, rank 5, beam 2, simulating beta 0.7
[MPI 7/9] Map 1, rank 5, beam 2, simulating beta 0.8
[MPI 5/9] Map 1, rank 5, beam 2, simulating beta 0.6
[MPI 3/9] Map 1, rank 5, beam 2, simulating beta 0.4
[MPI 1/9] Map 1, rank 5, beam 2, simulating beta 0.2
[MPI 4/9] Map 1, rank 5, beam 2, simulating beta 0.5
[MPI 0/9] Map 1, rank 5, beam 2, simulating beta 0.1
[MPI 2/9] Map 1, rank 5, beam 2, simulating beta 0.3
Map 1, rank 5: best beta=0.7, parent beam=1, weighted RMSE 40.8294 -> 37.5894, beam size=3, recorded samples=4
[MPI 1/9] Map 1, rank 6, beam 0, simulating beta 0.2
[MPI 3/9] Map 1, rank 6, beam 0, simulating beta 0.4
[MPI 6/9] Map 1, rank 6, beam 0, simulating beta 0.7
[MPI 7/9] Map 1, rank 6, beam 0, simulating beta 0.8
[MPI 8/9] Map 1, rank 6, beam 0, simulating beta 0.9
[MPI 2/9] Map 1, rank 6, beam 0, simulating beta 0.3
[MPI 4/9] Map 1, rank 6, beam 0, simulating beta 0.5
[MPI 5/9] Map 1, rank 6, beam 0, simulating beta 0.6
[MPI 0/9] Map 1, rank 6, beam 0, simulating beta 0.1
[MPI 8/9] Map 1, rank 6, beam 1, simulating beta 0.9
[MPI 7/9] Map 1, rank 6, beam 1, simulating beta 0.8
[MPI 6/9] Map 1, rank 6, beam 1, simulating beta 0.7
[MPI 0/9] Map 1, rank 6, beam 1, simulating beta 0.1
[MPI 1/9] Map 1, rank 6, beam 1, simulating beta 0.2
[MPI 3/9] Map 1, rank 6, beam 1, simulating beta 0.4
[MPI 4/9] Map 1, rank 6, beam 1, simulating beta 0.5
[MPI 2/9] Map 1, rank 6, beam 1, simulating beta 0.3
[MPI 5/9] Map 1, rank 6, beam 1, simulating beta 0.6
[MPI 8/9] Map 1, rank 6, beam 2, simulating beta 0.9
[MPI 7/9] Map 1, rank 6, beam 2, simulating beta 0.8
[MPI 6/9] Map 1, rank 6, beam 2, simulating beta 0.7
[MPI 4/9] Map 1, rank 6, beam 2, simulating beta 0.5
[MPI 5/9] Map 1, rank 6, beam 2, simulating beta 0.6
[MPI 3/9] Map 1, rank 6, beam 2, simulating beta 0.4
[MPI 1/9] Map 1, rank 6, beam 2, simulating beta 0.2
[MPI 0/9] Map 1, rank 6, beam 2, simulating beta 0.1
[MPI 2/9] Map 1, rank 6, beam 2, simulating beta 0.3
Map 1, rank 6: best beta=0.9, parent beam=2, weighted RMSE 37.3690 -> 31.4354, beam size=3, recorded samples=7
[MPI 1/9] Map 1, rank 7, beam 0, simulating beta 0.2
[MPI 5/9] Map 1, rank 7, beam 0, simulating beta 0.6
[MPI 6/9] Map 1, rank 7, beam 0, simulating beta 0.7
[MPI 7/9] Map 1, rank 7, beam 0, simulating beta 0.8
[MPI 8/9] Map 1, rank 7, beam 0, simulating beta 0.9
[MPI 0/9] Map 1, rank 7, beam 0, simulating beta 0.1
[MPI 2/9] Map 1, rank 7, beam 0, simulating beta 0.3
[MPI 3/9] Map 1, rank 7, beam 0, simulating beta 0.4
[MPI 4/9] Map 1, rank 7, beam 0, simulating beta 0.5
[MPI 6/9] Map 1, rank 7, beam 1, simulating beta 0.7
[MPI 3/9] Map 1, rank 7, beam 1, simulating beta 0.4
[MPI 4/9] Map 1, rank 7, beam 1, simulating beta 0.5
[MPI 8/9] Map 1, rank 7, beam 1, simulating beta 0.9
[MPI 0/9] Map 1, rank 7, beam 1, simulating beta 0.1
[MPI 7/9] Map 1, rank 7, beam 1, simulating beta 0.8
[MPI 1/9] Map 1, rank 7, beam 1, simulating beta 0.2
[MPI 5/9] Map 1, rank 7, beam 1, simulating beta 0.6
[MPI 2/9] Map 1, rank 7, beam 1, simulating beta 0.3
[MPI 6/9] Map 1, rank 7, beam 2, simulating beta 0.7
[MPI 3/9] Map 1, rank 7, beam 2, simulating beta 0.4
[MPI 4/9] Map 1, rank 7, beam 2, simulating beta 0.5
[MPI 8/9] Map 1, rank 7, beam 2, simulating beta 0.9
[MPI 7/9] Map 1, rank 7, beam 2, simulating beta 0.8
[MPI 0/9] Map 1, rank 7, beam 2, simulating beta 0.1
[MPI 1/9] Map 1, rank 7, beam 2, simulating beta 0.2
[MPI 2/9] Map 1, rank 7, beam 2, simulating beta 0.3
[MPI 5/9] Map 1, rank 7, beam 2, simulating beta 0.6
Map 1, rank 7: best beta=0.1, parent beam=1, weighted RMSE 31.4891 -> 30.5830, beam size=3, recorded samples=4
[MPI 6/9] Map 1, rank 8, beam 0, simulating beta 0.7
[MPI 0/9] Map 1, rank 8, beam 0, simulating beta 0.1
[MPI 1/9] Map 1, rank 8, beam 0, simulating beta 0.2
[MPI 2/9] Map 1, rank 8, beam 0, simulating beta 0.3
[MPI 3/9] Map 1, rank 8, beam 0, simulating beta 0.4
[MPI 4/9] Map 1, rank 8, beam 0, simulating beta 0.5
[MPI 5/9] Map 1, rank 8, beam 0, simulating beta 0.6
[MPI 7/9] Map 1, rank 8, beam 0, simulating beta 0.8
[MPI 8/9] Map 1, rank 8, beam 0, simulating beta 0.9
[MPI 6/9] Map 1, rank 8, beam 1, simulating beta 0.7
[MPI 1/9] Map 1, rank 8, beam 1, simulating beta 0.2
[MPI 4/9] Map 1, rank 8, beam 1, simulating beta 0.5
[MPI 8/9] Map 1, rank 8, beam 1, simulating beta 0.9
[MPI 0/9] Map 1, rank 8, beam 1, simulating beta 0.1
[MPI 7/9] Map 1, rank 8, beam 1, simulating beta 0.8
[MPI 2/9] Map 1, rank 8, beam 1, simulating beta 0.3
[MPI 3/9] Map 1, rank 8, beam 1, simulating beta 0.4
[MPI 5/9] Map 1, rank 8, beam 1, simulating beta 0.6
[MPI 6/9] Map 1, rank 8, beam 2, simulating beta 0.7
[MPI 8/9] Map 1, rank 8, beam 2, simulating beta 0.9
[MPI 1/9] Map 1, rank 8, beam 2, simulating beta 0.2
[MPI 4/9] Map 1, rank 8, beam 2, simulating beta 0.5
[MPI 3/9] Map 1, rank 8, beam 2, simulating beta 0.4
[MPI 7/9] Map 1, rank 8, beam 2, simulating beta 0.8
[MPI 0/9] Map 1, rank 8, beam 2, simulating beta 0.1
[MPI 5/9] Map 1, rank 8, beam 2, simulating beta 0.6
[MPI 2/9] Map 1, rank 8, beam 2, simulating beta 0.3
Map 1, rank 8: best beta=0.2, parent beam=0, weighted RMSE 30.5830 -> 30.4240, beam size=3, recorded samples=3
[MPI 1/9] Map 1, rank 9, beam 0, simulating beta 0.2
[MPI 3/9] Map 1, rank 9, beam 0, simulating beta 0.4
[MPI 5/9] Map 1, rank 9, beam 0, simulating beta 0.6
[MPI 6/9] Map 1, rank 9, beam 0, simulating beta 0.7
[MPI 7/9] Map 1, rank 9, beam 0, simulating beta 0.8
[MPI 8/9] Map 1, rank 9, beam 0, simulating beta 0.9
[MPI 0/9] Map 1, rank 9, beam 0, simulating beta 0.1
[MPI 4/9] Map 1, rank 9, beam 0, simulating beta 0.5
[MPI 2/9] Map 1, rank 9, beam 0, simulating beta 0.3
[MPI 8/9] Map 1, rank 9, beam 1, simulating beta 0.9
[MPI 6/9] Map 1, rank 9, beam 1, simulating beta 0.7
[MPI 1/9] Map 1, rank 9, beam 1, simulating beta 0.2
[MPI 4/9] Map 1, rank 9, beam 1, simulating beta 0.5
[MPI 0/9] Map 1, rank 9, beam 1, simulating beta 0.1
[MPI 3/9] Map 1, rank 9, beam 1, simulating beta 0.4
[MPI 7/9] Map 1, rank 9, beam 1, simulating beta 0.8
[MPI 5/9] Map 1, rank 9, beam 1, simulating beta 0.6
[MPI 2/9] Map 1, rank 9, beam 1, simulating beta 0.3
[MPI 8/9] Map 1, rank 9, beam 2, simulating beta 0.9
[MPI 6/9] Map 1, rank 9, beam 2, simulating beta 0.7
[MPI 4/9] Map 1, rank 9, beam 2, simulating beta 0.5
[MPI 1/9] Map 1, rank 9, beam 2, simulating beta 0.2
[MPI 7/9] Map 1, rank 9, beam 2, simulating beta 0.8
[MPI 2/9] Map 1, rank 9, beam 2, simulating beta 0.3
[MPI 3/9] Map 1, rank 9, beam 2, simulating beta 0.4
[MPI 0/9] Map 1, rank 9, beam 2, simulating beta 0.1
[MPI 5/9] Map 1, rank 9, beam 2, simulating beta 0.6
Map 1, rank 9: best beta=0.3, parent beam=0, weighted RMSE 30.4240 -> 26.6694, beam size=3, recorded samples=3
[MPI 6/9] Map 1, rank 10, beam 0, simulating beta 0.7
[MPI 0/9] Map 1, rank 10, beam 0, simulating beta 0.1
[MPI 1/9] Map 1, rank 10, beam 0, simulating beta 0.2
[MPI 7/9] Map 1, rank 10, beam 0, simulating beta 0.8
[MPI 8/9] Map 1, rank 10, beam 0, simulating beta 0.9
[MPI 2/9] Map 1, rank 10, beam 0, simulating beta 0.3
[MPI 3/9] Map 1, rank 10, beam 0, simulating beta 0.4
[MPI 4/9] Map 1, rank 10, beam 0, simulating beta 0.5
[MPI 5/9] Map 1, rank 10, beam 0, simulating beta 0.6
[MPI 8/9] Map 1, rank 10, beam 1, simulating beta 0.9
[MPI 7/9] Map 1, rank 10, beam 1, simulating beta 0.8
[MPI 6/9] Map 1, rank 10, beam 1, simulating beta 0.7
[MPI 1/9] Map 1, rank 10, beam 1, simulating beta 0.2
[MPI 0/9] Map 1, rank 10, beam 1, simulating beta 0.1
[MPI 2/9] Map 1, rank 10, beam 1, simulating beta 0.3
[MPI 4/9] Map 1, rank 10, beam 1, simulating beta 0.5
[MPI 3/9] Map 1, rank 10, beam 1, simulating beta 0.4
[MPI 5/9] Map 1, rank 10, beam 1, simulating beta 0.6
[MPI 8/9] Map 1, rank 10, beam 2, simulating beta 0.9
[MPI 7/9] Map 1, rank 10, beam 2, simulating beta 0.8
[MPI 6/9] Map 1, rank 10, beam 2, simulating beta 0.7
[MPI 1/9] Map 1, rank 10, beam 2, simulating beta 0.2
[MPI 4/9] Map 1, rank 10, beam 2, simulating beta 0.5
[MPI 0/9] Map 1, rank 10, beam 2, simulating beta 0.1
[MPI 2/9] Map 1, rank 10, beam 2, simulating beta 0.3
[MPI 5/9] Map 1, rank 10, beam 2, simulating beta 0.6
[MPI 3/9] Map 1, rank 10, beam 2, simulating beta 0.4
Map 1, rank 10: best beta=0.1, parent beam=0, weighted RMSE 26.6694 -> 21.8604, beam size=3, recorded samples=3
[MPI 6/9] Map 1, rank 11, beam 0, simulating beta 0.7
[MPI 7/9] Map 1, rank 11, beam 0, simulating beta 0.8
[MPI 1/9] Map 1, rank 11, beam 0, simulating beta 0.2
[MPI 3/9] Map 1, rank 11, beam 0, simulating beta 0.4
[MPI 5/9] Map 1, rank 11, beam 0, simulating beta 0.6
[MPI 8/9] Map 1, rank 11, beam 0, simulating beta 0.9
[MPI 0/9] Map 1, rank 11, beam 0, simulating beta 0.1
[MPI 2/9] Map 1, rank 11, beam 0, simulating beta 0.3
[MPI 4/9] Map 1, rank 11, beam 0, simulating beta 0.5
[MPI 8/9] Map 1, rank 11, beam 1, simulating beta 0.9
[MPI 6/9] Map 1, rank 11, beam 1, simulating beta 0.7
[MPI 7/9] Map 1, rank 11, beam 1, simulating beta 0.8
[MPI 1/9] Map 1, rank 11, beam 1, simulating beta 0.2
[MPI 3/9] Map 1, rank 11, beam 1, simulating beta 0.4
[MPI 0/9] Map 1, rank 11, beam 1, simulating beta 0.1
[MPI 2/9] Map 1, rank 11, beam 1, simulating beta 0.3
[MPI 4/9] Map 1, rank 11, beam 1, simulating beta 0.5
[MPI 5/9] Map 1, rank 11, beam 1, simulating beta 0.6
[MPI 8/9] Map 1, rank 11, beam 2, simulating beta 0.9
[MPI 6/9] Map 1, rank 11, beam 2, simulating beta 0.7
[MPI 7/9] Map 1, rank 11, beam 2, simulating beta 0.8
[MPI 1/9] Map 1, rank 11, beam 2, simulating beta 0.2
[MPI 3/9] Map 1, rank 11, beam 2, simulating beta 0.4
[MPI 4/9] Map 1, rank 11, beam 2, simulating beta 0.5
[MPI 0/9] Map 1, rank 11, beam 2, simulating beta 0.1
[MPI 2/9] Map 1, rank 11, beam 2, simulating beta 0.3
[MPI 5/9] Map 1, rank 11, beam 2, simulating beta 0.6
Map 1, rank 11: best beta=0.1, parent beam=0, weighted RMSE 21.8604 -> 17.4730, beam size=3, recorded samples=4
[MPI 5/9] Map 1, rank 12, beam 0, simulating beta 0.6
[MPI 6/9] Map 1, rank 12, beam 0, simulating beta 0.7
[MPI 7/9] Map 1, rank 12, beam 0, simulating beta 0.8
[MPI 0/9] Map 1, rank 12, beam 0, simulating beta 0.1
[MPI 1/9] Map 1, rank 12, beam 0, simulating beta 0.2
[MPI 2/9] Map 1, rank 12, beam 0, simulating beta 0.3
[MPI 3/9] Map 1, rank 12, beam 0, simulating beta 0.4
[MPI 4/9] Map 1, rank 12, beam 0, simulating beta 0.5
[MPI 8/9] Map 1, rank 12, beam 0, simulating beta 0.9
[MPI 8/9] Map 1, rank 12, beam 1, simulating beta 0.9
[MPI 7/9] Map 1, rank 12, beam 1, simulating beta 0.8
[MPI 1/9] Map 1, rank 12, beam 1, simulating beta 0.2
[MPI 4/9] Map 1, rank 12, beam 1, simulating beta 0.5
[MPI 0/9] Map 1, rank 12, beam 1, simulating beta 0.1
[MPI 6/9] Map 1, rank 12, beam 1, simulating beta 0.7
[MPI 3/9] Map 1, rank 12, beam 1, simulating beta 0.4
[MPI 5/9] Map 1, rank 12, beam 1, simulating beta 0.6
[MPI 2/9] Map 1, rank 12, beam 1, simulating beta 0.3
[MPI 8/9] Map 1, rank 12, beam 2, simulating beta 0.9
[MPI 7/9] Map 1, rank 12, beam 2, simulating beta 0.8
[MPI 1/9] Map 1, rank 12, beam 2, simulating beta 0.2
[MPI 4/9] Map 1, rank 12, beam 2, simulating beta 0.5
[MPI 6/9] Map 1, rank 12, beam 2, simulating beta 0.7
[MPI 0/9] Map 1, rank 12, beam 2, simulating beta 0.1
[MPI 2/9] Map 1, rank 12, beam 2, simulating beta 0.3
[MPI 5/9] Map 1, rank 12, beam 2, simulating beta 0.6
[MPI 3/9] Map 1, rank 12, beam 2, simulating beta 0.4
Map 1, rank 12: best beta=0.7, parent beam=2, weighted RMSE 16.5442 -> 13.1945, beam size=3, recorded samples=4
[MPI 6/9] Map 1, rank 13, beam 0, simulating beta 0.7
[MPI 7/9] Map 1, rank 13, beam 0, simulating beta 0.8
[MPI 8/9] Map 1, rank 13, beam 0, simulating beta 0.9
[MPI 3/9] Map 1, rank 13, beam 0, simulating beta 0.4
[MPI 5/9] Map 1, rank 13, beam 0, simulating beta 0.6
[MPI 0/9] Map 1, rank 13, beam 0, simulating beta 0.1
[MPI 1/9] Map 1, rank 13, beam 0, simulating beta 0.2
[MPI 4/9] Map 1, rank 13, beam 0, simulating beta 0.5
[MPI 2/9] Map 1, rank 13, beam 0, simulating beta 0.3
[MPI 8/9] Map 1, rank 13, beam 1, simulating beta 0.9
[MPI 7/9] Map 1, rank 13, beam 1, simulating beta 0.8
[MPI 3/9] Map 1, rank 13, beam 1, simulating beta 0.4
[MPI 0/9] Map 1, rank 13, beam 1, simulating beta 0.1
[MPI 1/9] Map 1, rank 13, beam 1, simulating beta 0.2
[MPI 2/9] Map 1, rank 13, beam 1, simulating beta 0.3
[MPI 4/9] Map 1, rank 13, beam 1, simulating beta 0.5
[MPI 6/9] Map 1, rank 13, beam 1, simulating beta 0.7
[MPI 5/9] Map 1, rank 13, beam 1, simulating beta 0.6
[MPI 8/9] Map 1, rank 13, beam 2, simulating beta 0.9
[MPI 7/9] Map 1, rank 13, beam 2, simulating beta 0.8
[MPI 3/9] Map 1, rank 13, beam 2, simulating beta 0.4
[MPI 6/9] Map 1, rank 13, beam 2, simulating beta 0.7
[MPI 1/9] Map 1, rank 13, beam 2, simulating beta 0.2
[MPI 4/9] Map 1, rank 13, beam 2, simulating beta 0.5
[MPI 0/9] Map 1, rank 13, beam 2, simulating beta 0.1
[MPI 2/9] Map 1, rank 13, beam 2, simulating beta 0.3
[MPI 5/9] Map 1, rank 13, beam 2, simulating beta 0.6
Map 1, rank 13: best beta=0.2, parent beam=0, weighted RMSE 13.1945 -> 12.8213, beam size=3, recorded samples=5
[MPI 1/9] Map 1, rank 14, beam 0, simulating beta 0.2
[MPI 6/9] Map 1, rank 14, beam 0, simulating beta 0.7
[MPI 3/9] Map 1, rank 14, beam 0, simulating beta 0.4
[MPI 7/9] Map 1, rank 14, beam 0, simulating beta 0.8
[MPI 8/9] Map 1, rank 14, beam 0, simulating beta 0.9
[MPI 5/9] Map 1, rank 14, beam 0, simulating beta 0.6
[MPI 2/9] Map 1, rank 14, beam 0, simulating beta 0.3
[MPI 0/9] Map 1, rank 14, beam 0, simulating beta 0.1
[MPI 4/9] Map 1, rank 14, beam 0, simulating beta 0.5
[MPI 7/9] Map 1, rank 14, beam 1, simulating beta 0.8
[MPI 8/9] Map 1, rank 14, beam 1, simulating beta 0.9
[MPI 6/9] Map 1, rank 14, beam 1, simulating beta 0.7
[MPI 0/9] Map 1, rank 14, beam 1, simulating beta 0.1
[MPI 4/9] Map 1, rank 14, beam 1, simulating beta 0.5
[MPI 3/9] Map 1, rank 14, beam 1, simulating beta 0.4
[MPI 1/9] Map 1, rank 14, beam 1, simulating beta 0.2
[MPI 2/9] Map 1, rank 14, beam 1, simulating beta 0.3
[MPI 5/9] Map 1, rank 14, beam 1, simulating beta 0.6
[MPI 7/9] Map 1, rank 14, beam 2, simulating beta 0.8
[MPI 8/9] Map 1, rank 14, beam 2, simulating beta 0.9
[MPI 6/9] Map 1, rank 14, beam 2, simulating beta 0.7
[MPI 1/9] Map 1, rank 14, beam 2, simulating beta 0.2
[MPI 0/9] Map 1, rank 14, beam 2, simulating beta 0.1
[MPI 2/9] Map 1, rank 14, beam 2, simulating beta 0.3
[MPI 3/9] Map 1, rank 14, beam 2, simulating beta 0.4
[MPI 4/9] Map 1, rank 14, beam 2, simulating beta 0.5
[MPI 5/9] Map 1, rank 14, beam 2, simulating beta 0.6
Map 1, rank 14: best beta=0.1, parent beam=0, weighted RMSE 12.8213 -> 12.5576, beam size=3, recorded samples=4
[MPI 1/9] Map 1, rank 15, beam 0, simulating beta 0.2
[MPI 3/9] Map 1, rank 15, beam 0, simulating beta 0.4
[MPI 5/9] Map 1, rank 15, beam 0, simulating beta 0.6
[MPI 6/9] Map 1, rank 15, beam 0, simulating beta 0.7
[MPI 2/9] Map 1, rank 15, beam 0, simulating beta 0.3
[MPI 7/9] Map 1, rank 15, beam 0, simulating beta 0.8
[MPI 8/9] Map 1, rank 15, beam 0, simulating beta 0.9
[MPI 0/9] Map 1, rank 15, beam 0, simulating beta 0.1
[MPI 4/9] Map 1, rank 15, beam 0, simulating beta 0.5
[MPI 7/9] Map 1, rank 15, beam 1, simulating beta 0.8
[MPI 8/9] Map 1, rank 15, beam 1, simulating beta 0.9
[MPI 6/9] Map 1, rank 15, beam 1, simulating beta 0.7
[MPI 0/9] Map 1, rank 15, beam 1, simulating beta 0.1
[MPI 1/9] Map 1, rank 15, beam 1, simulating beta 0.2
[MPI 3/9] Map 1, rank 15, beam 1, simulating beta 0.4
[MPI 4/9] Map 1, rank 15, beam 1, simulating beta 0.5
[MPI 5/9] Map 1, rank 15, beam 1, simulating beta 0.6
[MPI 2/9] Map 1, rank 15, beam 1, simulating beta 0.3
[MPI 8/9] Map 1, rank 15, beam 2, simulating beta 0.9
[MPI 7/9] Map 1, rank 15, beam 2, simulating beta 0.8
[MPI 6/9] Map 1, rank 15, beam 2, simulating beta 0.7
[MPI 1/9] Map 1, rank 15, beam 2, simulating beta 0.2
[MPI 5/9] Map 1, rank 15, beam 2, simulating beta 0.6
[MPI 3/9] Map 1, rank 15, beam 2, simulating beta 0.4
[MPI 2/9] Map 1, rank 15, beam 2, simulating beta 0.3
[MPI 4/9] Map 1, rank 15, beam 2, simulating beta 0.5
[MPI 0/9] Map 1, rank 15, beam 2, simulating beta 0.1
Map 1, rank 15: best beta=0.1, parent beam=1, weighted RMSE 12.5943 -> 12.3749, beam size=3, recorded samples=3
[MPI 6/9] Map 1, rank 16, beam 0, simulating beta 0.7
[MPI 7/9] Map 1, rank 16, beam 0, simulating beta 0.8
[MPI 0/9] Map 1, rank 16, beam 0, simulating beta 0.1
[MPI 1/9] Map 1, rank 16, beam 0, simulating beta 0.2
[MPI 2/9] Map 1, rank 16, beam 0, simulating beta 0.3
[MPI 3/9] Map 1, rank 16, beam 0, simulating beta 0.4
[MPI 4/9] Map 1, rank 16, beam 0, simulating beta 0.5
[MPI 5/9] Map 1, rank 16, beam 0, simulating beta 0.6
[MPI 8/9] Map 1, rank 16, beam 0, simulating beta 0.9
[MPI 8/9] Map 1, rank 16, beam 1, simulating beta 0.9
[MPI 7/9] Map 1, rank 16, beam 1, simulating beta 0.8
[MPI 1/9] Map 1, rank 16, beam 1, simulating beta 0.2
[MPI 3/9] Map 1, rank 16, beam 1, simulating beta 0.4
[MPI 4/9] Map 1, rank 16, beam 1, simulating beta 0.5
[MPI 0/9] Map 1, rank 16, beam 1, simulating beta 0.1
[MPI 6/9] Map 1, rank 16, beam 1, simulating beta 0.7
[MPI 5/9] Map 1, rank 16, beam 1, simulating beta 0.6
[MPI 2/9] Map 1, rank 16, beam 1, simulating beta 0.3
[MPI 8/9] Map 1, rank 16, beam 2, simulating beta 0.9
[MPI 7/9] Map 1, rank 16, beam 2, simulating beta 0.8
[MPI 1/9] Map 1, rank 16, beam 2, simulating beta 0.2
[MPI 3/9] Map 1, rank 16, beam 2, simulating beta 0.4
[MPI 4/9] Map 1, rank 16, beam 2, simulating beta 0.5
[MPI 0/9] Map 1, rank 16, beam 2, simulating beta 0.1
[MPI 2/9] Map 1, rank 16, beam 2, simulating beta 0.3
[MPI 5/9] Map 1, rank 16, beam 2, simulating beta 0.6
[MPI 6/9] Map 1, rank 16, beam 2, simulating beta 0.7
Map 1, rank 16: best beta=0.2, parent beam=0, weighted RMSE 12.3749 -> 12.2547, beam size=3, recorded samples=5
[MPI 6/9] Map 1, rank 17, beam 0, simulating beta 0.7
[MPI 3/9] Map 1, rank 17, beam 0, simulating beta 0.4
[MPI 7/9] Map 1, rank 17, beam 0, simulating beta 0.8
[MPI 1/9] Map 1, rank 17, beam 0, simulating beta 0.2
[MPI 5/9] Map 1, rank 17, beam 0, simulating beta 0.6
[MPI 8/9] Map 1, rank 17, beam 0, simulating beta 0.9
[MPI 2/9] Map 1, rank 17, beam 0, simulating beta 0.3
[MPI 0/9] Map 1, rank 17, beam 0, simulating beta 0.1
[MPI 4/9] Map 1, rank 17, beam 0, simulating beta 0.5
[MPI 8/9] Map 1, rank 17, beam 1, simulating beta 0.9
[MPI 6/9] Map 1, rank 17, beam 1, simulating beta 0.7
[MPI 0/9] Map 1, rank 17, beam 1, simulating beta 0.1
[MPI 7/9] Map 1, rank 17, beam 1, simulating beta 0.8
[MPI 1/9] Map 1, rank 17, beam 1, simulating beta 0.2
[MPI 4/9] Map 1, rank 17, beam 1, simulating beta 0.5
[MPI 2/9] Map 1, rank 17, beam 1, simulating beta 0.3
[MPI 3/9] Map 1, rank 17, beam 1, simulating beta 0.4
[MPI 5/9] Map 1, rank 17, beam 1, simulating beta 0.6
[MPI 8/9] Map 1, rank 17, beam 2, simulating beta 0.9
[MPI 6/9] Map 1, rank 17, beam 2, simulating beta 0.7
[MPI 0/9] Map 1, rank 17, beam 2, simulating beta 0.1
[MPI 7/9] Map 1, rank 17, beam 2, simulating beta 0.8
[MPI 1/9] Map 1, rank 17, beam 2, simulating beta 0.2
[MPI 3/9] Map 1, rank 17, beam 2, simulating beta 0.4
[MPI 2/9] Map 1, rank 17, beam 2, simulating beta 0.3
[MPI 4/9] Map 1, rank 17, beam 2, simulating beta 0.5
[MPI 5/9] Map 1, rank 17, beam 2, simulating beta 0.6
Map 1, rank 17: best beta=0.4, parent beam=1, weighted RMSE 12.2574 -> 12.1557, beam size=3, recorded samples=3
[MPI 5/9] Map 1, rank 18, beam 0, simulating beta 0.6
[MPI 0/9] Map 1, rank 18, beam 0, simulating beta 0.1
[MPI 1/9] Map 1, rank 18, beam 0, simulating beta 0.2
[MPI 3/9] Map 1, rank 18, beam 0, simulating beta 0.4
[MPI 4/9] Map 1, rank 18, beam 0, simulating beta 0.5
[MPI 6/9] Map 1, rank 18, beam 0, simulating beta 0.7
[MPI 7/9] Map 1, rank 18, beam 0, simulating beta 0.8
[MPI 8/9] Map 1, rank 18, beam 0, simulating beta 0.9
[MPI 2/9] Map 1, rank 18, beam 0, simulating beta 0.3
[MPI 8/9] Map 1, rank 18, beam 1, simulating beta 0.9
[MPI 6/9] Map 1, rank 18, beam 1, simulating beta 0.7
[MPI 0/9] Map 1, rank 18, beam 1, simulating beta 0.1
[MPI 7/9] Map 1, rank 18, beam 1, simulating beta 0.8
[MPI 1/9] Map 1, rank 18, beam 1, simulating beta 0.2
[MPI 4/9] Map 1, rank 18, beam 1, simulating beta 0.5
[MPI 3/9] Map 1, rank 18, beam 1, simulating beta 0.4
[MPI 2/9] Map 1, rank 18, beam 1, simulating beta 0.3
[MPI 5/9] Map 1, rank 18, beam 1, simulating beta 0.6
[MPI 8/9] Map 1, rank 18, beam 2, simulating beta 0.9
[MPI 6/9] Map 1, rank 18, beam 2, simulating beta 0.7
[MPI 7/9] Map 1, rank 18, beam 2, simulating beta 0.8
[MPI 4/9] Map 1, rank 18, beam 2, simulating beta 0.5
[MPI 5/9] Map 1, rank 18, beam 2, simulating beta 0.6
[MPI 3/9] Map 1, rank 18, beam 2, simulating beta 0.4
[MPI 1/9] Map 1, rank 18, beam 2, simulating beta 0.2
[MPI 0/9] Map 1, rank 18, beam 2, simulating beta 0.1
[MPI 2/9] Map 1, rank 18, beam 2, simulating beta 0.3
Map 1, rank 18: best beta=0.3, parent beam=1, weighted RMSE 12.1611 -> 12.0423, beam size=3, recorded samples=4
[MPI 1/9] Map 1, rank 19, beam 0, simulating beta 0.2
[MPI 3/9] Map 1, rank 19, beam 0, simulating beta 0.4
[MPI 5/9] Map 1, rank 19, beam 0, simulating beta 0.6
[MPI 6/9] Map 1, rank 19, beam 0, simulating beta 0.7
[MPI 7/9] Map 1, rank 19, beam 0, simulating beta 0.8
[MPI 8/9] Map 1, rank 19, beam 0, simulating beta 0.9
[MPI 2/9] Map 1, rank 19, beam 0, simulating beta 0.3
[MPI 4/9] Map 1, rank 19, beam 0, simulating beta 0.5
[MPI 0/9] Map 1, rank 19, beam 0, simulating beta 0.1
[MPI 8/9] Map 1, rank 19, beam 1, simulating beta 0.9
[MPI 6/9] Map 1, rank 19, beam 1, simulating beta 0.7
[MPI 7/9] Map 1, rank 19, beam 1, simulating beta 0.8
[MPI 1/9] Map 1, rank 19, beam 1, simulating beta 0.2
[MPI 0/9] Map 1, rank 19, beam 1, simulating beta 0.1
[MPI 2/9] Map 1, rank 19, beam 1, simulating beta 0.3
[MPI 3/9] Map 1, rank 19, beam 1, simulating beta 0.4
[MPI 4/9] Map 1, rank 19, beam 1, simulating beta 0.5
[MPI 5/9] Map 1, rank 19, beam 1, simulating beta 0.6
[MPI 8/9] Map 1, rank 19, beam 2, simulating beta 0.9
[MPI 6/9] Map 1, rank 19, beam 2, simulating beta 0.7
[MPI 7/9] Map 1, rank 19, beam 2, simulating beta 0.8
[MPI 1/9] Map 1, rank 19, beam 2, simulating beta 0.2
[MPI 0/9] Map 1, rank 19, beam 2, simulating beta 0.1
[MPI 4/9] Map 1, rank 19, beam 2, simulating beta 0.5
[MPI 2/9] Map 1, rank 19, beam 2, simulating beta 0.3
[MPI 3/9] Map 1, rank 19, beam 2, simulating beta 0.4
[MPI 5/9] Map 1, rank 19, beam 2, simulating beta 0.6
Map 1, rank 19: best beta=0.2, parent beam=0, weighted RMSE 12.0423 -> 9.7394, beam size=3, recorded samples=3
[MPI 3/9] Map 1, rank 20, beam 0, simulating beta 0.4
[MPI 5/9] Map 1, rank 20, beam 0, simulating beta 0.6
[MPI 6/9] Map 1, rank 20, beam 0, simulating beta 0.7
[MPI 7/9] Map 1, rank 20, beam 0, simulating beta 0.8
[MPI 8/9] Map 1, rank 20, beam 0, simulating beta 0.9
[MPI 1/9] Map 1, rank 20, beam 0, simulating beta 0.2
[MPI 4/9] Map 1, rank 20, beam 0, simulating beta 0.5
[MPI 2/9] Map 1, rank 20, beam 0, simulating beta 0.3
[MPI 0/9] Map 1, rank 20, beam 0, simulating beta 0.1
[MPI 3/9] Map 1, rank 20, beam 1, simulating beta 0.4
[MPI 0/9] Map 1, rank 20, beam 1, simulating beta 0.1
[MPI 6/9] Map 1, rank 20, beam 1, simulating beta 0.7
[MPI 8/9] Map 1, rank 20, beam 1, simulating beta 0.9
[MPI 2/9] Map 1, rank 20, beam 1, simulating beta 0.3
[MPI 4/9] Map 1, rank 20, beam 1, simulating beta 0.5
[MPI 7/9] Map 1, rank 20, beam 1, simulating beta 0.8
[MPI 1/9] Map 1, rank 20, beam 1, simulating beta 0.2
[MPI 5/9] Map 1, rank 20, beam 1, simulating beta 0.6
[MPI 3/9] Map 1, rank 20, beam 2, simulating beta 0.4
[MPI 0/9] Map 1, rank 20, beam 2, simulating beta 0.1
[MPI 6/9] Map 1, rank 20, beam 2, simulating beta 0.7
[MPI 8/9] Map 1, rank 20, beam 2, simulating beta 0.9
[MPI 1/9] Map 1, rank 20, beam 2, simulating beta 0.2
[MPI 4/9] Map 1, rank 20, beam 2, simulating beta 0.5
[MPI 7/9] Map 1, rank 20, beam 2, simulating beta 0.8
[MPI 5/9] Map 1, rank 20, beam 2, simulating beta 0.6
[MPI 2/9] Map 1, rank 20, beam 2, simulating beta 0.3
Map 1, rank 20: best beta=0.1, parent beam=0, weighted RMSE 9.7394 -> 8.6397, beam size=3, recorded samples=3
[MPI 7/9] Map 1, rank 21, beam 0, simulating beta 0.8
[MPI 8/9] Map 1, rank 21, beam 0, simulating beta 0.9
[MPI 1/9] Map 1, rank 21, beam 0, simulating beta 0.2
[MPI 2/9] Map 1, rank 21, beam 0, simulating beta 0.3
[MPI 6/9] Map 1, rank 21, beam 0, simulating beta 0.7
[MPI 5/9] Map 1, rank 21, beam 0, simulating beta 0.6
[MPI 0/9] Map 1, rank 21, beam 0, simulating beta 0.1
[MPI 3/9] Map 1, rank 21, beam 0, simulating beta 0.4
[MPI 4/9] Map 1, rank 21, beam 0, simulating beta 0.5
[MPI 7/9] Map 1, rank 21, beam 1, simulating beta 0.8
[MPI 4/9] Map 1, rank 21, beam 1, simulating beta 0.5
[MPI 8/9] Map 1, rank 21, beam 1, simulating beta 0.9
[MPI 6/9] Map 1, rank 21, beam 1, simulating beta 0.7
[MPI 1/9] Map 1, rank 21, beam 1, simulating beta 0.2
[MPI 0/9] Map 1, rank 21, beam 1, simulating beta 0.1
[MPI 2/9] Map 1, rank 21, beam 1, simulating beta 0.3
[MPI 3/9] Map 1, rank 21, beam 1, simulating beta 0.4
[MPI 5/9] Map 1, rank 21, beam 1, simulating beta 0.6
[MPI 7/9] Map 1, rank 21, beam 2, simulating beta 0.8
[MPI 4/9] Map 1, rank 21, beam 2, simulating beta 0.5
[MPI 6/9] Map 1, rank 21, beam 2, simulating beta 0.7
[MPI 8/9] Map 1, rank 21, beam 2, simulating beta 0.9
[MPI 1/9] Map 1, rank 21, beam 2, simulating beta 0.2
[MPI 0/9] Map 1, rank 21, beam 2, simulating beta 0.1
[MPI 2/9] Map 1, rank 21, beam 2, simulating beta 0.3
[MPI 3/9] Map 1, rank 21, beam 2, simulating beta 0.4
[MPI 5/9] Map 1, rank 21, beam 2, simulating beta 0.6
Map 1, rank 21: best beta=0.3, parent beam=0, weighted RMSE 8.6397 -> 8.1594, beam size=3, recorded samples=3
[MPI 6/9] Map 1, rank 22, beam 0, simulating beta 0.7
[MPI 3/9] Map 1, rank 22, beam 0, simulating beta 0.4
[MPI 7/9] Map 1, rank 22, beam 0, simulating beta 0.8
[MPI 8/9] Map 1, rank 22, beam 0, simulating beta 0.9
[MPI 0/9] Map 1, rank 22, beam 0, simulating beta 0.1
[MPI 1/9] Map 1, rank 22, beam 0, simulating beta 0.2
[MPI 2/9] Map 1, rank 22, beam 0, simulating beta 0.3
[MPI 4/9] Map 1, rank 22, beam 0, simulating beta 0.5
[MPI 5/9] Map 1, rank 22, beam 0, simulating beta 0.6
[MPI 3/9] Map 1, rank 22, beam 1, simulating beta 0.4
[MPI 5/9] Map 1, rank 22, beam 1, simulating beta 0.6
[MPI 0/9] Map 1, rank 22, beam 1, simulating beta 0.1
[MPI 1/9] Map 1, rank 22, beam 1, simulating beta 0.2
[MPI 2/9] Map 1, rank 22, beam 1, simulating beta 0.3
[MPI 4/9] Map 1, rank 22, beam 1, simulating beta 0.5
[MPI 6/9] Map 1, rank 22, beam 1, simulating beta 0.7
[MPI 7/9] Map 1, rank 22, beam 1, simulating beta 0.8
[MPI 8/9] Map 1, rank 22, beam 1, simulating beta 0.9
[MPI 5/9] Map 1, rank 22, beam 2, simulating beta 0.6
[MPI 3/9] Map 1, rank 22, beam 2, simulating beta 0.4
[MPI 0/9] Map 1, rank 22, beam 2, simulating beta 0.1
[MPI 1/9] Map 1, rank 22, beam 2, simulating beta 0.2
[MPI 2/9] Map 1, rank 22, beam 2, simulating beta 0.3
[MPI 6/9] Map 1, rank 22, beam 2, simulating beta 0.7
[MPI 7/9] Map 1, rank 22, beam 2, simulating beta 0.8
[MPI 8/9] Map 1, rank 22, beam 2, simulating beta 0.9
[MPI 4/9] Map 1, rank 22, beam 2, simulating beta 0.5
Map 1, rank 22: best beta=0.1, parent beam=0, weighted RMSE 8.1594 -> 7.9643, beam size=3, recorded samples=3
[MPI 6/9] Map 1, rank 23, beam 0, simulating beta 0.7
[MPI 1/9] Map 1, rank 23, beam 0, simulating beta 0.2
[MPI 7/9] Map 1, rank 23, beam 0, simulating beta 0.8
[MPI 2/9] Map 1, rank 23, beam 0, simulating beta 0.3
[MPI 3/9] Map 1, rank 23, beam 0, simulating beta 0.4
[MPI 4/9] Map 1, rank 23, beam 0, simulating beta 0.5
[MPI 5/9] Map 1, rank 23, beam 0, simulating beta 0.6
[MPI 8/9] Map 1, rank 23, beam 0, simulating beta 0.9
[MPI 0/9] Map 1, rank 23, beam 0, simulating beta 0.1
[MPI 6/9] Map 1, rank 23, beam 1, simulating beta 0.7
[MPI 7/9] Map 1, rank 23, beam 1, simulating beta 0.8
[MPI 8/9] Map 1, rank 23, beam 1, simulating beta 0.9
[MPI 1/9] Map 1, rank 23, beam 1, simulating beta 0.2
[MPI 5/9] Map 1, rank 23, beam 1, simulating beta 0.6
[MPI 0/9] Map 1, rank 23, beam 1, simulating beta 0.1
[MPI 2/9] Map 1, rank 23, beam 1, simulating beta 0.3
[MPI 3/9] Map 1, rank 23, beam 1, simulating beta 0.4
[MPI 4/9] Map 1, rank 23, beam 1, simulating beta 0.5
[MPI 6/9] Map 1, rank 23, beam 2, simulating beta 0.7
[MPI 7/9] Map 1, rank 23, beam 2, simulating beta 0.8
[MPI 8/9] Map 1, rank 23, beam 2, simulating beta 0.9
[MPI 1/9] Map 1, rank 23, beam 2, simulating beta 0.2
[MPI 5/9] Map 1, rank 23, beam 2, simulating beta 0.6
[MPI 2/9] Map 1, rank 23, beam 2, simulating beta 0.3
[MPI 3/9] Map 1, rank 23, beam 2, simulating beta 0.4
[MPI 4/9] Map 1, rank 23, beam 2, simulating beta 0.5
[MPI 0/9] Map 1, rank 23, beam 2, simulating beta 0.1
Map 1, rank 23: best beta=0.3, parent beam=0, weighted RMSE 7.9643 -> 7.6258, beam size=3, recorded samples=3
[MPI 6/9] Map 1, rank 24, beam 0, simulating beta 0.7
[MPI 7/9] Map 1, rank 24, beam 0, simulating beta 0.8
[MPI 1/9] Map 1, rank 24, beam 0, simulating beta 0.2
[MPI 3/9] Map 1, rank 24, beam 0, simulating beta 0.4
[MPI 8/9] Map 1, rank 24, beam 0, simulating beta 0.9
[MPI 2/9] Map 1, rank 24, beam 0, simulating beta 0.3
[MPI 5/9] Map 1, rank 24, beam 0, simulating beta 0.6
[MPI 4/9] Map 1, rank 24, beam 0, simulating beta 0.5
[MPI 0/9] Map 1, rank 24, beam 0, simulating beta 0.1
[MPI 8/9] Map 1, rank 24, beam 1, simulating beta 0.9
[MPI 6/9] Map 1, rank 24, beam 1, simulating beta 0.7
[MPI 3/9] Map 1, rank 24, beam 1, simulating beta 0.4
[MPI 1/9] Map 1, rank 24, beam 1, simulating beta 0.2
[MPI 0/9] Map 1, rank 24, beam 1, simulating beta 0.1
[MPI 4/9] Map 1, rank 24, beam 1, simulating beta 0.5
[MPI 5/9] Map 1, rank 24, beam 1, simulating beta 0.6
[MPI 7/9] Map 1, rank 24, beam 1, simulating beta 0.8
[MPI 2/9] Map 1, rank 24, beam 1, simulating beta 0.3
[MPI 8/9] Map 1, rank 24, beam 2, simulating beta 0.9
[MPI 6/9] Map 1, rank 24, beam 2, simulating beta 0.7
[MPI 3/9] Map 1, rank 24, beam 2, simulating beta 0.4
[MPI 1/9] Map 1, rank 24, beam 2, simulating beta 0.2
[MPI 2/9] Map 1, rank 24, beam 2, simulating beta 0.3
[MPI 4/9] Map 1, rank 24, beam 2, simulating beta 0.5
[MPI 5/9] Map 1, rank 24, beam 2, simulating beta 0.6
[MPI 7/9] Map 1, rank 24, beam 2, simulating beta 0.8
[MPI 0/9] Map 1, rank 24, beam 2, simulating beta 0.1
Map 1, rank 24: best beta=0.2, parent beam=0, weighted RMSE 7.6258 -> 7.4805, beam size=3, recorded samples=3
[MPI 3/9] Map 1, rank 25, beam 0, simulating beta 0.4
[MPI 7/9] Map 1, rank 25, beam 0, simulating beta 0.8
[MPI 6/9] Map 1, rank 25, beam 0, simulating beta 0.7
[MPI 1/9] Map 1, rank 25, beam 0, simulating beta 0.2
[MPI 8/9] Map 1, rank 25, beam 0, simulating beta 0.9
[MPI 4/9] Map 1, rank 25, beam 0, simulating beta 0.5
[MPI 0/9] Map 1, rank 25, beam 0, simulating beta 0.1
[MPI 2/9] Map 1, rank 25, beam 0, simulating beta 0.3
[MPI 5/9] Map 1, rank 25, beam 0, simulating beta 0.6
[MPI 3/9] Map 1, rank 25, beam 1, simulating beta 0.4
[MPI 4/9] Map 1, rank 25, beam 1, simulating beta 0.5
[MPI 8/9] Map 1, rank 25, beam 1, simulating beta 0.9
[MPI 6/9] Map 1, rank 25, beam 1, simulating beta 0.7
[MPI 0/9] Map 1, rank 25, beam 1, simulating beta 0.1
[MPI 1/9] Map 1, rank 25, beam 1, simulating beta 0.2
[MPI 5/9] Map 1, rank 25, beam 1, simulating beta 0.6
[MPI 7/9] Map 1, rank 25, beam 1, simulating beta 0.8
[MPI 2/9] Map 1, rank 25, beam 1, simulating beta 0.3
[MPI 8/9] Map 1, rank 25, beam 2, simulating beta 0.9
[MPI 3/9] Map 1, rank 25, beam 2, simulating beta 0.4
[MPI 6/9] Map 1, rank 25, beam 2, simulating beta 0.7
[MPI 4/9] Map 1, rank 25, beam 2, simulating beta 0.5
[MPI 7/9] Map 1, rank 25, beam 2, simulating beta 0.8
[MPI 0/9] Map 1, rank 25, beam 2, simulating beta 0.1
[MPI 1/9] Map 1, rank 25, beam 2, simulating beta 0.2
[MPI 2/9] Map 1, rank 25, beam 2, simulating beta 0.3
[MPI 5/9] Map 1, rank 25, beam 2, simulating beta 0.6
Map 1, rank 25: best beta=0.1, parent beam=0, weighted RMSE 7.4805 -> 7.2902, beam size=3, recorded samples=3
[MPI 6/9] Map 1, rank 26, beam 0, simulating beta 0.7
[MPI 7/9] Map 1, rank 26, beam 0, simulating beta 0.8
[MPI 1/9] Map 1, rank 26, beam 0, simulating beta 0.2
[MPI 3/9] Map 1, rank 26, beam 0, simulating beta 0.4
[MPI 5/9] Map 1, rank 26, beam 0, simulating beta 0.6
[MPI 8/9] Map 1, rank 26, beam 0, simulating beta 0.9
[MPI 2/9] Map 1, rank 26, beam 0, simulating beta 0.3
[MPI 4/9] Map 1, rank 26, beam 0, simulating beta 0.5
[MPI 0/9] Map 1, rank 26, beam 0, simulating beta 0.1
[MPI 3/9] Map 1, rank 26, beam 1, simulating beta 0.4
[MPI 1/9] Map 1, rank 26, beam 1, simulating beta 0.2
[MPI 4/9] Map 1, rank 26, beam 1, simulating beta 0.5
[MPI 8/9] Map 1, rank 26, beam 1, simulating beta 0.9
[MPI 6/9] Map 1, rank 26, beam 1, simulating beta 0.7
[MPI 7/9] Map 1, rank 26, beam 1, simulating beta 0.8
[MPI 0/9] Map 1, rank 26, beam 1, simulating beta 0.1
[MPI 2/9] Map 1, rank 26, beam 1, simulating beta 0.3
[MPI 5/9] Map 1, rank 26, beam 1, simulating beta 0.6
[MPI 3/9] Map 1, rank 26, beam 2, simulating beta 0.4
[MPI 1/9] Map 1, rank 26, beam 2, simulating beta 0.2
[MPI 8/9] Map 1, rank 26, beam 2, simulating beta 0.9
[MPI 6/9] Map 1, rank 26, beam 2, simulating beta 0.7
[MPI 4/9] Map 1, rank 26, beam 2, simulating beta 0.5
[MPI 2/9] Map 1, rank 26, beam 2, simulating beta 0.3
[MPI 7/9] Map 1, rank 26, beam 2, simulating beta 0.8
[MPI 0/9] Map 1, rank 26, beam 2, simulating beta 0.1
[MPI 5/9] Map 1, rank 26, beam 2, simulating beta 0.6
Map 1, rank 26: best beta=0.3, parent beam=1, weighted RMSE 7.2588 -> 6.9092, beam size=3, recorded samples=3
[MPI 7/9] Map 1, rank 27, beam 0, simulating beta 0.8
[MPI 3/9] Map 1, rank 27, beam 0, simulating beta 0.4
[MPI 6/9] Map 1, rank 27, beam 0, simulating beta 0.7
[MPI 5/9] Map 1, rank 27, beam 0, simulating beta 0.6
[MPI 1/9] Map 1, rank 27, beam 0, simulating beta 0.2
[MPI 2/9] Map 1, rank 27, beam 0, simulating beta 0.3
[MPI 8/9] Map 1, rank 27, beam 0, simulating beta 0.9
[MPI 0/9] Map 1, rank 27, beam 0, simulating beta 0.1
[MPI 4/9] Map 1, rank 27, beam 0, simulating beta 0.5
[MPI 8/9] Map 1, rank 27, beam 1, simulating beta 0.9
[MPI 6/9] Map 1, rank 27, beam 1, simulating beta 0.7
[MPI 1/9] Map 1, rank 27, beam 1, simulating beta 0.2
[MPI 0/9] Map 1, rank 27, beam 1, simulating beta 0.1
[MPI 2/9] Map 1, rank 27, beam 1, simulating beta 0.3
[MPI 3/9] Map 1, rank 27, beam 1, simulating beta 0.4
[MPI 4/9] Map 1, rank 27, beam 1, simulating beta 0.5
[MPI 5/9] Map 1, rank 27, beam 1, simulating beta 0.6
[MPI 7/9] Map 1, rank 27, beam 1, simulating beta 0.8
[MPI 8/9] Map 1, rank 27, beam 2, simulating beta 0.9
[MPI 6/9] Map 1, rank 27, beam 2, simulating beta 0.7
[MPI 1/9] Map 1, rank 27, beam 2, simulating beta 0.2
[MPI 3/9] Map 1, rank 27, beam 2, simulating beta 0.4
[MPI 2/9] Map 1, rank 27, beam 2, simulating beta 0.3
[MPI 7/9] Map 1, rank 27, beam 2, simulating beta 0.8
[MPI 4/9] Map 1, rank 27, beam 2, simulating beta 0.5
[MPI 0/9] Map 1, rank 27, beam 2, simulating beta 0.1
[MPI 5/9] Map 1, rank 27, beam 2, simulating beta 0.6
Map 1, rank 27: best beta=0.1, parent beam=0, weighted RMSE 6.9092 -> 6.8282, beam size=3, recorded samples=4
[MPI 6/9] Map 1, rank 28, beam 0, simulating beta 0.7
[MPI 1/9] Map 1, rank 28, beam 0, simulating beta 0.2
[MPI 7/9] Map 1, rank 28, beam 0, simulating beta 0.8
[MPI 0/9] Map 1, rank 28, beam 0, simulating beta 0.1
[MPI 2/9] Map 1, rank 28, beam 0, simulating beta 0.3
[MPI 3/9] Map 1, rank 28, beam 0, simulating beta 0.4
[MPI 4/9] Map 1, rank 28, beam 0, simulating beta 0.5
[MPI 5/9] Map 1, rank 28, beam 0, simulating beta 0.6
[MPI 8/9] Map 1, rank 28, beam 0, simulating beta 0.9
[MPI 8/9] Map 1, rank 28, beam 1, simulating beta 0.9
[MPI 3/9] Map 1, rank 28, beam 1, simulating beta 0.4
[MPI 6/9] Map 1, rank 28, beam 1, simulating beta 0.7
[MPI 2/9] Map 1, rank 28, beam 1, simulating beta 0.3
[MPI 1/9] Map 1, rank 28, beam 1, simulating beta 0.2
[MPI 4/9] Map 1, rank 28, beam 1, simulating beta 0.5
[MPI 7/9] Map 1, rank 28, beam 1, simulating beta 0.8
[MPI 0/9] Map 1, rank 28, beam 1, simulating beta 0.1
[MPI 5/9] Map 1, rank 28, beam 1, simulating beta 0.6
[MPI 3/9] Map 1, rank 28, beam 2, simulating beta 0.4
[MPI 8/9] Map 1, rank 28, beam 2, simulating beta 0.9
[MPI 6/9] Map 1, rank 28, beam 2, simulating beta 0.7
[MPI 7/9] Map 1, rank 28, beam 2, simulating beta 0.8
[MPI 1/9] Map 1, rank 28, beam 2, simulating beta 0.2
[MPI 2/9] Map 1, rank 28, beam 2, simulating beta 0.3
[MPI 0/9] Map 1, rank 28, beam 2, simulating beta 0.1
[MPI 4/9] Map 1, rank 28, beam 2, simulating beta 0.5
[MPI 5/9] Map 1, rank 28, beam 2, simulating beta 0.6
Map 1, rank 28: best beta=0.3, parent beam=2, weighted RMSE 6.8395 -> 6.6888, beam size=3, recorded samples=3
[MPI 5/9] Map 1, rank 29, beam 0, simulating beta 0.6
[MPI 6/9] Map 1, rank 29, beam 0, simulating beta 0.7
[MPI 7/9] Map 1, rank 29, beam 0, simulating beta 0.8
[MPI 2/9] Map 1, rank 29, beam 0, simulating beta 0.3
[MPI 8/9] Map 1, rank 29, beam 0, simulating beta 0.9
[MPI 4/9] Map 1, rank 29, beam 0, simulating beta 0.5
[MPI 1/9] Map 1, rank 29, beam 0, simulating beta 0.2
[MPI 3/9] Map 1, rank 29, beam 0, simulating beta 0.4
[MPI 0/9] Map 1, rank 29, beam 0, simulating beta 0.1
[MPI 8/9] Map 1, rank 29, beam 1, simulating beta 0.9
[MPI 6/9] Map 1, rank 29, beam 1, simulating beta 0.7
[MPI 7/9] Map 1, rank 29, beam 1, simulating beta 0.8
[MPI 4/9] Map 1, rank 29, beam 1, simulating beta 0.5
[MPI 2/9] Map 1, rank 29, beam 1, simulating beta 0.3
[MPI 3/9] Map 1, rank 29, beam 1, simulating beta 0.4
[MPI 0/9] Map 1, rank 29, beam 1, simulating beta 0.1
[MPI 1/9] Map 1, rank 29, beam 1, simulating beta 0.2
[MPI 5/9] Map 1, rank 29, beam 1, simulating beta 0.6
[MPI 8/9] Map 1, rank 29, beam 2, simulating beta 0.9
[MPI 7/9] Map 1, rank 29, beam 2, simulating beta 0.8
[MPI 6/9] Map 1, rank 29, beam 2, simulating beta 0.7
[MPI 3/9] Map 1, rank 29, beam 2, simulating beta 0.4
[MPI 1/9] Map 1, rank 29, beam 2, simulating beta 0.2
[MPI 4/9] Map 1, rank 29, beam 2, simulating beta 0.5
[MPI 0/9] Map 1, rank 29, beam 2, simulating beta 0.1
[MPI 2/9] Map 1, rank 29, beam 2, simulating beta 0.3
[MPI 5/9] Map 1, rank 29, beam 2, simulating beta 0.6
Map 1, rank 29: best beta=0.7, parent beam=0, weighted RMSE 6.6888 -> 6.5481, beam size=3, recorded samples=4
[MPI 1/9] Map 1, rank 30, beam 0, simulating beta 0.2
[MPI 7/9] Map 1, rank 30, beam 0, simulating beta 0.8
[MPI 0/9] Map 1, rank 30, beam 0, simulating beta 0.1
[MPI 3/9] Map 1, rank 30, beam 0, simulating beta 0.4
[MPI 5/9] Map 1, rank 30, beam 0, simulating beta 0.6
[MPI 6/9] Map 1, rank 30, beam 0, simulating beta 0.7
[MPI 8/9] Map 1, rank 30, beam 0, simulating beta 0.9
[MPI 2/9] Map 1, rank 30, beam 0, simulating beta 0.3
[MPI 4/9] Map 1, rank 30, beam 0, simulating beta 0.5
[MPI 6/9] Map 1, rank 30, beam 1, simulating beta 0.7
[MPI 8/9] Map 1, rank 30, beam 1, simulating beta 0.9
[MPI 7/9] Map 1, rank 30, beam 1, simulating beta 0.8
[MPI 4/9] Map 1, rank 30, beam 1, simulating beta 0.5
[MPI 1/9] Map 1, rank 30, beam 1, simulating beta 0.2
[MPI 3/9] Map 1, rank 30, beam 1, simulating beta 0.4
[MPI 2/9] Map 1, rank 30, beam 1, simulating beta 0.3
[MPI 0/9] Map 1, rank 30, beam 1, simulating beta 0.1
[MPI 5/9] Map 1, rank 30, beam 1, simulating beta 0.6
[MPI 6/9] Map 1, rank 30, beam 2, simulating beta 0.7
[MPI 8/9] Map 1, rank 30, beam 2, simulating beta 0.9
[MPI 7/9] Map 1, rank 30, beam 2, simulating beta 0.8
[MPI 4/9] Map 1, rank 30, beam 2, simulating beta 0.5
[MPI 3/9] Map 1, rank 30, beam 2, simulating beta 0.4
[MPI 1/9] Map 1, rank 30, beam 2, simulating beta 0.2
[MPI 2/9] Map 1, rank 30, beam 2, simulating beta 0.3
[MPI 5/9] Map 1, rank 30, beam 2, simulating beta 0.6
[MPI 0/9] Map 1, rank 30, beam 2, simulating beta 0.1
Map 1, rank 30: best beta=0.1, parent beam=1, weighted RMSE 6.5616 -> 6.4822, beam size=3, recorded samples=3
[MPI 3/9] Map 1, rank 31, beam 0, simulating beta 0.4
[MPI 6/9] Map 1, rank 31, beam 0, simulating beta 0.7
[MPI 7/9] Map 1, rank 31, beam 0, simulating beta 0.8
[MPI 8/9] Map 1, rank 31, beam 0, simulating beta 0.9
[MPI 1/9] Map 1, rank 31, beam 0, simulating beta 0.2
[MPI 2/9] Map 1, rank 31, beam 0, simulating beta 0.3
[MPI 4/9] Map 1, rank 31, beam 0, simulating beta 0.5
[MPI 5/9] Map 1, rank 31, beam 0, simulating beta 0.6
[MPI 0/9] Map 1, rank 31, beam 0, simulating beta 0.1
[MPI 8/9] Map 1, rank 31, beam 1, simulating beta 0.9
[MPI 6/9] Map 1, rank 31, beam 1, simulating beta 0.7
[MPI 7/9] Map 1, rank 31, beam 1, simulating beta 0.8
[MPI 3/9] Map 1, rank 31, beam 1, simulating beta 0.4
[MPI 0/9] Map 1, rank 31, beam 1, simulating beta 0.1
[MPI 1/9] Map 1, rank 31, beam 1, simulating beta 0.2
[MPI 2/9] Map 1, rank 31, beam 1, simulating beta 0.3
[MPI 4/9] Map 1, rank 31, beam 1, simulating beta 0.5
[MPI 5/9] Map 1, rank 31, beam 1, simulating beta 0.6
[MPI 8/9] Map 1, rank 31, beam 2, simulating beta 0.9
[MPI 6/9] Map 1, rank 31, beam 2, simulating beta 0.7
[MPI 7/9] Map 1, rank 31, beam 2, simulating beta 0.8
[MPI 3/9] Map 1, rank 31, beam 2, simulating beta 0.4
[MPI 0/9] Map 1, rank 31, beam 2, simulating beta 0.1
[MPI 2/9] Map 1, rank 31, beam 2, simulating beta 0.3
[MPI 4/9] Map 1, rank 31, beam 2, simulating beta 0.5
[MPI 1/9] Map 1, rank 31, beam 2, simulating beta 0.2
[MPI 5/9] Map 1, rank 31, beam 2, simulating beta 0.6
Map 1, rank 31: best beta=0.1, parent beam=0, weighted RMSE 6.4822 -> 6.4422, beam size=3, recorded samples=3
[MPI 6/9] Map 1, rank 32, beam 0, simulating beta 0.7
[MPI 7/9] Map 1, rank 32, beam 0, simulating beta 0.8
[MPI 8/9] Map 1, rank 32, beam 0, simulating beta 0.9
[MPI 3/9] Map 1, rank 32, beam 0, simulating beta 0.4
[MPI 5/9] Map 1, rank 32, beam 0, simulating beta 0.6
[MPI 0/9] Map 1, rank 32, beam 0, simulating beta 0.1
[MPI 1/9] Map 1, rank 32, beam 0, simulating beta 0.2
[MPI 2/9] Map 1, rank 32, beam 0, simulating beta 0.3
[MPI 4/9] Map 1, rank 32, beam 0, simulating beta 0.5
[MPI 3/9] Map 1, rank 32, beam 1, simulating beta 0.4
[MPI 5/9] Map 1, rank 32, beam 1, simulating beta 0.6
[MPI 6/9] Map 1, rank 32, beam 1, simulating beta 0.7
[MPI 8/9] Map 1, rank 32, beam 1, simulating beta 0.9
[MPI 0/9] Map 1, rank 32, beam 1, simulating beta 0.1
[MPI 7/9] Map 1, rank 32, beam 1, simulating beta 0.8
[MPI 2/9] Map 1, rank 32, beam 1, simulating beta 0.3
[MPI 4/9] Map 1, rank 32, beam 1, simulating beta 0.5
[MPI 1/9] Map 1, rank 32, beam 1, simulating beta 0.2
[MPI 3/9] Map 1, rank 32, beam 2, simulating beta 0.4
[MPI 5/9] Map 1, rank 32, beam 2, simulating beta 0.6
[MPI 6/9] Map 1, rank 32, beam 2, simulating beta 0.7
[MPI 8/9] Map 1, rank 32, beam 2, simulating beta 0.9
[MPI 7/9] Map 1, rank 32, beam 2, simulating beta 0.8
[MPI 0/9] Map 1, rank 32, beam 2, simulating beta 0.1
[MPI 2/9] Map 1, rank 32, beam 2, simulating beta 0.3
[MPI 4/9] Map 1, rank 32, beam 2, simulating beta 0.5
[MPI 1/9] Map 1, rank 32, beam 2, simulating beta 0.2
Map 1, rank 32: best beta=0.7, parent beam=2, weighted RMSE 6.4402 -> 6.3675, beam size=3, recorded samples=3
[MPI 3/9] Map 1, rank 33, beam 0, simulating beta 0.4
[MPI 5/9] Map 1, rank 33, beam 0, simulating beta 0.6
[MPI 6/9] Map 1, rank 33, beam 0, simulating beta 0.7
[MPI 7/9] Map 1, rank 33, beam 0, simulating beta 0.8
[MPI 0/9] Map 1, rank 33, beam 0, simulating beta 0.1
[MPI 1/9] Map 1, rank 33, beam 0, simulating beta 0.2
[MPI 2/9] Map 1, rank 33, beam 0, simulating beta 0.3
[MPI 4/9] Map 1, rank 33, beam 0, simulating beta 0.5
[MPI 8/9] Map 1, rank 33, beam 0, simulating beta 0.9
[MPI 8/9] Map 1, rank 33, beam 1, simulating beta 0.9
[MPI 7/9] Map 1, rank 33, beam 1, simulating beta 0.8
[MPI 0/9] Map 1, rank 33, beam 1, simulating beta 0.1
[MPI 6/9] Map 1, rank 33, beam 1, simulating beta 0.7
[MPI 2/9] Map 1, rank 33, beam 1, simulating beta 0.3
[MPI 3/9] Map 1, rank 33, beam 1, simulating beta 0.4
[MPI 4/9] Map 1, rank 33, beam 1, simulating beta 0.5
[MPI 5/9] Map 1, rank 33, beam 1, simulating beta 0.6
[MPI 1/9] Map 1, rank 33, beam 1, simulating beta 0.2
[MPI 8/9] Map 1, rank 33, beam 2, simulating beta 0.9
[MPI 7/9] Map 1, rank 33, beam 2, simulating beta 0.8
[MPI 3/9] Map 1, rank 33, beam 2, simulating beta 0.4
[MPI 5/9] Map 1, rank 33, beam 2, simulating beta 0.6
[MPI 6/9] Map 1, rank 33, beam 2, simulating beta 0.7
[MPI 2/9] Map 1, rank 33, beam 2, simulating beta 0.3
[MPI 4/9] Map 1, rank 33, beam 2, simulating beta 0.5
[MPI 0/9] Map 1, rank 33, beam 2, simulating beta 0.1
[MPI 1/9] Map 1, rank 33, beam 2, simulating beta 0.2
Map 1, rank 33: best beta=0.1, parent beam=1, weighted RMSE 6.3735 -> 6.3007, beam size=3, recorded samples=3
[MPI 3/9] Map 1, rank 34, beam 0, simulating beta 0.4
[MPI 6/9] Map 1, rank 34, beam 0, simulating beta 0.7
[MPI 7/9] Map 1, rank 34, beam 0, simulating beta 0.8
[MPI 5/9] Map 1, rank 34, beam 0, simulating beta 0.6
[MPI 8/9] Map 1, rank 34, beam 0, simulating beta 0.9
[MPI 0/9] Map 1, rank 34, beam 0, simulating beta 0.1
[MPI 1/9] Map 1, rank 34, beam 0, simulating beta 0.2
[MPI 2/9] Map 1, rank 34, beam 0, simulating beta 0.3
[MPI 4/9] Map 1, rank 34, beam 0, simulating beta 0.5
[MPI 8/9] Map 1, rank 34, beam 1, simulating beta 0.9
[MPI 6/9] Map 1, rank 34, beam 1, simulating beta 0.7
[MPI 7/9] Map 1, rank 34, beam 1, simulating beta 0.8
[MPI 0/9] Map 1, rank 34, beam 1, simulating beta 0.1
[MPI 2/9] Map 1, rank 34, beam 1, simulating beta 0.3
[MPI 3/9] Map 1, rank 34, beam 1, simulating beta 0.4
[MPI 4/9] Map 1, rank 34, beam 1, simulating beta 0.5
[MPI 5/9] Map 1, rank 34, beam 1, simulating beta 0.6
[MPI 1/9] Map 1, rank 34, beam 1, simulating beta 0.2
[MPI 8/9] Map 1, rank 34, beam 2, simulating beta 0.9
[MPI 6/9] Map 1, rank 34, beam 2, simulating beta 0.7
[MPI 7/9] Map 1, rank 34, beam 2, simulating beta 0.8
[MPI 0/9] Map 1, rank 34, beam 2, simulating beta 0.1
[MPI 3/9] Map 1, rank 34, beam 2, simulating beta 0.4
[MPI 2/9] Map 1, rank 34, beam 2, simulating beta 0.3
[MPI 4/9] Map 1, rank 34, beam 2, simulating beta 0.5
[MPI 1/9] Map 1, rank 34, beam 2, simulating beta 0.2
[MPI 5/9] Map 1, rank 34, beam 2, simulating beta 0.6
Map 1, rank 34: best beta=0.2, parent beam=0, weighted RMSE 6.3007 -> 6.2761, beam size=3, recorded samples=3
[MPI 5/9] Map 1, rank 35, beam 0, simulating beta 0.6
[MPI 1/9] Map 1, rank 35, beam 0, simulating beta 0.2
[MPI 4/9] Map 1, rank 35, beam 0, simulating beta 0.5
[MPI 6/9] Map 1, rank 35, beam 0, simulating beta 0.7
[MPI 2/9] Map 1, rank 35, beam 0, simulating beta 0.3
[MPI 3/9] Map 1, rank 35, beam 0, simulating beta 0.4
[MPI 7/9] Map 1, rank 35, beam 0, simulating beta 0.8
[MPI 8/9] Map 1, rank 35, beam 0, simulating beta 0.9
[MPI 0/9] Map 1, rank 35, beam 0, simulating beta 0.1
[MPI 8/9] Map 1, rank 35, beam 1, simulating beta 0.9
[MPI 3/9] Map 1, rank 35, beam 1, simulating beta 0.4
[MPI 6/9] Map 1, rank 35, beam 1, simulating beta 0.7
[MPI 7/9] Map 1, rank 35, beam 1, simulating beta 0.8
[MPI 4/9] Map 1, rank 35, beam 1, simulating beta 0.5
[MPI 0/9] Map 1, rank 35, beam 1, simulating beta 0.1
[MPI 2/9] Map 1, rank 35, beam 1, simulating beta 0.3
[MPI 1/9] Map 1, rank 35, beam 1, simulating beta 0.2
[MPI 5/9] Map 1, rank 35, beam 1, simulating beta 0.6
[MPI 8/9] Map 1, rank 35, beam 2, simulating beta 0.9
[MPI 3/9] Map 1, rank 35, beam 2, simulating beta 0.4
[MPI 6/9] Map 1, rank 35, beam 2, simulating beta 0.7
[MPI 7/9] Map 1, rank 35, beam 2, simulating beta 0.8
[MPI 0/9] Map 1, rank 35, beam 2, simulating beta 0.1
[MPI 4/9] Map 1, rank 35, beam 2, simulating beta 0.5
[MPI 2/9] Map 1, rank 35, beam 2, simulating beta 0.3
[MPI 5/9] Map 1, rank 35, beam 2, simulating beta 0.6
[MPI 1/9] Map 1, rank 35, beam 2, simulating beta 0.2
Map 1, rank 35: best beta=0.2, parent beam=0, weighted RMSE 6.2761 -> 6.2202, beam size=3, recorded samples=3
[MPI 5/9] Map 1, rank 36, beam 0, simulating beta 0.6
[MPI 6/9] Map 1, rank 36, beam 0, simulating beta 0.7
[MPI 7/9] Map 1, rank 36, beam 0, simulating beta 0.8
[MPI 1/9] Map 1, rank 36, beam 0, simulating beta 0.2
[MPI 2/9] Map 1, rank 36, beam 0, simulating beta 0.3
[MPI 3/9] Map 1, rank 36, beam 0, simulating beta 0.4
[MPI 4/9] Map 1, rank 36, beam 0, simulating beta 0.5
[MPI 8/9] Map 1, rank 36, beam 0, simulating beta 0.9
[MPI 0/9] Map 1, rank 36, beam 0, simulating beta 0.1
[MPI 1/9] Map 1, rank 36, beam 1, simulating beta 0.2
[MPI 7/9] Map 1, rank 36, beam 1, simulating beta 0.8
[MPI 6/9] Map 1, rank 36, beam 1, simulating beta 0.7
[MPI 8/9] Map 1, rank 36, beam 1, simulating beta 0.9
[MPI 4/9] Map 1, rank 36, beam 1, simulating beta 0.5
[MPI 0/9] Map 1, rank 36, beam 1, simulating beta 0.1
[MPI 2/9] Map 1, rank 36, beam 1, simulating beta 0.3
[MPI 3/9] Map 1, rank 36, beam 1, simulating beta 0.4
[MPI 5/9] Map 1, rank 36, beam 1, simulating beta 0.6
[MPI 1/9] Map 1, rank 36, beam 2, simulating beta 0.2
[MPI 7/9] Map 1, rank 36, beam 2, simulating beta 0.8
[MPI 6/9] Map 1, rank 36, beam 2, simulating beta 0.7
[MPI 8/9] Map 1, rank 36, beam 2, simulating beta 0.9
[MPI 4/9] Map 1, rank 36, beam 2, simulating beta 0.5
[MPI 3/9] Map 1, rank 36, beam 2, simulating beta 0.4
[MPI 2/9] Map 1, rank 36, beam 2, simulating beta 0.3
[MPI 0/9] Map 1, rank 36, beam 2, simulating beta 0.1
[MPI 5/9] Map 1, rank 36, beam 2, simulating beta 0.6
Map 1, rank 36: best beta=0.2, parent beam=0, weighted RMSE 6.2202 -> 6.1064, beam size=3, recorded samples=3
[MPI 3/9] Map 1, rank 37, beam 0, simulating beta 0.4
[MPI 6/9] Map 1, rank 37, beam 0, simulating beta 0.7
[MPI 7/9] Map 1, rank 37, beam 0, simulating beta 0.8
[MPI 8/9] Map 1, rank 37, beam 0, simulating beta 0.9
[MPI 0/9] Map 1, rank 37, beam 0, simulating beta 0.1
[MPI 1/9] Map 1, rank 37, beam 0, simulating beta 0.2
[MPI 2/9] Map 1, rank 37, beam 0, simulating beta 0.3
[MPI 4/9] Map 1, rank 37, beam 0, simulating beta 0.5
[MPI 5/9] Map 1, rank 37, beam 0, simulating beta 0.6
[MPI 1/9] Map 1, rank 37, beam 1, simulating beta 0.2
[MPI 3/9] Map 1, rank 37, beam 1, simulating beta 0.4
[MPI 4/9] Map 1, rank 37, beam 1, simulating beta 0.5
[MPI 8/9] Map 1, rank 37, beam 1, simulating beta 0.9
[MPI 0/9] Map 1, rank 37, beam 1, simulating beta 0.1
[MPI 6/9] Map 1, rank 37, beam 1, simulating beta 0.7
[MPI 7/9] Map 1, rank 37, beam 1, simulating beta 0.8
[MPI 2/9] Map 1, rank 37, beam 1, simulating beta 0.3
[MPI 5/9] Map 1, rank 37, beam 1, simulating beta 0.6
[MPI 1/9] Map 1, rank 37, beam 2, simulating beta 0.2
[MPI 3/9] Map 1, rank 37, beam 2, simulating beta 0.4
[MPI 4/9] Map 1, rank 37, beam 2, simulating beta 0.5
[MPI 8/9] Map 1, rank 37, beam 2, simulating beta 0.9
[MPI 6/9] Map 1, rank 37, beam 2, simulating beta 0.7
[MPI 0/9] Map 1, rank 37, beam 2, simulating beta 0.1
[MPI 7/9] Map 1, rank 37, beam 2, simulating beta 0.8
[MPI 2/9] Map 1, rank 37, beam 2, simulating beta 0.3
[MPI 5/9] Map 1, rank 37, beam 2, simulating beta 0.6
Map 1, rank 37: best beta=0.2, parent beam=0, weighted RMSE 6.1064 -> 6.0950, beam size=3, recorded samples=3
[MPI 1/9] Map 1, rank 38, beam 0, simulating beta 0.2
[MPI 8/9] Map 1, rank 38, beam 0, simulating beta 0.9
[MPI 0/9] Map 1, rank 38, beam 0, simulating beta 0.1
[MPI 2/9] Map 1, rank 38, beam 0, simulating beta 0.3
[MPI 3/9] Map 1, rank 38, beam 0, simulating beta 0.4
[MPI 4/9] Map 1, rank 38, beam 0, simulating beta 0.5
[MPI 5/9] Map 1, rank 38, beam 0, simulating beta 0.6
[MPI 6/9] Map 1, rank 38, beam 0, simulating beta 0.7
[MPI 7/9] Map 1, rank 38, beam 0, simulating beta 0.8
[MPI 7/9] Map 1, rank 38, beam 1, simulating beta 0.8
[MPI 6/9] Map 1, rank 38, beam 1, simulating beta 0.7
[MPI 8/9] Map 1, rank 38, beam 1, simulating beta 0.9
[MPI 4/9] Map 1, rank 38, beam 1, simulating beta 0.5
[MPI 0/9] Map 1, rank 38, beam 1, simulating beta 0.1
[MPI 3/9] Map 1, rank 38, beam 1, simulating beta 0.4
[MPI 1/9] Map 1, rank 38, beam 1, simulating beta 0.2
[MPI 5/9] Map 1, rank 38, beam 1, simulating beta 0.6
[MPI 2/9] Map 1, rank 38, beam 1, simulating beta 0.3
[MPI 7/9] Map 1, rank 38, beam 2, simulating beta 0.8
[MPI 6/9] Map 1, rank 38, beam 2, simulating beta 0.7
[MPI 8/9] Map 1, rank 38, beam 2, simulating beta 0.9
[MPI 4/9] Map 1, rank 38, beam 2, simulating beta 0.5
[MPI 0/9] Map 1, rank 38, beam 2, simulating beta 0.1
[MPI 3/9] Map 1, rank 38, beam 2, simulating beta 0.4
[MPI 1/9] Map 1, rank 38, beam 2, simulating beta 0.2
[MPI 5/9] Map 1, rank 38, beam 2, simulating beta 0.6
[MPI 2/9] Map 1, rank 38, beam 2, simulating beta 0.3
Map 1, rank 38: best beta=0.1, parent beam=2, weighted RMSE 6.1006 -> 6.0563, beam size=3, recorded samples=3
[MPI 3/9] Map 1, rank 39, beam 0, simulating beta 0.4
[MPI 7/9] Map 1, rank 39, beam 0, simulating beta 0.8
[MPI 8/9] Map 1, rank 39, beam 0, simulating beta 0.9
[MPI 1/9] Map 1, rank 39, beam 0, simulating beta 0.2
[MPI 6/9] Map 1, rank 39, beam 0, simulating beta 0.7
[MPI 0/9] Map 1, rank 39, beam 0, simulating beta 0.1
[MPI 5/9] Map 1, rank 39, beam 0, simulating beta 0.6
[MPI 2/9] Map 1, rank 39, beam 0, simulating beta 0.3
[MPI 4/9] Map 1, rank 39, beam 0, simulating beta 0.5
[MPI 6/9] Map 1, rank 39, beam 1, simulating beta 0.7
[MPI 7/9] Map 1, rank 39, beam 1, simulating beta 0.8
[MPI 4/9] Map 1, rank 39, beam 1, simulating beta 0.5
[MPI 8/9] Map 1, rank 39, beam 1, simulating beta 0.9
[MPI 0/9] Map 1, rank 39, beam 1, simulating beta 0.1
[MPI 1/9] Map 1, rank 39, beam 1, simulating beta 0.2
[MPI 2/9] Map 1, rank 39, beam 1, simulating beta 0.3
[MPI 3/9] Map 1, rank 39, beam 1, simulating beta 0.4
[MPI 5/9] Map 1, rank 39, beam 1, simulating beta 0.6
[MPI 6/9] Map 1, rank 39, beam 2, simulating beta 0.7
[MPI 7/9] Map 1, rank 39, beam 2, simulating beta 0.8
[MPI 4/9] Map 1, rank 39, beam 2, simulating beta 0.5
[MPI 8/9] Map 1, rank 39, beam 2, simulating beta 0.9
[MPI 0/9] Map 1, rank 39, beam 2, simulating beta 0.1
[MPI 3/9] Map 1, rank 39, beam 2, simulating beta 0.4
[MPI 1/9] Map 1, rank 39, beam 2, simulating beta 0.2
[MPI 5/9] Map 1, rank 39, beam 2, simulating beta 0.6
[MPI 2/9] Map 1, rank 39, beam 2, simulating beta 0.3
Map 1, rank 39: best beta=0.3, parent beam=1, weighted RMSE 6.0768 -> 6.0079, beam size=3, recorded samples=3
[MPI 0/9] Map 1, rank 40, beam 0, simulating beta 0.1
[MPI 1/9] Map 1, rank 40, beam 0, simulating beta 0.2
[MPI 2/9] Map 1, rank 40, beam 0, simulating beta 0.3
[MPI 3/9] Map 1, rank 40, beam 0, simulating beta 0.4
[MPI 4/9] Map 1, rank 40, beam 0, simulating beta 0.5
[MPI 5/9] Map 1, rank 40, beam 0, simulating beta 0.6
[MPI 6/9] Map 1, rank 40, beam 0, simulating beta 0.7
[MPI 7/9] Map 1, rank 40, beam 0, simulating beta 0.8
[MPI 8/9] Map 1, rank 40, beam 0, simulating beta 0.9
[MPI 8/9] Map 1, rank 40, beam 1, simulating beta 0.9
[MPI 1/9] Map 1, rank 40, beam 1, simulating beta 0.2
[MPI 3/9] Map 1, rank 40, beam 1, simulating beta 0.4
[MPI 0/9] Map 1, rank 40, beam 1, simulating beta 0.1
[MPI 6/9] Map 1, rank 40, beam 1, simulating beta 0.7
[MPI 2/9] Map 1, rank 40, beam 1, simulating beta 0.3
[MPI 4/9] Map 1, rank 40, beam 1, simulating beta 0.5
[MPI 5/9] Map 1, rank 40, beam 1, simulating beta 0.6
[MPI 7/9] Map 1, rank 40, beam 1, simulating beta 0.8
[MPI 8/9] Map 1, rank 40, beam 2, simulating beta 0.9
[MPI 1/9] Map 1, rank 40, beam 2, simulating beta 0.2
[MPI 3/9] Map 1, rank 40, beam 2, simulating beta 0.4
[MPI 0/9] Map 1, rank 40, beam 2, simulating beta 0.1
[MPI 6/9] Map 1, rank 40, beam 2, simulating beta 0.7
[MPI 7/9] Map 1, rank 40, beam 2, simulating beta 0.8
[MPI 2/9] Map 1, rank 40, beam 2, simulating beta 0.3
[MPI 4/9] Map 1, rank 40, beam 2, simulating beta 0.5
[MPI 5/9] Map 1, rank 40, beam 2, simulating beta 0.6
Map 1, rank 40: best beta=0.8, parent beam=0, weighted RMSE 6.0079 -> 5.9777, beam size=3, recorded samples=3
[MPI 6/9] Map 1, rank 41, beam 0, simulating beta 0.7
[MPI 3/9] Map 1, rank 41, beam 0, simulating beta 0.4
[MPI 7/9] Map 1, rank 41, beam 0, simulating beta 0.8
[MPI 8/9] Map 1, rank 41, beam 0, simulating beta 0.9
[MPI 1/9] Map 1, rank 41, beam 0, simulating beta 0.2
[MPI 2/9] Map 1, rank 41, beam 0, simulating beta 0.3
[MPI 5/9] Map 1, rank 41, beam 0, simulating beta 0.6
[MPI 4/9] Map 1, rank 41, beam 0, simulating beta 0.5
[MPI 0/9] Map 1, rank 41, beam 0, simulating beta 0.1
[MPI 8/9] Map 1, rank 41, beam 1, simulating beta 0.9
[MPI 3/9] Map 1, rank 41, beam 1, simulating beta 0.4
[MPI 0/9] Map 1, rank 41, beam 1, simulating beta 0.1
[MPI 6/9] Map 1, rank 41, beam 1, simulating beta 0.7
[MPI 7/9] Map 1, rank 41, beam 1, simulating beta 0.8
[MPI 1/9] Map 1, rank 41, beam 1, simulating beta 0.2
[MPI 2/9] Map 1, rank 41, beam 1, simulating beta 0.3
[MPI 4/9] Map 1, rank 41, beam 1, simulating beta 0.5
[MPI 5/9] Map 1, rank 41, beam 1, simulating beta 0.6
[MPI 8/9] Map 1, rank 41, beam 2, simulating beta 0.9
[MPI 3/9] Map 1, rank 41, beam 2, simulating beta 0.4
[MPI 0/9] Map 1, rank 41, beam 2, simulating beta 0.1
[MPI 6/9] Map 1, rank 41, beam 2, simulating beta 0.7
[MPI 7/9] Map 1, rank 41, beam 2, simulating beta 0.8
[MPI 1/9] Map 1, rank 41, beam 2, simulating beta 0.2
[MPI 4/9] Map 1, rank 41, beam 2, simulating beta 0.5
[MPI 5/9] Map 1, rank 41, beam 2, simulating beta 0.6
[MPI 2/9] Map 1, rank 41, beam 2, simulating beta 0.3
Map 1, rank 41: best beta=0.2, parent beam=0, weighted RMSE 5.9777 -> 5.9331, beam size=3, recorded samples=3
[MPI 3/9] Map 1, rank 42, beam 0, simulating beta 0.4
[MPI 5/9] Map 1, rank 42, beam 0, simulating beta 0.6
[MPI 6/9] Map 1, rank 42, beam 0, simulating beta 0.7
[MPI 7/9] Map 1, rank 42, beam 0, simulating beta 0.8
[MPI 8/9] Map 1, rank 42, beam 0, simulating beta 0.9
[MPI 1/9] Map 1, rank 42, beam 0, simulating beta 0.2
[MPI 0/9] Map 1, rank 42, beam 0, simulating beta 0.1
[MPI 2/9] Map 1, rank 42, beam 0, simulating beta 0.3
[MPI 4/9] Map 1, rank 42, beam 0, simulating beta 0.5
[MPI 8/9] Map 1, rank 42, beam 1, simulating beta 0.9
[MPI 6/9] Map 1, rank 42, beam 1, simulating beta 0.7
[MPI 3/9] Map 1, rank 42, beam 1, simulating beta 0.4
[MPI 0/9] Map 1, rank 42, beam 1, simulating beta 0.1
[MPI 1/9] Map 1, rank 42, beam 1, simulating beta 0.2
[MPI 4/9] Map 1, rank 42, beam 1, simulating beta 0.5
[MPI 5/9] Map 1, rank 42, beam 1, simulating beta 0.6
[MPI 7/9] Map 1, rank 42, beam 1, simulating beta 0.8
[MPI 2/9] Map 1, rank 42, beam 1, simulating beta 0.3
[MPI 8/9] Map 1, rank 42, beam 2, simulating beta 0.9
[MPI 6/9] Map 1, rank 42, beam 2, simulating beta 0.7
[MPI 3/9] Map 1, rank 42, beam 2, simulating beta 0.4
[MPI 4/9] Map 1, rank 42, beam 2, simulating beta 0.5
[MPI 7/9] Map 1, rank 42, beam 2, simulating beta 0.8
[MPI 5/9] Map 1, rank 42, beam 2, simulating beta 0.6
[MPI 0/9] Map 1, rank 42, beam 2, simulating beta 0.1
[MPI 1/9] Map 1, rank 42, beam 2, simulating beta 0.2
[MPI 2/9] Map 1, rank 42, beam 2, simulating beta 0.3
Map 1, rank 42: best beta=0.2, parent beam=2, weighted RMSE 5.9465 -> 5.8361, beam size=3, recorded samples=4
[MPI 1/9] Map 1, rank 43, beam 0, simulating beta 0.2
[MPI 3/9] Map 1, rank 43, beam 0, simulating beta 0.4
[MPI 6/9] Map 1, rank 43, beam 0, simulating beta 0.7
[MPI 7/9] Map 1, rank 43, beam 0, simulating beta 0.8
[MPI 8/9] Map 1, rank 43, beam 0, simulating beta 0.9
[MPI 0/9] Map 1, rank 43, beam 0, simulating beta 0.1
[MPI 2/9] Map 1, rank 43, beam 0, simulating beta 0.3
[MPI 4/9] Map 1, rank 43, beam 0, simulating beta 0.5
[MPI 5/9] Map 1, rank 43, beam 0, simulating beta 0.6
[MPI 1/9] Map 1, rank 43, beam 1, simulating beta 0.2
[MPI 8/9] Map 1, rank 43, beam 1, simulating beta 0.9
[MPI 0/9] Map 1, rank 43, beam 1, simulating beta 0.1
[MPI 6/9] Map 1, rank 43, beam 1, simulating beta 0.7
[MPI 3/9] Map 1, rank 43, beam 1, simulating beta 0.4
[MPI 7/9] Map 1, rank 43, beam 1, simulating beta 0.8
[MPI 4/9] Map 1, rank 43, beam 1, simulating beta 0.5
[MPI 5/9] Map 1, rank 43, beam 1, simulating beta 0.6
[MPI 2/9] Map 1, rank 43, beam 1, simulating beta 0.3
[MPI 1/9] Map 1, rank 43, beam 2, simulating beta 0.2
[MPI 8/9] Map 1, rank 43, beam 2, simulating beta 0.9
[MPI 0/9] Map 1, rank 43, beam 2, simulating beta 0.1
[MPI 6/9] Map 1, rank 43, beam 2, simulating beta 0.7
[MPI 7/9] Map 1, rank 43, beam 2, simulating beta 0.8
[MPI 3/9] Map 1, rank 43, beam 2, simulating beta 0.4
[MPI 4/9] Map 1, rank 43, beam 2, simulating beta 0.5
[MPI 2/9] Map 1, rank 43, beam 2, simulating beta 0.3
[MPI 5/9] Map 1, rank 43, beam 2, simulating beta 0.6
Map 1, rank 43: best beta=0.2, parent beam=0, weighted RMSE 5.8361 -> 5.7907, beam size=3, recorded samples=3
[MPI 6/9] Map 1, rank 44, beam 0, simulating beta 0.7
[MPI 7/9] Map 1, rank 44, beam 0, simulating beta 0.8
[MPI 3/9] Map 1, rank 44, beam 0, simulating beta 0.4
[MPI 5/9] Map 1, rank 44, beam 0, simulating beta 0.6
[MPI 8/9] Map 1, rank 44, beam 0, simulating beta 0.9
[MPI 1/9] Map 1, rank 44, beam 0, simulating beta 0.2
[MPI 4/9] Map 1, rank 44, beam 0, simulating beta 0.5
[MPI 0/9] Map 1, rank 44, beam 0, simulating beta 0.1
[MPI 2/9] Map 1, rank 44, beam 0, simulating beta 0.3
[MPI 1/9] Map 1, rank 44, beam 1, simulating beta 0.2
[MPI 0/9] Map 1, rank 44, beam 1, simulating beta 0.1
[MPI 7/9] Map 1, rank 44, beam 1, simulating beta 0.8
[MPI 8/9] Map 1, rank 44, beam 1, simulating beta 0.9
[MPI 3/9] Map 1, rank 44, beam 1, simulating beta 0.4
[MPI 4/9] Map 1, rank 44, beam 1, simulating beta 0.5
[MPI 5/9] Map 1, rank 44, beam 1, simulating beta 0.6
[MPI 6/9] Map 1, rank 44, beam 1, simulating beta 0.7
[MPI 2/9] Map 1, rank 44, beam 1, simulating beta 0.3
[MPI 1/9] Map 1, rank 44, beam 2, simulating beta 0.2
[MPI 7/9] Map 1, rank 44, beam 2, simulating beta 0.8
[MPI 8/9] Map 1, rank 44, beam 2, simulating beta 0.9
[MPI 3/9] Map 1, rank 44, beam 2, simulating beta 0.4
[MPI 0/9] Map 1, rank 44, beam 2, simulating beta 0.1
[MPI 4/9] Map 1, rank 44, beam 2, simulating beta 0.5
[MPI 5/9] Map 1, rank 44, beam 2, simulating beta 0.6
[MPI 6/9] Map 1, rank 44, beam 2, simulating beta 0.7
[MPI 2/9] Map 1, rank 44, beam 2, simulating beta 0.3
Map 1, rank 44: best beta=0.1, parent beam=0, weighted RMSE 5.7907 -> 5.7236, beam size=3, recorded samples=3
[MPI 1/9] Map 1, rank 45, beam 0, simulating beta 0.2
[MPI 6/9] Map 1, rank 45, beam 0, simulating beta 0.7
[MPI 7/9] Map 1, rank 45, beam 0, simulating beta 0.8
[MPI 3/9] Map 1, rank 45, beam 0, simulating beta 0.4
[MPI 4/9] Map 1, rank 45, beam 0, simulating beta 0.5
[MPI 5/9] Map 1, rank 45, beam 0, simulating beta 0.6
[MPI 8/9] Map 1, rank 45, beam 0, simulating beta 0.9
[MPI 2/9] Map 1, rank 45, beam 0, simulating beta 0.3
[MPI 0/9] Map 1, rank 45, beam 0, simulating beta 0.1
[MPI 6/9] Map 1, rank 45, beam 1, simulating beta 0.7
[MPI 8/9] Map 1, rank 45, beam 1, simulating beta 0.9
[MPI 3/9] Map 1, rank 45, beam 1, simulating beta 0.4
[MPI 2/9] Map 1, rank 45, beam 1, simulating beta 0.3
[MPI 0/9] Map 1, rank 45, beam 1, simulating beta 0.1
[MPI 1/9] Map 1, rank 45, beam 1, simulating beta 0.2
[MPI 4/9] Map 1, rank 45, beam 1, simulating beta 0.5
[MPI 5/9] Map 1, rank 45, beam 1, simulating beta 0.6
[MPI 7/9] Map 1, rank 45, beam 1, simulating beta 0.8
[MPI 6/9] Map 1, rank 45, beam 2, simulating beta 0.7
[MPI 8/9] Map 1, rank 45, beam 2, simulating beta 0.9
[MPI 3/9] Map 1, rank 45, beam 2, simulating beta 0.4
[MPI 7/9] Map 1, rank 45, beam 2, simulating beta 0.8
[MPI 4/9] Map 1, rank 45, beam 2, simulating beta 0.5
[MPI 1/9] Map 1, rank 45, beam 2, simulating beta 0.2
[MPI 2/9] Map 1, rank 45, beam 2, simulating beta 0.3
[MPI 5/9] Map 1, rank 45, beam 2, simulating beta 0.6
[MPI 0/9] Map 1, rank 45, beam 2, simulating beta 0.1
Map 1, rank 45: best beta=0.2, parent beam=0, weighted RMSE 5.7236 -> 5.6747, beam size=3, recorded samples=3
[MPI 3/9] Map 1, rank 46, beam 0, simulating beta 0.4
[MPI 5/9] Map 1, rank 46, beam 0, simulating beta 0.6
[MPI 6/9] Map 1, rank 46, beam 0, simulating beta 0.7
[MPI 1/9] Map 1, rank 46, beam 0, simulating beta 0.2
[MPI 7/9] Map 1, rank 46, beam 0, simulating beta 0.8
[MPI 8/9] Map 1, rank 46, beam 0, simulating beta 0.9
[MPI 0/9] Map 1, rank 46, beam 0, simulating beta 0.1
[MPI 2/9] Map 1, rank 46, beam 0, simulating beta 0.3
[MPI 4/9] Map 1, rank 46, beam 0, simulating beta 0.5
[MPI 8/9] Map 1, rank 46, beam 1, simulating beta 0.9
[MPI 7/9] Map 1, rank 46, beam 1, simulating beta 0.8
[MPI 1/9] Map 1, rank 46, beam 1, simulating beta 0.2
[MPI 6/9] Map 1, rank 46, beam 1, simulating beta 0.7
[MPI 3/9] Map 1, rank 46, beam 1, simulating beta 0.4
[MPI 4/9] Map 1, rank 46, beam 1, simulating beta 0.5
[MPI 2/9] Map 1, rank 46, beam 1, simulating beta 0.3
[MPI 5/9] Map 1, rank 46, beam 1, simulating beta 0.6
[MPI 0/9] Map 1, rank 46, beam 1, simulating beta 0.1
[MPI 8/9] Map 1, rank 46, beam 2, simulating beta 0.9
[MPI 7/9] Map 1, rank 46, beam 2, simulating beta 0.8
[MPI 6/9] Map 1, rank 46, beam 2, simulating beta 0.7
[MPI 1/9] Map 1, rank 46, beam 2, simulating beta 0.2
[MPI 3/9] Map 1, rank 46, beam 2, simulating beta 0.4
[MPI 4/9] Map 1, rank 46, beam 2, simulating beta 0.5
[MPI 5/9] Map 1, rank 46, beam 2, simulating beta 0.6
[MPI 0/9] Map 1, rank 46, beam 2, simulating beta 0.1
[MPI 2/9] Map 1, rank 46, beam 2, simulating beta 0.3
Map 1, rank 46: best beta=0.2, parent beam=0, weighted RMSE 5.6747 -> 5.6366, beam size=3, recorded samples=3
[MPI 3/9] Map 1, rank 47, beam 0, simulating beta 0.4
[MPI 6/9] Map 1, rank 47, beam 0, simulating beta 0.7
[MPI 1/9] Map 1, rank 47, beam 0, simulating beta 0.2
[MPI 2/9] Map 1, rank 47, beam 0, simulating beta 0.3
[MPI 5/9] Map 1, rank 47, beam 0, simulating beta 0.6
[MPI 7/9] Map 1, rank 47, beam 0, simulating beta 0.8
[MPI 8/9] Map 1, rank 47, beam 0, simulating beta 0.9
[MPI 4/9] Map 1, rank 47, beam 0, simulating beta 0.5
[MPI 0/9] Map 1, rank 47, beam 0, simulating beta 0.1
[MPI 8/9] Map 1, rank 47, beam 1, simulating beta 0.9
[MPI 7/9] Map 1, rank 47, beam 1, simulating beta 0.8
[MPI 3/9] Map 1, rank 47, beam 1, simulating beta 0.4
[MPI 1/9] Map 1, rank 47, beam 1, simulating beta 0.2
[MPI 6/9] Map 1, rank 47, beam 1, simulating beta 0.7
[MPI 4/9] Map 1, rank 47, beam 1, simulating beta 0.5
[MPI 2/9] Map 1, rank 47, beam 1, simulating beta 0.3
[MPI 0/9] Map 1, rank 47, beam 1, simulating beta 0.1
[MPI 5/9] Map 1, rank 47, beam 1, simulating beta 0.6
[MPI 8/9] Map 1, rank 47, beam 2, simulating beta 0.9
[MPI 7/9] Map 1, rank 47, beam 2, simulating beta 0.8
[MPI 3/9] Map 1, rank 47, beam 2, simulating beta 0.4
[MPI 6/9] Map 1, rank 47, beam 2, simulating beta 0.7
[MPI 1/9] Map 1, rank 47, beam 2, simulating beta 0.2
[MPI 4/9] Map 1, rank 47, beam 2, simulating beta 0.5
[MPI 0/9] Map 1, rank 47, beam 2, simulating beta 0.1
[MPI 2/9] Map 1, rank 47, beam 2, simulating beta 0.3
[MPI 5/9] Map 1, rank 47, beam 2, simulating beta 0.6
Map 1, rank 47: best beta=0.1, parent beam=0, weighted RMSE 5.6366 -> 5.6033, beam size=3, recorded samples=3
[MPI 1/9] Map 1, rank 48, beam 0, simulating beta 0.2
[MPI 3/9] Map 1, rank 48, beam 0, simulating beta 0.4
[MPI 5/9] Map 1, rank 48, beam 0, simulating beta 0.6
[MPI 6/9] Map 1, rank 48, beam 0, simulating beta 0.7
[MPI 7/9] Map 1, rank 48, beam 0, simulating beta 0.8
[MPI 8/9] Map 1, rank 48, beam 0, simulating beta 0.9
[MPI 2/9] Map 1, rank 48, beam 0, simulating beta 0.3
[MPI 4/9] Map 1, rank 48, beam 0, simulating beta 0.5
[MPI 0/9] Map 1, rank 48, beam 0, simulating beta 0.1
[MPI 1/9] Map 1, rank 48, beam 1, simulating beta 0.2
[MPI 4/9] Map 1, rank 48, beam 1, simulating beta 0.5
[MPI 8/9] Map 1, rank 48, beam 1, simulating beta 0.9
[MPI 3/9] Map 1, rank 48, beam 1, simulating beta 0.4
[MPI 0/9] Map 1, rank 48, beam 1, simulating beta 0.1
[MPI 6/9] Map 1, rank 48, beam 1, simulating beta 0.7
[MPI 7/9] Map 1, rank 48, beam 1, simulating beta 0.8
[MPI 2/9] Map 1, rank 48, beam 1, simulating beta 0.3
[MPI 5/9] Map 1, rank 48, beam 1, simulating beta 0.6
[MPI 1/9] Map 1, rank 48, beam 2, simulating beta 0.2
[MPI 4/9] Map 1, rank 48, beam 2, simulating beta 0.5
[MPI 8/9] Map 1, rank 48, beam 2, simulating beta 0.9
[MPI 3/9] Map 1, rank 48, beam 2, simulating beta 0.4
[MPI 6/9] Map 1, rank 48, beam 2, simulating beta 0.7
[MPI 2/9] Map 1, rank 48, beam 2, simulating beta 0.3
[MPI 7/9] Map 1, rank 48, beam 2, simulating beta 0.8
[MPI 0/9] Map 1, rank 48, beam 2, simulating beta 0.1
[MPI 5/9] Map 1, rank 48, beam 2, simulating beta 0.6
Map 1, rank 48: best beta=0.1, parent beam=0, weighted RMSE 5.6033 -> 5.5386, beam size=3, recorded samples=3
[MPI 6/9] Map 1, rank 49, beam 0, simulating beta 0.7
[MPI 3/9] Map 1, rank 49, beam 0, simulating beta 0.4
[MPI 8/9] Map 1, rank 49, beam 0, simulating beta 0.9
[MPI 5/9] Map 1, rank 49, beam 0, simulating beta 0.6
[MPI 1/9] Map 1, rank 49, beam 0, simulating beta 0.2
[MPI 7/9] Map 1, rank 49, beam 0, simulating beta 0.8
[MPI 2/9] Map 1, rank 49, beam 0, simulating beta 0.3
[MPI 4/9] Map 1, rank 49, beam 0, simulating beta 0.5
[MPI 0/9] Map 1, rank 49, beam 0, simulating beta 0.1
[MPI 3/9] Map 1, rank 49, beam 1, simulating beta 0.4
[MPI 6/9] Map 1, rank 49, beam 1, simulating beta 0.7
[MPI 8/9] Map 1, rank 49, beam 1, simulating beta 0.9
[MPI 7/9] Map 1, rank 49, beam 1, simulating beta 0.8
[MPI 0/9] Map 1, rank 49, beam 1, simulating beta 0.1
[MPI 1/9] Map 1, rank 49, beam 1, simulating beta 0.2
[MPI 4/9] Map 1, rank 49, beam 1, simulating beta 0.5
[MPI 5/9] Map 1, rank 49, beam 1, simulating beta 0.6
[MPI 2/9] Map 1, rank 49, beam 1, simulating beta 0.3
[MPI 3/9] Map 1, rank 49, beam 2, simulating beta 0.4
[MPI 6/9] Map 1, rank 49, beam 2, simulating beta 0.7
[MPI 8/9] Map 1, rank 49, beam 2, simulating beta 0.9
[MPI 7/9] Map 1, rank 49, beam 2, simulating beta 0.8
[MPI 4/9] Map 1, rank 49, beam 2, simulating beta 0.5
[MPI 5/9] Map 1, rank 49, beam 2, simulating beta 0.6
[MPI 1/9] Map 1, rank 49, beam 2, simulating beta 0.2
[MPI 2/9] Map 1, rank 49, beam 2, simulating beta 0.3
[MPI 0/9] Map 1, rank 49, beam 2, simulating beta 0.1
Map 1, rank 49: best beta=0.1, parent beam=0, weighted RMSE 5.5386 -> 5.4956, beam size=3, recorded samples=3
[MPI 3/9] Map 1, rank 50, beam 0, simulating beta 0.4
[MPI 6/9] Map 1, rank 50, beam 0, simulating beta 0.7
[MPI 7/9] Map 1, rank 50, beam 0, simulating beta 0.8
[MPI 1/9] Map 1, rank 50, beam 0, simulating beta 0.2
[MPI 8/9] Map 1, rank 50, beam 0, simulating beta 0.9
[MPI 5/9] Map 1, rank 50, beam 0, simulating beta 0.6
[MPI 4/9] Map 1, rank 50, beam 0, simulating beta 0.5
[MPI 2/9] Map 1, rank 50, beam 0, simulating beta 0.3
[MPI 0/9] Map 1, rank 50, beam 0, simulating beta 0.1
[MPI 8/9] Map 1, rank 50, beam 1, simulating beta 0.9
[MPI 4/9] Map 1, rank 50, beam 1, simulating beta 0.5
[MPI 6/9] Map 1, rank 50, beam 1, simulating beta 0.7
[MPI 0/9] Map 1, rank 50, beam 1, simulating beta 0.1
[MPI 1/9] Map 1, rank 50, beam 1, simulating beta 0.2
[MPI 2/9] Map 1, rank 50, beam 1, simulating beta 0.3
[MPI 7/9] Map 1, rank 50, beam 1, simulating beta 0.8
[MPI 3/9] Map 1, rank 50, beam 1, simulating beta 0.4
[MPI 5/9] Map 1, rank 50, beam 1, simulating beta 0.6
[MPI 8/9] Map 1, rank 50, beam 2, simulating beta 0.9
[MPI 4/9] Map 1, rank 50, beam 2, simulating beta 0.5
[MPI 6/9] Map 1, rank 50, beam 2, simulating beta 0.7
[MPI 7/9] Map 1, rank 50, beam 2, simulating beta 0.8
[MPI 3/9] Map 1, rank 50, beam 2, simulating beta 0.4
[MPI 0/9] Map 1, rank 50, beam 2, simulating beta 0.1
[MPI 5/9] Map 1, rank 50, beam 2, simulating beta 0.6
[MPI 1/9] Map 1, rank 50, beam 2, simulating beta 0.2
[MPI 2/9] Map 1, rank 50, beam 2, simulating beta 0.3
Map 1, rank 50: best beta=0.4, parent beam=0, weighted RMSE 5.4956 -> 5.4656, beam size=3, recorded samples=3
[MPI 6/9] Map 1, rank 51, beam 0, simulating beta 0.7
[MPI 5/9] Map 1, rank 51, beam 0, simulating beta 0.6
[MPI 3/9] Map 1, rank 51, beam 0, simulating beta 0.4
[MPI 8/9] Map 1, rank 51, beam 0, simulating beta 0.9
[MPI 0/9] Map 1, rank 51, beam 0, simulating beta 0.1
[MPI 1/9] Map 1, rank 51, beam 0, simulating beta 0.2
[MPI 2/9] Map 1, rank 51, beam 0, simulating beta 0.3
[MPI 4/9] Map 1, rank 51, beam 0, simulating beta 0.5
[MPI 7/9] Map 1, rank 51, beam 0, simulating beta 0.8
[MPI 6/9] Map 1, rank 51, beam 1, simulating beta 0.7
[MPI 3/9] Map 1, rank 51, beam 1, simulating beta 0.4
[MPI 8/9] Map 1, rank 51, beam 1, simulating beta 0.9
[MPI 7/9] Map 1, rank 51, beam 1, simulating beta 0.8
[MPI 4/9] Map 1, rank 51, beam 1, simulating beta 0.5
[MPI 0/9] Map 1, rank 51, beam 1, simulating beta 0.1
[MPI 1/9] Map 1, rank 51, beam 1, simulating beta 0.2
[MPI 2/9] Map 1, rank 51, beam 1, simulating beta 0.3
[MPI 5/9] Map 1, rank 51, beam 1, simulating beta 0.6
[MPI 6/9] Map 1, rank 51, beam 2, simulating beta 0.7
[MPI 3/9] Map 1, rank 51, beam 2, simulating beta 0.4
[MPI 8/9] Map 1, rank 51, beam 2, simulating beta 0.9
[MPI 7/9] Map 1, rank 51, beam 2, simulating beta 0.8
[MPI 4/9] Map 1, rank 51, beam 2, simulating beta 0.5
[MPI 5/9] Map 1, rank 51, beam 2, simulating beta 0.6
[MPI 2/9] Map 1, rank 51, beam 2, simulating beta 0.3
[MPI 1/9] Map 1, rank 51, beam 2, simulating beta 0.2
[MPI 0/9] Map 1, rank 51, beam 2, simulating beta 0.1
Map 1, rank 51: best beta=0.1, parent beam=2, weighted RMSE 5.4685 -> 5.4217, beam size=3, recorded samples=3
[MPI 6/9] Map 1, rank 52, beam 0, simulating beta 0.7
[MPI 7/9] Map 1, rank 52, beam 0, simulating beta 0.8
[MPI 1/9] Map 1, rank 52, beam 0, simulating beta 0.2
[MPI 5/9] Map 1, rank 52, beam 0, simulating beta 0.6
[MPI 8/9] Map 1, rank 52, beam 0, simulating beta 0.9
[MPI 4/9] Map 1, rank 52, beam 0, simulating beta 0.5
[MPI 3/9] Map 1, rank 52, beam 0, simulating beta 0.4
[MPI 0/9] Map 1, rank 52, beam 0, simulating beta 0.1
[MPI 2/9] Map 1, rank 52, beam 0, simulating beta 0.3
[MPI 1/9] Map 1, rank 52, beam 1, simulating beta 0.2
[MPI 4/9] Map 1, rank 52, beam 1, simulating beta 0.5
[MPI 6/9] Map 1, rank 52, beam 1, simulating beta 0.7
[MPI 7/9] Map 1, rank 52, beam 1, simulating beta 0.8
[MPI 8/9] Map 1, rank 52, beam 1, simulating beta 0.9
[MPI 3/9] Map 1, rank 52, beam 1, simulating beta 0.4
[MPI 2/9] Map 1, rank 52, beam 1, simulating beta 0.3
[MPI 0/9] Map 1, rank 52, beam 1, simulating beta 0.1
[MPI 5/9] Map 1, rank 52, beam 1, simulating beta 0.6
[MPI 1/9] Map 1, rank 52, beam 2, simulating beta 0.2
[MPI 4/9] Map 1, rank 52, beam 2, simulating beta 0.5
[MPI 6/9] Map 1, rank 52, beam 2, simulating beta 0.7
[MPI 3/9] Map 1, rank 52, beam 2, simulating beta 0.4
[MPI 8/9] Map 1, rank 52, beam 2, simulating beta 0.9
[MPI 2/9] Map 1, rank 52, beam 2, simulating beta 0.3
[MPI 7/9] Map 1, rank 52, beam 2, simulating beta 0.8
[MPI 0/9] Map 1, rank 52, beam 2, simulating beta 0.1
[MPI 5/9] Map 1, rank 52, beam 2, simulating beta 0.6
Map 1, rank 52: best beta=0.2, parent beam=0, weighted RMSE 5.4217 -> 5.4003, beam size=3, recorded samples=3
[MPI 3/9] Map 1, rank 53, beam 0, simulating beta 0.4
[MPI 7/9] Map 1, rank 53, beam 0, simulating beta 0.8
[MPI 5/9] Map 1, rank 53, beam 0, simulating beta 0.6
[MPI 6/9] Map 1, rank 53, beam 0, simulating beta 0.7
[MPI 2/9] Map 1, rank 53, beam 0, simulating beta 0.3
[MPI 8/9] Map 1, rank 53, beam 0, simulating beta 0.9
[MPI 1/9] Map 1, rank 53, beam 0, simulating beta 0.2
[MPI 4/9] Map 1, rank 53, beam 0, simulating beta 0.5
[MPI 0/9] Map 1, rank 53, beam 0, simulating beta 0.1
[MPI 8/9] Map 1, rank 53, beam 1, simulating beta 0.9
[MPI 6/9] Map 1, rank 53, beam 1, simulating beta 0.7
[MPI 4/9] Map 1, rank 53, beam 1, simulating beta 0.5
[MPI 2/9] Map 1, rank 53, beam 1, simulating beta 0.3
[MPI 3/9] Map 1, rank 53, beam 1, simulating beta 0.4
[MPI 7/9] Map 1, rank 53, beam 1, simulating beta 0.8
[MPI 0/9] Map 1, rank 53, beam 1, simulating beta 0.1
[MPI 1/9] Map 1, rank 53, beam 1, simulating beta 0.2
[MPI 5/9] Map 1, rank 53, beam 1, simulating beta 0.6
[MPI 8/9] Map 1, rank 53, beam 2, simulating beta 0.9
[MPI 6/9] Map 1, rank 53, beam 2, simulating beta 0.7
[MPI 7/9] Map 1, rank 53, beam 2, simulating beta 0.8
[MPI 4/9] Map 1, rank 53, beam 2, simulating beta 0.5
[MPI 3/9] Map 1, rank 53, beam 2, simulating beta 0.4
[MPI 5/9] Map 1, rank 53, beam 2, simulating beta 0.6
[MPI 0/9] Map 1, rank 53, beam 2, simulating beta 0.1
[MPI 2/9] Map 1, rank 53, beam 2, simulating beta 0.3
[MPI 1/9] Map 1, rank 53, beam 2, simulating beta 0.2
Map 1, rank 53: best beta=0.1, parent beam=0, weighted RMSE 5.4003 -> 5.3781, beam size=3, recorded samples=3
[MPI 0/9] Map 1, rank 54, beam 0, simulating beta 0.1
[MPI 1/9] Map 1, rank 54, beam 0, simulating beta 0.2
[MPI 2/9] Map 1, rank 54, beam 0, simulating beta 0.3
[MPI 3/9] Map 1, rank 54, beam 0, simulating beta 0.4
[MPI 4/9] Map 1, rank 54, beam 0, simulating beta 0.5
[MPI 5/9] Map 1, rank 54, beam 0, simulating beta 0.6
[MPI 6/9] Map 1, rank 54, beam 0, simulating beta 0.7
[MPI 7/9] Map 1, rank 54, beam 0, simulating beta 0.8
[MPI 8/9] Map 1, rank 54, beam 0, simulating beta 0.9
[MPI 7/9] Map 1, rank 54, beam 1, simulating beta 0.8
[MPI 8/9] Map 1, rank 54, beam 1, simulating beta 0.9
[MPI 6/9] Map 1, rank 54, beam 1, simulating beta 0.7
[MPI 0/9] Map 1, rank 54, beam 1, simulating beta 0.1
[MPI 2/9] Map 1, rank 54, beam 1, simulating beta 0.3
[MPI 3/9] Map 1, rank 54, beam 1, simulating beta 0.4
[MPI 4/9] Map 1, rank 54, beam 1, simulating beta 0.5
[MPI 1/9] Map 1, rank 54, beam 1, simulating beta 0.2
[MPI 5/9] Map 1, rank 54, beam 1, simulating beta 0.6
[MPI 7/9] Map 1, rank 54, beam 2, simulating beta 0.8
[MPI 8/9] Map 1, rank 54, beam 2, simulating beta 0.9
[MPI 6/9] Map 1, rank 54, beam 2, simulating beta 0.7
[MPI 1/9] Map 1, rank 54, beam 2, simulating beta 0.2
[MPI 4/9] Map 1, rank 54, beam 2, simulating beta 0.5
[MPI 0/9] Map 1, rank 54, beam 2, simulating beta 0.1
[MPI 3/9] Map 1, rank 54, beam 2, simulating beta 0.4
[MPI 2/9] Map 1, rank 54, beam 2, simulating beta 0.3
[MPI 5/9] Map 1, rank 54, beam 2, simulating beta 0.6
Map 1, rank 54: best beta=0.1, parent beam=1, weighted RMSE 5.3804 -> 5.3469, beam size=3, recorded samples=3
[MPI 6/9] Map 1, rank 55, beam 0, simulating beta 0.7
[MPI 3/9] Map 1, rank 55, beam 0, simulating beta 0.4
[MPI 7/9] Map 1, rank 55, beam 0, simulating beta 0.8
[MPI 8/9] Map 1, rank 55, beam 0, simulating beta 0.9
[MPI 1/9] Map 1, rank 55, beam 0, simulating beta 0.2
[MPI 2/9] Map 1, rank 55, beam 0, simulating beta 0.3
[MPI 4/9] Map 1, rank 55, beam 0, simulating beta 0.5
[MPI 5/9] Map 1, rank 55, beam 0, simulating beta 0.6
[MPI 0/9] Map 1, rank 55, beam 0, simulating beta 0.1
[MPI 6/9] Map 1, rank 55, beam 1, simulating beta 0.7
[MPI 7/9] Map 1, rank 55, beam 1, simulating beta 0.8
[MPI 8/9] Map 1, rank 55, beam 1, simulating beta 0.9
[MPI 0/9] Map 1, rank 55, beam 1, simulating beta 0.1
[MPI 1/9] Map 1, rank 55, beam 1, simulating beta 0.2
[MPI 2/9] Map 1, rank 55, beam 1, simulating beta 0.3
[MPI 3/9] Map 1, rank 55, beam 1, simulating beta 0.4
[MPI 4/9] Map 1, rank 55, beam 1, simulating beta 0.5
[MPI 5/9] Map 1, rank 55, beam 1, simulating beta 0.6
[MPI 6/9] Map 1, rank 55, beam 2, simulating beta 0.7
[MPI 7/9] Map 1, rank 55, beam 2, simulating beta 0.8
[MPI 8/9] Map 1, rank 55, beam 2, simulating beta 0.9
[MPI 0/9] Map 1, rank 55, beam 2, simulating beta 0.1
[MPI 2/9] Map 1, rank 55, beam 2, simulating beta 0.3
[MPI 4/9] Map 1, rank 55, beam 2, simulating beta 0.5
[MPI 1/9] Map 1, rank 55, beam 2, simulating beta 0.2
[MPI 3/9] Map 1, rank 55, beam 2, simulating beta 0.4
[MPI 5/9] Map 1, rank 55, beam 2, simulating beta 0.6
Map 1, rank 55: best beta=0.2, parent beam=1, weighted RMSE 5.3506 -> 5.3227, beam size=3, recorded samples=3
[MPI 6/9] Map 1, rank 56, beam 0, simulating beta 0.7
[MPI 7/9] Map 1, rank 56, beam 0, simulating beta 0.8
[MPI 3/9] Map 1, rank 56, beam 0, simulating beta 0.4
[MPI 8/9] Map 1, rank 56, beam 0, simulating beta 0.9
[MPI 1/9] Map 1, rank 56, beam 0, simulating beta 0.2
[MPI 2/9] Map 1, rank 56, beam 0, simulating beta 0.3
[MPI 5/9] Map 1, rank 56, beam 0, simulating beta 0.6
[MPI 4/9] Map 1, rank 56, beam 0, simulating beta 0.5
[MPI 0/9] Map 1, rank 56, beam 0, simulating beta 0.1
[MPI 6/9] Map 1, rank 56, beam 1, simulating beta 0.7
[MPI 8/9] Map 1, rank 56, beam 1, simulating beta 0.9
[MPI 7/9] Map 1, rank 56, beam 1, simulating beta 0.8
[MPI 3/9] Map 1, rank 56, beam 1, simulating beta 0.4
[MPI 4/9] Map 1, rank 56, beam 1, simulating beta 0.5
[MPI 1/9] Map 1, rank 56, beam 1, simulating beta 0.2
[MPI 0/9] Map 1, rank 56, beam 1, simulating beta 0.1
[MPI 2/9] Map 1, rank 56, beam 1, simulating beta 0.3
[MPI 5/9] Map 1, rank 56, beam 1, simulating beta 0.6
[MPI 8/9] Map 1, rank 56, beam 2, simulating beta 0.9
[MPI 6/9] Map 1, rank 56, beam 2, simulating beta 0.7
[MPI 7/9] Map 1, rank 56, beam 2, simulating beta 0.8
[MPI 3/9] Map 1, rank 56, beam 2, simulating beta 0.4
[MPI 4/9] Map 1, rank 56, beam 2, simulating beta 0.5
[MPI 0/9] Map 1, rank 56, beam 2, simulating beta 0.1
[MPI 1/9] Map 1, rank 56, beam 2, simulating beta 0.2
[MPI 2/9] Map 1, rank 56, beam 2, simulating beta 0.3
[MPI 5/9] Map 1, rank 56, beam 2, simulating beta 0.6
Map 1, rank 56: best beta=0.8, parent beam=0, weighted RMSE 5.3227 -> 5.3040, beam size=3, recorded samples=4
[MPI 0/9] Map 1, rank 57, beam 0, simulating beta 0.1
[MPI 1/9] Map 1, rank 57, beam 0, simulating beta 0.2
[MPI 2/9] Map 1, rank 57, beam 0, simulating beta 0.3
[MPI 3/9] Map 1, rank 57, beam 0, simulating beta 0.4
[MPI 4/9] Map 1, rank 57, beam 0, simulating beta 0.5
[MPI 5/9] Map 1, rank 57, beam 0, simulating beta 0.6
[MPI 6/9] Map 1, rank 57, beam 0, simulating beta 0.7
[MPI 7/9] Map 1, rank 57, beam 0, simulating beta 0.8
[MPI 8/9] Map 1, rank 57, beam 0, simulating beta 0.9
[MPI 8/9] Map 1, rank 57, beam 1, simulating beta 0.9
[MPI 6/9] Map 1, rank 57, beam 1, simulating beta 0.7
[MPI 7/9] Map 1, rank 57, beam 1, simulating beta 0.8
[MPI 4/9] Map 1, rank 57, beam 1, simulating beta 0.5
[MPI 0/9] Map 1, rank 57, beam 1, simulating beta 0.1
[MPI 3/9] Map 1, rank 57, beam 1, simulating beta 0.4
[MPI 2/9] Map 1, rank 57, beam 1, simulating beta 0.3
[MPI 1/9] Map 1, rank 57, beam 1, simulating beta 0.2
[MPI 5/9] Map 1, rank 57, beam 1, simulating beta 0.6
[MPI 8/9] Map 1, rank 57, beam 2, simulating beta 0.9
[MPI 6/9] Map 1, rank 57, beam 2, simulating beta 0.7
[MPI 7/9] Map 1, rank 57, beam 2, simulating beta 0.8
[MPI 4/9] Map 1, rank 57, beam 2, simulating beta 0.5
[MPI 3/9] Map 1, rank 57, beam 2, simulating beta 0.4
[MPI 1/9] Map 1, rank 57, beam 2, simulating beta 0.2
[MPI 0/9] Map 1, rank 57, beam 2, simulating beta 0.1
[MPI 2/9] Map 1, rank 57, beam 2, simulating beta 0.3
[MPI 5/9] Map 1, rank 57, beam 2, simulating beta 0.6
Map 1, rank 57: best beta=0.1, parent beam=2, weighted RMSE 5.3055 -> 5.2815, beam size=3, recorded samples=3
[MPI 1/9] Map 1, rank 58, beam 0, simulating beta 0.2
[MPI 3/9] Map 1, rank 58, beam 0, simulating beta 0.4
[MPI 4/9] Map 1, rank 58, beam 0, simulating beta 0.5
[MPI 5/9] Map 1, rank 58, beam 0, simulating beta 0.6
[MPI 6/9] Map 1, rank 58, beam 0, simulating beta 0.7
[MPI 7/9] Map 1, rank 58, beam 0, simulating beta 0.8
[MPI 8/9] Map 1, rank 58, beam 0, simulating beta 0.9
[MPI 2/9] Map 1, rank 58, beam 0, simulating beta 0.3
[MPI 0/9] Map 1, rank 58, beam 0, simulating beta 0.1
[MPI 6/9] Map 1, rank 58, beam 1, simulating beta 0.7
[MPI 8/9] Map 1, rank 58, beam 1, simulating beta 0.9
[MPI 7/9] Map 1, rank 58, beam 1, simulating beta 0.8
[MPI 1/9] Map 1, rank 58, beam 1, simulating beta 0.2
[MPI 0/9] Map 1, rank 58, beam 1, simulating beta 0.1
[MPI 2/9] Map 1, rank 58, beam 1, simulating beta 0.3
[MPI 3/9] Map 1, rank 58, beam 1, simulating beta 0.4
[MPI 4/9] Map 1, rank 58, beam 1, simulating beta 0.5
[MPI 5/9] Map 1, rank 58, beam 1, simulating beta 0.6
[MPI 6/9] Map 1, rank 58, beam 2, simulating beta 0.7
[MPI 8/9] Map 1, rank 58, beam 2, simulating beta 0.9
[MPI 1/9] Map 1, rank 58, beam 2, simulating beta 0.2
[MPI 7/9] Map 1, rank 58, beam 2, simulating beta 0.8
[MPI 3/9] Map 1, rank 58, beam 2, simulating beta 0.4
[MPI 0/9] Map 1, rank 58, beam 2, simulating beta 0.1
[MPI 2/9] Map 1, rank 58, beam 2, simulating beta 0.3
[MPI 4/9] Map 1, rank 58, beam 2, simulating beta 0.5
[MPI 5/9] Map 1, rank 58, beam 2, simulating beta 0.6
Map 1, rank 58: best beta=0.1, parent beam=0, weighted RMSE 5.2815 -> 5.2696, beam size=3, recorded samples=3
[MPI 3/9] Map 1, rank 59, beam 0, simulating beta 0.4
[MPI 6/9] Map 1, rank 59, beam 0, simulating beta 0.7
[MPI 1/9] Map 1, rank 59, beam 0, simulating beta 0.2
[MPI 5/9] Map 1, rank 59, beam 0, simulating beta 0.6
[MPI 7/9] Map 1, rank 59, beam 0, simulating beta 0.8
[MPI 8/9] Map 1, rank 59, beam 0, simulating beta 0.9
[MPI 2/9] Map 1, rank 59, beam 0, simulating beta 0.3
[MPI 4/9] Map 1, rank 59, beam 0, simulating beta 0.5
[MPI 0/9] Map 1, rank 59, beam 0, simulating beta 0.1
[MPI 7/9] Map 1, rank 59, beam 1, simulating beta 0.8
[MPI 6/9] Map 1, rank 59, beam 1, simulating beta 0.7
[MPI 8/9] Map 1, rank 59, beam 1, simulating beta 0.9
[MPI 0/9] Map 1, rank 59, beam 1, simulating beta 0.1
[MPI 4/9] Map 1, rank 59, beam 1, simulating beta 0.5
[MPI 1/9] Map 1, rank 59, beam 1, simulating beta 0.2
[MPI 2/9] Map 1, rank 59, beam 1, simulating beta 0.3
[MPI 5/9] Map 1, rank 59, beam 1, simulating beta 0.6
[MPI 3/9] Map 1, rank 59, beam 1, simulating beta 0.4
[MPI 7/9] Map 1, rank 59, beam 2, simulating beta 0.8
[MPI 6/9] Map 1, rank 59, beam 2, simulating beta 0.7
[MPI 8/9] Map 1, rank 59, beam 2, simulating beta 0.9
[MPI 0/9] Map 1, rank 59, beam 2, simulating beta 0.1
[MPI 1/9] Map 1, rank 59, beam 2, simulating beta 0.2
[MPI 3/9] Map 1, rank 59, beam 2, simulating beta 0.4
[MPI 2/9] Map 1, rank 59, beam 2, simulating beta 0.3
[MPI 4/9] Map 1, rank 59, beam 2, simulating beta 0.5
[MPI 5/9] Map 1, rank 59, beam 2, simulating beta 0.6
Map 1, rank 59: best beta=0.1, parent beam=0, weighted RMSE 5.2696 -> 5.2543, beam size=3, recorded samples=3
Saved chunk /scratch/ajain3/aipp/CMAES_beamsearch_dataset_chunks/map_001_ranked.pt with 205 samples

Collecting ranked CMA-ES data for map 2
[MPI 7/9] Map 2, rank 0, beam 0, simulating beta 0.8
[MPI 6/9] Map 2, rank 0, beam 0, simulating beta 0.7
[MPI 4/9] Map 2, rank 0, beam 0, simulating beta 0.5
[MPI 8/9] Map 2, rank 0, beam 0, simulating beta 0.9
[MPI 1/9] Map 2, rank 0, beam 0, simulating beta 0.2
[MPI 2/9] Map 2, rank 0, beam 0, simulating beta 0.3
[MPI 3/9] Map 2, rank 0, beam 0, simulating beta 0.4
[MPI 5/9] Map 2, rank 0, beam 0, simulating beta 0.6
[MPI 0/9] Map 2, rank 0, beam 0, simulating beta 0.1
Map 2, rank 0: best beta=0.1, parent beam=0, weighted RMSE 138.0878 -> 132.7633, beam size=3, recorded samples=9
[MPI 5/9] Map 2, rank 1, beam 0, simulating beta 0.6
[MPI 1/9] Map 2, rank 1, beam 0, simulating beta 0.2
[MPI 3/9] Map 2, rank 1, beam 0, simulating beta 0.4
[MPI 4/9] Map 2, rank 1, beam 0, simulating beta 0.5
[MPI 6/9] Map 2, rank 1, beam 0, simulating beta 0.7
[MPI 7/9] Map 2, rank 1, beam 0, simulating beta 0.8
[MPI 8/9] Map 2, rank 1, beam 0, simulating beta 0.9
[MPI 2/9] Map 2, rank 1, beam 0, simulating beta 0.3
[MPI 0/9] Map 2, rank 1, beam 0, simulating beta 0.1
[MPI 8/9] Map 2, rank 1, beam 1, simulating beta 0.9
[MPI 4/9] Map 2, rank 1, beam 1, simulating beta 0.5
[MPI 6/9] Map 2, rank 1, beam 1, simulating beta 0.7
[MPI 7/9] Map 2, rank 1, beam 1, simulating beta 0.8
[MPI 5/9] Map 2, rank 1, beam 1, simulating beta 0.6
[MPI 3/9] Map 2, rank 1, beam 1, simulating beta 0.4
[MPI 0/9] Map 2, rank 1, beam 1, simulating beta 0.1
[MPI 2/9] Map 2, rank 1, beam 1, simulating beta 0.3
[MPI 1/9] Map 2, rank 1, beam 1, simulating beta 0.2
[MPI 8/9] Map 2, rank 1, beam 2, simulating beta 0.9
[MPI 6/9] Map 2, rank 1, beam 2, simulating beta 0.7
[MPI 4/9] Map 2, rank 1, beam 2, simulating beta 0.5
[MPI 7/9] Map 2, rank 1, beam 2, simulating beta 0.8
[MPI 5/9] Map 2, rank 1, beam 2, simulating beta 0.6
[MPI 3/9] Map 2, rank 1, beam 2, simulating beta 0.4
[MPI 1/9] Map 2, rank 1, beam 2, simulating beta 0.2
[MPI 2/9] Map 2, rank 1, beam 2, simulating beta 0.3
[MPI 0/9] Map 2, rank 1, beam 2, simulating beta 0.1
Map 2, rank 1: best beta=0.9, parent beam=0, weighted RMSE 132.7633 -> 131.3108, beam size=3, recorded samples=3
[MPI 6/9] Map 2, rank 2, beam 0, simulating beta 0.7
[MPI 3/9] Map 2, rank 2, beam 0, simulating beta 0.4
[MPI 7/9] Map 2, rank 2, beam 0, simulating beta 0.8
[MPI 1/9] Map 2, rank 2, beam 0, simulating beta 0.2
[MPI 8/9] Map 2, rank 2, beam 0, simulating beta 0.9
[MPI 2/9] Map 2, rank 2, beam 0, simulating beta 0.3
[MPI 4/9] Map 2, rank 2, beam 0, simulating beta 0.5
[MPI 5/9] Map 2, rank 2, beam 0, simulating beta 0.6
[MPI 0/9] Map 2, rank 2, beam 0, simulating beta 0.1
[MPI 8/9] Map 2, rank 2, beam 1, simulating beta 0.9
[MPI 6/9] Map 2, rank 2, beam 1, simulating beta 0.7
[MPI 7/9] Map 2, rank 2, beam 1, simulating beta 0.8
[MPI 3/9] Map 2, rank 2, beam 1, simulating beta 0.4
[MPI 4/9] Map 2, rank 2, beam 1, simulating beta 0.5
[MPI 5/9] Map 2, rank 2, beam 1, simulating beta 0.6
[MPI 0/9] Map 2, rank 2, beam 1, simulating beta 0.1
[MPI 2/9] Map 2, rank 2, beam 1, simulating beta 0.3
[MPI 1/9] Map 2, rank 2, beam 1, simulating beta 0.2
[MPI 8/9] Map 2, rank 2, beam 2, simulating beta 0.9
[MPI 6/9] Map 2, rank 2, beam 2, simulating beta 0.7
[MPI 7/9] Map 2, rank 2, beam 2, simulating beta 0.8
[MPI 5/9] Map 2, rank 2, beam 2, simulating beta 0.6
[MPI 3/9] Map 2, rank 2, beam 2, simulating beta 0.4
[MPI 4/9] Map 2, rank 2, beam 2, simulating beta 0.5
[MPI 1/9] Map 2, rank 2, beam 2, simulating beta 0.2
[MPI 0/9] Map 2, rank 2, beam 2, simulating beta 0.1
[MPI 2/9] Map 2, rank 2, beam 2, simulating beta 0.3
Map 2, rank 2: best beta=0.3, parent beam=2, weighted RMSE 131.3509 -> 130.8352, beam size=3, recorded samples=3
[MPI 6/9] Map 2, rank 3, beam 0, simulating beta 0.7
[MPI 7/9] Map 2, rank 3, beam 0, simulating beta 0.8
[MPI 1/9] Map 2, rank 3, beam 0, simulating beta 0.2
[MPI 2/9] Map 2, rank 3, beam 0, simulating beta 0.3
[MPI 3/9] Map 2, rank 3, beam 0, simulating beta 0.4
[MPI 5/9] Map 2, rank 3, beam 0, simulating beta 0.6
[MPI 8/9] Map 2, rank 3, beam 0, simulating beta 0.9
[MPI 0/9] Map 2, rank 3, beam 0, simulating beta 0.1
[MPI 4/9] Map 2, rank 3, beam 0, simulating beta 0.5
[MPI 7/9] Map 2, rank 3, beam 1, simulating beta 0.8
[MPI 6/9] Map 2, rank 3, beam 1, simulating beta 0.7
[MPI 8/9] Map 2, rank 3, beam 1, simulating beta 0.9
[MPI 3/9] Map 2, rank 3, beam 1, simulating beta 0.4
[MPI 4/9] Map 2, rank 3, beam 1, simulating beta 0.5
[MPI 5/9] Map 2, rank 3, beam 1, simulating beta 0.6
[MPI 1/9] Map 2, rank 3, beam 1, simulating beta 0.2
[MPI 0/9] Map 2, rank 3, beam 1, simulating beta 0.1
[MPI 2/9] Map 2, rank 3, beam 1, simulating beta 0.3
[MPI 7/9] Map 2, rank 3, beam 2, simulating beta 0.8
[MPI 6/9] Map 2, rank 3, beam 2, simulating beta 0.7
[MPI 8/9] Map 2, rank 3, beam 2, simulating beta 0.9
[MPI 5/9] Map 2, rank 3, beam 2, simulating beta 0.6
[MPI 3/9] Map 2, rank 3, beam 2, simulating beta 0.4
[MPI 4/9] Map 2, rank 3, beam 2, simulating beta 0.5
[MPI 1/9] Map 2, rank 3, beam 2, simulating beta 0.2
[MPI 0/9] Map 2, rank 3, beam 2, simulating beta 0.1
[MPI 2/9] Map 2, rank 3, beam 2, simulating beta 0.3
Map 2, rank 3: best beta=0.4, parent beam=0, weighted RMSE 130.8352 -> 67.4174, beam size=3, recorded samples=5
[MPI 7/9] Map 2, rank 4, beam 0, simulating beta 0.8
[MPI 6/9] Map 2, rank 4, beam 0, simulating beta 0.7
[MPI 8/9] Map 2, rank 4, beam 0, simulating beta 0.9
[MPI 1/9] Map 2, rank 4, beam 0, simulating beta 0.2
[MPI 3/9] Map 2, rank 4, beam 0, simulating beta 0.4
[MPI 2/9] Map 2, rank 4, beam 0, simulating beta 0.3
[MPI 4/9] Map 2, rank 4, beam 0, simulating beta 0.5
[MPI 5/9] Map 2, rank 4, beam 0, simulating beta 0.6
[MPI 0/9] Map 2, rank 4, beam 0, simulating beta 0.1
[MPI 6/9] Map 2, rank 4, beam 1, simulating beta 0.7
[MPI 4/9] Map 2, rank 4, beam 1, simulating beta 0.5
[MPI 3/9] Map 2, rank 4, beam 1, simulating beta 0.4
[MPI 7/9] Map 2, rank 4, beam 1, simulating beta 0.8
[MPI 5/9] Map 2, rank 4, beam 1, simulating beta 0.6
[MPI 0/9] Map 2, rank 4, beam 1, simulating beta 0.1
[MPI 1/9] Map 2, rank 4, beam 1, simulating beta 0.2
[MPI 2/9] Map 2, rank 4, beam 1, simulating beta 0.3
[MPI 8/9] Map 2, rank 4, beam 1, simulating beta 0.9
[MPI 6/9] Map 2, rank 4, beam 2, simulating beta 0.7
[MPI 3/9] Map 2, rank 4, beam 2, simulating beta 0.4
[MPI 4/9] Map 2, rank 4, beam 2, simulating beta 0.5
[MPI 7/9] Map 2, rank 4, beam 2, simulating beta 0.8
[MPI 5/9] Map 2, rank 4, beam 2, simulating beta 0.6
[MPI 1/9] Map 2, rank 4, beam 2, simulating beta 0.2
[MPI 0/9] Map 2, rank 4, beam 2, simulating beta 0.1
[MPI 2/9] Map 2, rank 4, beam 2, simulating beta 0.3
[MPI 8/9] Map 2, rank 4, beam 2, simulating beta 0.9
Map 2, rank 4: best beta=0.4, parent beam=1, weighted RMSE 67.4405 -> 50.2773, beam size=3, recorded samples=3
[MPI 6/9] Map 2, rank 5, beam 0, simulating beta 0.7
[MPI 7/9] Map 2, rank 5, beam 0, simulating beta 0.8
[MPI 1/9] Map 2, rank 5, beam 0, simulating beta 0.2
[MPI 5/9] Map 2, rank 5, beam 0, simulating beta 0.6
[MPI 8/9] Map 2, rank 5, beam 0, simulating beta 0.9
[MPI 0/9] Map 2, rank 5, beam 0, simulating beta 0.1
[MPI 2/9] Map 2, rank 5, beam 0, simulating beta 0.3
[MPI 3/9] Map 2, rank 5, beam 0, simulating beta 0.4
[MPI 4/9] Map 2, rank 5, beam 0, simulating beta 0.5
[MPI 3/9] Map 2, rank 5, beam 1, simulating beta 0.4
[MPI 1/9] Map 2, rank 5, beam 1, simulating beta 0.2
[MPI 4/9] Map 2, rank 5, beam 1, simulating beta 0.5
[MPI 6/9] Map 2, rank 5, beam 1, simulating beta 0.7
[MPI 0/9] Map 2, rank 5, beam 1, simulating beta 0.1
[MPI 2/9] Map 2, rank 5, beam 1, simulating beta 0.3
[MPI 5/9] Map 2, rank 5, beam 1, simulating beta 0.6
[MPI 7/9] Map 2, rank 5, beam 1, simulating beta 0.8
[MPI 8/9] Map 2, rank 5, beam 1, simulating beta 0.9
[MPI 3/9] Map 2, rank 5, beam 2, simulating beta 0.4
[MPI 1/9] Map 2, rank 5, beam 2, simulating beta 0.2
[MPI 6/9] Map 2, rank 5, beam 2, simulating beta 0.7
[MPI 4/9] Map 2, rank 5, beam 2, simulating beta 0.5
[MPI 7/9] Map 2, rank 5, beam 2, simulating beta 0.8
[MPI 2/9] Map 2, rank 5, beam 2, simulating beta 0.3
[MPI 0/9] Map 2, rank 5, beam 2, simulating beta 0.1
[MPI 8/9] Map 2, rank 5, beam 2, simulating beta 0.9
[MPI 5/9] Map 2, rank 5, beam 2, simulating beta 0.6
Map 2, rank 5: best beta=0.5, parent beam=1, weighted RMSE 52.4336 -> 39.2084, beam size=3, recorded samples=3
[MPI 1/9] Map 2, rank 6, beam 0, simulating beta 0.2
[MPI 2/9] Map 2, rank 6, beam 0, simulating beta 0.3
[MPI 3/9] Map 2, rank 6, beam 0, simulating beta 0.4
[MPI 5/9] Map 2, rank 6, beam 0, simulating beta 0.6
[MPI 6/9] Map 2, rank 6, beam 0, simulating beta 0.7
[MPI 7/9] Map 2, rank 6, beam 0, simulating beta 0.8
[MPI 8/9] Map 2, rank 6, beam 0, simulating beta 0.9
[MPI 0/9] Map 2, rank 6, beam 0, simulating beta 0.1
[MPI 4/9] Map 2, rank 6, beam 0, simulating beta 0.5
[MPI 7/9] Map 2, rank 6, beam 1, simulating beta 0.8
[MPI 6/9] Map 2, rank 6, beam 1, simulating beta 0.7
[MPI 3/9] Map 2, rank 6, beam 1, simulating beta 0.4
[MPI 4/9] Map 2, rank 6, beam 1, simulating beta 0.5
[MPI 1/9] Map 2, rank 6, beam 1, simulating beta 0.2
[MPI 0/9] Map 2, rank 6, beam 1, simulating beta 0.1
[MPI 8/9] Map 2, rank 6, beam 1, simulating beta 0.9
[MPI 2/9] Map 2, rank 6, beam 1, simulating beta 0.3
[MPI 5/9] Map 2, rank 6, beam 1, simulating beta 0.6
[MPI 7/9] Map 2, rank 6, beam 2, simulating beta 0.8
[MPI 6/9] Map 2, rank 6, beam 2, simulating beta 0.7
[MPI 1/9] Map 2, rank 6, beam 2, simulating beta 0.2
[MPI 3/9] Map 2, rank 6, beam 2, simulating beta 0.4
[MPI 4/9] Map 2, rank 6, beam 2, simulating beta 0.5
[MPI 0/9] Map 2, rank 6, beam 2, simulating beta 0.1
[MPI 2/9] Map 2, rank 6, beam 2, simulating beta 0.3
[MPI 5/9] Map 2, rank 6, beam 2, simulating beta 0.6
[MPI 8/9] Map 2, rank 6, beam 2, simulating beta 0.9
Map 2, rank 6: best beta=0.2, parent beam=0, weighted RMSE 39.2084 -> 37.5510, beam size=3, recorded samples=4
[MPI 1/9] Map 2, rank 7, beam 0, simulating beta 0.2
[MPI 5/9] Map 2, rank 7, beam 0, simulating beta 0.6
[MPI 7/9] Map 2, rank 7, beam 0, simulating beta 0.8
[MPI 6/9] Map 2, rank 7, beam 0, simulating beta 0.7
[MPI 3/9] Map 2, rank 7, beam 0, simulating beta 0.4
[MPI 4/9] Map 2, rank 7, beam 0, simulating beta 0.5
[MPI 2/9] Map 2, rank 7, beam 0, simulating beta 0.3
[MPI 8/9] Map 2, rank 7, beam 0, simulating beta 0.9
[MPI 0/9] Map 2, rank 7, beam 0, simulating beta 0.1
[MPI 8/9] Map 2, rank 7, beam 1, simulating beta 0.9
[MPI 1/9] Map 2, rank 7, beam 1, simulating beta 0.2
[MPI 6/9] Map 2, rank 7, beam 1, simulating beta 0.7
[MPI 3/9] Map 2, rank 7, beam 1, simulating beta 0.4
[MPI 7/9] Map 2, rank 7, beam 1, simulating beta 0.8
[MPI 0/9] Map 2, rank 7, beam 1, simulating beta 0.1
[MPI 2/9] Map 2, rank 7, beam 1, simulating beta 0.3
[MPI 4/9] Map 2, rank 7, beam 1, simulating beta 0.5
[MPI 5/9] Map 2, rank 7, beam 1, simulating beta 0.6
[MPI 8/9] Map 2, rank 7, beam 2, simulating beta 0.9
[MPI 1/9] Map 2, rank 7, beam 2, simulating beta 0.2
[MPI 6/9] Map 2, rank 7, beam 2, simulating beta 0.7
[MPI 3/9] Map 2, rank 7, beam 2, simulating beta 0.4
[MPI 7/9] Map 2, rank 7, beam 2, simulating beta 0.8
[MPI 4/9] Map 2, rank 7, beam 2, simulating beta 0.5
[MPI 2/9] Map 2, rank 7, beam 2, simulating beta 0.3
[MPI 0/9] Map 2, rank 7, beam 2, simulating beta 0.1
[MPI 5/9] Map 2, rank 7, beam 2, simulating beta 0.6
Map 2, rank 7: best beta=0.4, parent beam=2, weighted RMSE 37.8318 -> 36.2286, beam size=3, recorded samples=3
[MPI 5/9] Map 2, rank 8, beam 0, simulating beta 0.6
[MPI 0/9] Map 2, rank 8, beam 0, simulating beta 0.1
[MPI 1/9] Map 2, rank 8, beam 0, simulating beta 0.2
[MPI 2/9] Map 2, rank 8, beam 0, simulating beta 0.3
[MPI 3/9] Map 2, rank 8, beam 0, simulating beta 0.4
[MPI 4/9] Map 2, rank 8, beam 0, simulating beta 0.5
[MPI 6/9] Map 2, rank 8, beam 0, simulating beta 0.7
[MPI 7/9] Map 2, rank 8, beam 0, simulating beta 0.8
[MPI 8/9] Map 2, rank 8, beam 0, simulating beta 0.9
[MPI 8/9] Map 2, rank 8, beam 1, simulating beta 0.9
[MPI 7/9] Map 2, rank 8, beam 1, simulating beta 0.8
[MPI 6/9] Map 2, rank 8, beam 1, simulating beta 0.7
[MPI 0/9] Map 2, rank 8, beam 1, simulating beta 0.1
[MPI 2/9] Map 2, rank 8, beam 1, simulating beta 0.3
[MPI 3/9] Map 2, rank 8, beam 1, simulating beta 0.4
[MPI 1/9] Map 2, rank 8, beam 1, simulating beta 0.2
[MPI 5/9] Map 2, rank 8, beam 1, simulating beta 0.6
[MPI 4/9] Map 2, rank 8, beam 1, simulating beta 0.5
[MPI 8/9] Map 2, rank 8, beam 2, simulating beta 0.9
[MPI 7/9] Map 2, rank 8, beam 2, simulating beta 0.8
[MPI 6/9] Map 2, rank 8, beam 2, simulating beta 0.7
[MPI 3/9] Map 2, rank 8, beam 2, simulating beta 0.4
[MPI 0/9] Map 2, rank 8, beam 2, simulating beta 0.1
[MPI 1/9] Map 2, rank 8, beam 2, simulating beta 0.2
[MPI 2/9] Map 2, rank 8, beam 2, simulating beta 0.3
[MPI 4/9] Map 2, rank 8, beam 2, simulating beta 0.5
[MPI 5/9] Map 2, rank 8, beam 2, simulating beta 0.6
Map 2, rank 8: best beta=0.1, parent beam=0, weighted RMSE 36.2286 -> 36.0938, beam size=3, recorded samples=3
[MPI 6/9] Map 2, rank 9, beam 0, simulating beta 0.7
[MPI 8/9] Map 2, rank 9, beam 0, simulating beta 0.9
[MPI 3/9] Map 2, rank 9, beam 0, simulating beta 0.4
[MPI 5/9] Map 2, rank 9, beam 0, simulating beta 0.6
[MPI 4/9] Map 2, rank 9, beam 0, simulating beta 0.5
[MPI 7/9] Map 2, rank 9, beam 0, simulating beta 0.8
[MPI 0/9] Map 2, rank 9, beam 0, simulating beta 0.1
[MPI 1/9] Map 2, rank 9, beam 0, simulating beta 0.2
[MPI 2/9] Map 2, rank 9, beam 0, simulating beta 0.3
[MPI 6/9] Map 2, rank 9, beam 1, simulating beta 0.7
[MPI 7/9] Map 2, rank 9, beam 1, simulating beta 0.8
[MPI 1/9] Map 2, rank 9, beam 1, simulating beta 0.2
[MPI 8/9] Map 2, rank 9, beam 1, simulating beta 0.9
[MPI 3/9] Map 2, rank 9, beam 1, simulating beta 0.4
[MPI 4/9] Map 2, rank 9, beam 1, simulating beta 0.5
[MPI 2/9] Map 2, rank 9, beam 1, simulating beta 0.3
[MPI 0/9] Map 2, rank 9, beam 1, simulating beta 0.1
[MPI 5/9] Map 2, rank 9, beam 1, simulating beta 0.6
[MPI 6/9] Map 2, rank 9, beam 2, simulating beta 0.7
[MPI 7/9] Map 2, rank 9, beam 2, simulating beta 0.8
[MPI 1/9] Map 2, rank 9, beam 2, simulating beta 0.2
[MPI 8/9] Map 2, rank 9, beam 2, simulating beta 0.9
[MPI 3/9] Map 2, rank 9, beam 2, simulating beta 0.4
[MPI 4/9] Map 2, rank 9, beam 2, simulating beta 0.5
[MPI 2/9] Map 2, rank 9, beam 2, simulating beta 0.3
[MPI 0/9] Map 2, rank 9, beam 2, simulating beta 0.1
[MPI 5/9] Map 2, rank 9, beam 2, simulating beta 0.6
Map 2, rank 9: best beta=0.3, parent beam=2, weighted RMSE 36.1332 -> 34.0720, beam size=3, recorded samples=3
[MPI 6/9] Map 2, rank 10, beam 0, simulating beta 0.7
[MPI 7/9] Map 2, rank 10, beam 0, simulating beta 0.8
[MPI 0/9] Map 2, rank 10, beam 0, simulating beta 0.1
[MPI 1/9] Map 2, rank 10, beam 0, simulating beta 0.2
[MPI 2/9] Map 2, rank 10, beam 0, simulating beta 0.3
[MPI 3/9] Map 2, rank 10, beam 0, simulating beta 0.4
[MPI 4/9] Map 2, rank 10, beam 0, simulating beta 0.5
[MPI 5/9] Map 2, rank 10, beam 0, simulating beta 0.6
[MPI 8/9] Map 2, rank 10, beam 0, simulating beta 0.9
[MPI 8/9] Map 2, rank 10, beam 1, simulating beta 0.9
[MPI 6/9] Map 2, rank 10, beam 1, simulating beta 0.7
[MPI 3/9] Map 2, rank 10, beam 1, simulating beta 0.4
[MPI 1/9] Map 2, rank 10, beam 1, simulating beta 0.2
[MPI 7/9] Map 2, rank 10, beam 1, simulating beta 0.8
[MPI 0/9] Map 2, rank 10, beam 1, simulating beta 0.1
[MPI 2/9] Map 2, rank 10, beam 1, simulating beta 0.3
[MPI 4/9] Map 2, rank 10, beam 1, simulating beta 0.5
[MPI 5/9] Map 2, rank 10, beam 1, simulating beta 0.6
[MPI 6/9] Map 2, rank 10, beam 2, simulating beta 0.7
[MPI 8/9] Map 2, rank 10, beam 2, simulating beta 0.9
[MPI 4/9] Map 2, rank 10, beam 2, simulating beta 0.5
[MPI 3/9] Map 2, rank 10, beam 2, simulating beta 0.4
[MPI 2/9] Map 2, rank 10, beam 2, simulating beta 0.3
[MPI 7/9] Map 2, rank 10, beam 2, simulating beta 0.8
[MPI 1/9] Map 2, rank 10, beam 2, simulating beta 0.2
[MPI 5/9] Map 2, rank 10, beam 2, simulating beta 0.6
[MPI 0/9] Map 2, rank 10, beam 2, simulating beta 0.1
Map 2, rank 10: best beta=0.1, parent beam=1, weighted RMSE 34.3369 -> 30.6298, beam size=3, recorded samples=4
[MPI 6/9] Map 2, rank 11, beam 0, simulating beta 0.7
[MPI 1/9] Map 2, rank 11, beam 0, simulating beta 0.2
[MPI 5/9] Map 2, rank 11, beam 0, simulating beta 0.6
[MPI 3/9] Map 2, rank 11, beam 0, simulating beta 0.4
[MPI 7/9] Map 2, rank 11, beam 0, simulating beta 0.8
[MPI 8/9] Map 2, rank 11, beam 0, simulating beta 0.9
[MPI 2/9] Map 2, rank 11, beam 0, simulating beta 0.3
[MPI 0/9] Map 2, rank 11, beam 0, simulating beta 0.1
[MPI 4/9] Map 2, rank 11, beam 0, simulating beta 0.5
[MPI 6/9] Map 2, rank 11, beam 1, simulating beta 0.7
[MPI 3/9] Map 2, rank 11, beam 1, simulating beta 0.4
[MPI 4/9] Map 2, rank 11, beam 1, simulating beta 0.5
[MPI 8/9] Map 2, rank 11, beam 1, simulating beta 0.9
[MPI 2/9] Map 2, rank 11, beam 1, simulating beta 0.3
[MPI 0/9] Map 2, rank 11, beam 1, simulating beta 0.1
[MPI 1/9] Map 2, rank 11, beam 1, simulating beta 0.2
[MPI 5/9] Map 2, rank 11, beam 1, simulating beta 0.6
[MPI 7/9] Map 2, rank 11, beam 1, simulating beta 0.8
[MPI 6/9] Map 2, rank 11, beam 2, simulating beta 0.7
[MPI 3/9] Map 2, rank 11, beam 2, simulating beta 0.4
[MPI 4/9] Map 2, rank 11, beam 2, simulating beta 0.5
[MPI 8/9] Map 2, rank 11, beam 2, simulating beta 0.9
[MPI 1/9] Map 2, rank 11, beam 2, simulating beta 0.2
[MPI 2/9] Map 2, rank 11, beam 2, simulating beta 0.3
[MPI 7/9] Map 2, rank 11, beam 2, simulating beta 0.8
[MPI 0/9] Map 2, rank 11, beam 2, simulating beta 0.1
[MPI 5/9] Map 2, rank 11, beam 2, simulating beta 0.6
Map 2, rank 11: best beta=0.7, parent beam=0, weighted RMSE 30.6298 -> 18.6811, beam size=3, recorded samples=4
[MPI 6/9] Map 2, rank 12, beam 0, simulating beta 0.7
[MPI 7/9] Map 2, rank 12, beam 0, simulating beta 0.8
[MPI 3/9] Map 2, rank 12, beam 0, simulating beta 0.4
[MPI 1/9] Map 2, rank 12, beam 0, simulating beta 0.2
[MPI 2/9] Map 2, rank 12, beam 0, simulating beta 0.3
[MPI 5/9] Map 2, rank 12, beam 0, simulating beta 0.6
[MPI 8/9] Map 2, rank 12, beam 0, simulating beta 0.9
[MPI 4/9] Map 2, rank 12, beam 0, simulating beta 0.5
[MPI 0/9] Map 2, rank 12, beam 0, simulating beta 0.1
[MPI 4/9] Map 2, rank 12, beam 1, simulating beta 0.5
[MPI 6/9] Map 2, rank 12, beam 1, simulating beta 0.7
[MPI 5/9] Map 2, rank 12, beam 1, simulating beta 0.6
[MPI 3/9] Map 2, rank 12, beam 1, simulating beta 0.4
[MPI 8/9] Map 2, rank 12, beam 1, simulating beta 0.9
[MPI 1/9] Map 2, rank 12, beam 1, simulating beta 0.2
[MPI 0/9] Map 2, rank 12, beam 1, simulating beta 0.1
[MPI 2/9] Map 2, rank 12, beam 1, simulating beta 0.3
[MPI 7/9] Map 2, rank 12, beam 1, simulating beta 0.8
[MPI 6/9] Map 2, rank 12, beam 2, simulating beta 0.7
[MPI 4/9] Map 2, rank 12, beam 2, simulating beta 0.5
[MPI 5/9] Map 2, rank 12, beam 2, simulating beta 0.6
[MPI 8/9] Map 2, rank 12, beam 2, simulating beta 0.9
[MPI 7/9] Map 2, rank 12, beam 2, simulating beta 0.8
[MPI 1/9] Map 2, rank 12, beam 2, simulating beta 0.2
[MPI 3/9] Map 2, rank 12, beam 2, simulating beta 0.4
[MPI 0/9] Map 2, rank 12, beam 2, simulating beta 0.1
[MPI 2/9] Map 2, rank 12, beam 2, simulating beta 0.3
Map 2, rank 12: best beta=0.5, parent beam=0, weighted RMSE 18.6811 -> 14.0606, beam size=3, recorded samples=3
[MPI 6/9] Map 2, rank 13, beam 0, simulating beta 0.7
[MPI 3/9] Map 2, rank 13, beam 0, simulating beta 0.4
[MPI 7/9] Map 2, rank 13, beam 0, simulating beta 0.8
[MPI 8/9] Map 2, rank 13, beam 0, simulating beta 0.9
[MPI 1/9] Map 2, rank 13, beam 0, simulating beta 0.2
[MPI 2/9] Map 2, rank 13, beam 0, simulating beta 0.3
[MPI 4/9] Map 2, rank 13, beam 0, simulating beta 0.5
[MPI 5/9] Map 2, rank 13, beam 0, simulating beta 0.6
[MPI 0/9] Map 2, rank 13, beam 0, simulating beta 0.1
[MPI 6/9] Map 2, rank 13, beam 1, simulating beta 0.7
[MPI 8/9] Map 2, rank 13, beam 1, simulating beta 0.9
[MPI 7/9] Map 2, rank 13, beam 1, simulating beta 0.8
[MPI 4/9] Map 2, rank 13, beam 1, simulating beta 0.5
[MPI 3/9] Map 2, rank 13, beam 1, simulating beta 0.4
[MPI 2/9] Map 2, rank 13, beam 1, simulating beta 0.3
[MPI 5/9] Map 2, rank 13, beam 1, simulating beta 0.6
[MPI 1/9] Map 2, rank 13, beam 1, simulating beta 0.2
[MPI 0/9] Map 2, rank 13, beam 1, simulating beta 0.1
[MPI 6/9] Map 2, rank 13, beam 2, simulating beta 0.7
[MPI 8/9] Map 2, rank 13, beam 2, simulating beta 0.9
[MPI 7/9] Map 2, rank 13, beam 2, simulating beta 0.8
[MPI 4/9] Map 2, rank 13, beam 2, simulating beta 0.5
[MPI 1/9] Map 2, rank 13, beam 2, simulating beta 0.2
[MPI 2/9] Map 2, rank 13, beam 2, simulating beta 0.3
[MPI 3/9] Map 2, rank 13, beam 2, simulating beta 0.4
[MPI 0/9] Map 2, rank 13, beam 2, simulating beta 0.1
[MPI 5/9] Map 2, rank 13, beam 2, simulating beta 0.6
Map 2, rank 13: best beta=0.1, parent beam=0, weighted RMSE 14.0606 -> 13.6483, beam size=3, recorded samples=5
[MPI 1/9] Map 2, rank 14, beam 0, simulating beta 0.2
[MPI 3/9] Map 2, rank 14, beam 0, simulating beta 0.4
[MPI 6/9] Map 2, rank 14, beam 0, simulating beta 0.7
[MPI 7/9] Map 2, rank 14, beam 0, simulating beta 0.8
[MPI 5/9] Map 2, rank 14, beam 0, simulating beta 0.6
[MPI 8/9] Map 2, rank 14, beam 0, simulating beta 0.9
[MPI 0/9] Map 2, rank 14, beam 0, simulating beta 0.1
[MPI 2/9] Map 2, rank 14, beam 0, simulating beta 0.3
[MPI 4/9] Map 2, rank 14, beam 0, simulating beta 0.5
[MPI 7/9] Map 2, rank 14, beam 1, simulating beta 0.8
[MPI 6/9] Map 2, rank 14, beam 1, simulating beta 0.7
[MPI 8/9] Map 2, rank 14, beam 1, simulating beta 0.9
[MPI 4/9] Map 2, rank 14, beam 1, simulating beta 0.5
[MPI 1/9] Map 2, rank 14, beam 1, simulating beta 0.2
[MPI 3/9] Map 2, rank 14, beam 1, simulating beta 0.4
[MPI 2/9] Map 2, rank 14, beam 1, simulating beta 0.3
[MPI 5/9] Map 2, rank 14, beam 1, simulating beta 0.6
[MPI 0/9] Map 2, rank 14, beam 1, simulating beta 0.1
[MPI 7/9] Map 2, rank 14, beam 2, simulating beta 0.8
[MPI 4/9] Map 2, rank 14, beam 2, simulating beta 0.5
[MPI 6/9] Map 2, rank 14, beam 2, simulating beta 0.7
[MPI 8/9] Map 2, rank 14, beam 2, simulating beta 0.9
[MPI 0/9] Map 2, rank 14, beam 2, simulating beta 0.1
[MPI 1/9] Map 2, rank 14, beam 2, simulating beta 0.2
[MPI 2/9] Map 2, rank 14, beam 2, simulating beta 0.3
[MPI 3/9] Map 2, rank 14, beam 2, simulating beta 0.4
[MPI 5/9] Map 2, rank 14, beam 2, simulating beta 0.6
Map 2, rank 14: best beta=0.2, parent beam=0, weighted RMSE 13.6483 -> 13.4477, beam size=3, recorded samples=4
[MPI 6/9] Map 2, rank 15, beam 0, simulating beta 0.7
[MPI 8/9] Map 2, rank 15, beam 0, simulating beta 0.9
[MPI 1/9] Map 2, rank 15, beam 0, simulating beta 0.2
[MPI 3/9] Map 2, rank 15, beam 0, simulating beta 0.4
[MPI 5/9] Map 2, rank 15, beam 0, simulating beta 0.6
[MPI 2/9] Map 2, rank 15, beam 0, simulating beta 0.3
[MPI 4/9] Map 2, rank 15, beam 0, simulating beta 0.5
[MPI 7/9] Map 2, rank 15, beam 0, simulating beta 0.8
[MPI 0/9] Map 2, rank 15, beam 0, simulating beta 0.1
[MPI 4/9] Map 2, rank 15, beam 1, simulating beta 0.5
[MPI 6/9] Map 2, rank 15, beam 1, simulating beta 0.7
[MPI 8/9] Map 2, rank 15, beam 1, simulating beta 0.9
[MPI 7/9] Map 2, rank 15, beam 1, simulating beta 0.8
[MPI 3/9] Map 2, rank 15, beam 1, simulating beta 0.4
[MPI 5/9] Map 2, rank 15, beam 1, simulating beta 0.6
[MPI 1/9] Map 2, rank 15, beam 1, simulating beta 0.2
[MPI 2/9] Map 2, rank 15, beam 1, simulating beta 0.3
[MPI 0/9] Map 2, rank 15, beam 1, simulating beta 0.1
[MPI 4/9] Map 2, rank 15, beam 2, simulating beta 0.5
[MPI 6/9] Map 2, rank 15, beam 2, simulating beta 0.7
[MPI 8/9] Map 2, rank 15, beam 2, simulating beta 0.9
[MPI 7/9] Map 2, rank 15, beam 2, simulating beta 0.8
[MPI 3/9] Map 2, rank 15, beam 2, simulating beta 0.4
[MPI 5/9] Map 2, rank 15, beam 2, simulating beta 0.6
[MPI 1/9] Map 2, rank 15, beam 2, simulating beta 0.2
[MPI 2/9] Map 2, rank 15, beam 2, simulating beta 0.3
[MPI 0/9] Map 2, rank 15, beam 2, simulating beta 0.1
Map 2, rank 15: best beta=0.1, parent beam=2, weighted RMSE 13.1075 -> 12.3597, beam size=3, recorded samples=3
[MPI 0/9] Map 2, rank 16, beam 0, simulating beta 0.1
[MPI 1/9] Map 2, rank 16, beam 0, simulating beta 0.2
[MPI 2/9] Map 2, rank 16, beam 0, simulating beta 0.3
[MPI 3/9] Map 2, rank 16, beam 0, simulating beta 0.4
[MPI 4/9] Map 2, rank 16, beam 0, simulating beta 0.5
[MPI 5/9] Map 2, rank 16, beam 0, simulating beta 0.6
[MPI 6/9] Map 2, rank 16, beam 0, simulating beta 0.7
[MPI 7/9] Map 2, rank 16, beam 0, simulating beta 0.8
[MPI 8/9] Map 2, rank 16, beam 0, simulating beta 0.9
[MPI 6/9] Map 2, rank 16, beam 1, simulating beta 0.7
[MPI 4/9] Map 2, rank 16, beam 1, simulating beta 0.5
[MPI 8/9] Map 2, rank 16, beam 1, simulating beta 0.9
[MPI 3/9] Map 2, rank 16, beam 1, simulating beta 0.4
[MPI 7/9] Map 2, rank 16, beam 1, simulating beta 0.8
[MPI 1/9] Map 2, rank 16, beam 1, simulating beta 0.2
[MPI 2/9] Map 2, rank 16, beam 1, simulating beta 0.3
[MPI 0/9] Map 2, rank 16, beam 1, simulating beta 0.1
[MPI 5/9] Map 2, rank 16, beam 1, simulating beta 0.6
[MPI 6/9] Map 2, rank 16, beam 2, simulating beta 0.7
[MPI 4/9] Map 2, rank 16, beam 2, simulating beta 0.5
[MPI 8/9] Map 2, rank 16, beam 2, simulating beta 0.9
[MPI 3/9] Map 2, rank 16, beam 2, simulating beta 0.4
[MPI 7/9] Map 2, rank 16, beam 2, simulating beta 0.8
[MPI 5/9] Map 2, rank 16, beam 2, simulating beta 0.6
[MPI 1/9] Map 2, rank 16, beam 2, simulating beta 0.2
[MPI 2/9] Map 2, rank 16, beam 2, simulating beta 0.3
[MPI 0/9] Map 2, rank 16, beam 2, simulating beta 0.1
Map 2, rank 16: best beta=0.8, parent beam=0, weighted RMSE 12.3597 -> 12.2008, beam size=3, recorded samples=5
[MPI 1/9] Map 2, rank 17, beam 0, simulating beta 0.2
[MPI 3/9] Map 2, rank 17, beam 0, simulating beta 0.4
[MPI 5/9] Map 2, rank 17, beam 0, simulating beta 0.6
[MPI 6/9] Map 2, rank 17, beam 0, simulating beta 0.7
[MPI 7/9] Map 2, rank 17, beam 0, simulating beta 0.8
[MPI 0/9] Map 2, rank 17, beam 0, simulating beta 0.1
[MPI 2/9] Map 2, rank 17, beam 0, simulating beta 0.3
[MPI 4/9] Map 2, rank 17, beam 0, simulating beta 0.5
[MPI 8/9] Map 2, rank 17, beam 0, simulating beta 0.9
[MPI 4/9] Map 2, rank 17, beam 1, simulating beta 0.5
[MPI 6/9] Map 2, rank 17, beam 1, simulating beta 0.7
[MPI 5/9] Map 2, rank 17, beam 1, simulating beta 0.6
[MPI 1/9] Map 2, rank 17, beam 1, simulating beta 0.2
[MPI 3/9] Map 2, rank 17, beam 1, simulating beta 0.4
[MPI 8/9] Map 2, rank 17, beam 1, simulating beta 0.9
[MPI 7/9] Map 2, rank 17, beam 1, simulating beta 0.8
[MPI 0/9] Map 2, rank 17, beam 1, simulating beta 0.1
[MPI 2/9] Map 2, rank 17, beam 1, simulating beta 0.3
[MPI 4/9] Map 2, rank 17, beam 2, simulating beta 0.5
[MPI 6/9] Map 2, rank 17, beam 2, simulating beta 0.7
[MPI 3/9] Map 2, rank 17, beam 2, simulating beta 0.4
[MPI 5/9] Map 2, rank 17, beam 2, simulating beta 0.6
[MPI 8/9] Map 2, rank 17, beam 2, simulating beta 0.9
[MPI 7/9] Map 2, rank 17, beam 2, simulating beta 0.8
[MPI 1/9] Map 2, rank 17, beam 2, simulating beta 0.2
[MPI 2/9] Map 2, rank 17, beam 2, simulating beta 0.3
[MPI 0/9] Map 2, rank 17, beam 2, simulating beta 0.1
Map 2, rank 17: best beta=0.1, parent beam=2, weighted RMSE 12.2361 -> 11.8959, beam size=3, recorded samples=3
[MPI 1/9] Map 2, rank 18, beam 0, simulating beta 0.2
[MPI 6/9] Map 2, rank 18, beam 0, simulating beta 0.7
[MPI 3/9] Map 2, rank 18, beam 0, simulating beta 0.4
[MPI 5/9] Map 2, rank 18, beam 0, simulating beta 0.6
[MPI 7/9] Map 2, rank 18, beam 0, simulating beta 0.8
[MPI 8/9] Map 2, rank 18, beam 0, simulating beta 0.9
[MPI 2/9] Map 2, rank 18, beam 0, simulating beta 0.3
[MPI 4/9] Map 2, rank 18, beam 0, simulating beta 0.5
[MPI 0/9] Map 2, rank 18, beam 0, simulating beta 0.1
[MPI 8/9] Map 2, rank 18, beam 1, simulating beta 0.9
[MPI 6/9] Map 2, rank 18, beam 1, simulating beta 0.7
[MPI 2/9] Map 2, rank 18, beam 1, simulating beta 0.3
[MPI 0/9] Map 2, rank 18, beam 1, simulating beta 0.1
[MPI 1/9] Map 2, rank 18, beam 1, simulating beta 0.2
[MPI 3/9] Map 2, rank 18, beam 1, simulating beta 0.4
[MPI 4/9] Map 2, rank 18, beam 1, simulating beta 0.5
[MPI 5/9] Map 2, rank 18, beam 1, simulating beta 0.6
[MPI 7/9] Map 2, rank 18, beam 1, simulating beta 0.8
[MPI 6/9] Map 2, rank 18, beam 2, simulating beta 0.7
[MPI 8/9] Map 2, rank 18, beam 2, simulating beta 0.9
[MPI 7/9] Map 2, rank 18, beam 2, simulating beta 0.8
[MPI 3/9] Map 2, rank 18, beam 2, simulating beta 0.4
[MPI 4/9] Map 2, rank 18, beam 2, simulating beta 0.5
[MPI 5/9] Map 2, rank 18, beam 2, simulating beta 0.6
[MPI 1/9] Map 2, rank 18, beam 2, simulating beta 0.2
[MPI 0/9] Map 2, rank 18, beam 2, simulating beta 0.1
[MPI 2/9] Map 2, rank 18, beam 2, simulating beta 0.3
Map 2, rank 18: best beta=0.5, parent beam=1, weighted RMSE 11.9877 -> 11.3823, beam size=3, recorded samples=6
[MPI 6/9] Map 2, rank 19, beam 0, simulating beta 0.7
[MPI 7/9] Map 2, rank 19, beam 0, simulating beta 0.8
[MPI 0/9] Map 2, rank 19, beam 0, simulating beta 0.1
[MPI 1/9] Map 2, rank 19, beam 0, simulating beta 0.2
[MPI 2/9] Map 2, rank 19, beam 0, simulating beta 0.3
[MPI 3/9] Map 2, rank 19, beam 0, simulating beta 0.4
[MPI 4/9] Map 2, rank 19, beam 0, simulating beta 0.5
[MPI 5/9] Map 2, rank 19, beam 0, simulating beta 0.6
[MPI 8/9] Map 2, rank 19, beam 0, simulating beta 0.9
[MPI 7/9] Map 2, rank 19, beam 1, simulating beta 0.8
[MPI 6/9] Map 2, rank 19, beam 1, simulating beta 0.7
[MPI 8/9] Map 2, rank 19, beam 1, simulating beta 0.9
[MPI 4/9] Map 2, rank 19, beam 1, simulating beta 0.5
[MPI 3/9] Map 2, rank 19, beam 1, simulating beta 0.4
[MPI 1/9] Map 2, rank 19, beam 1, simulating beta 0.2
[MPI 5/9] Map 2, rank 19, beam 1, simulating beta 0.6
[MPI 2/9] Map 2, rank 19, beam 1, simulating beta 0.3
[MPI 0/9] Map 2, rank 19, beam 1, simulating beta 0.1
[MPI 7/9] Map 2, rank 19, beam 2, simulating beta 0.8
[MPI 6/9] Map 2, rank 19, beam 2, simulating beta 0.7
[MPI 8/9] Map 2, rank 19, beam 2, simulating beta 0.9
[MPI 4/9] Map 2, rank 19, beam 2, simulating beta 0.5
[MPI 5/9] Map 2, rank 19, beam 2, simulating beta 0.6
[MPI 3/9] Map 2, rank 19, beam 2, simulating beta 0.4
[MPI 1/9] Map 2, rank 19, beam 2, simulating beta 0.2
[MPI 2/9] Map 2, rank 19, beam 2, simulating beta 0.3
[MPI 0/9] Map 2, rank 19, beam 2, simulating beta 0.1
Map 2, rank 19: best beta=0.1, parent beam=0, weighted RMSE 11.3823 -> 10.9755, beam size=3, recorded samples=3
[MPI 3/9] Map 2, rank 20, beam 0, simulating beta 0.4
[MPI 7/9] Map 2, rank 20, beam 0, simulating beta 0.8
[MPI 1/9] Map 2, rank 20, beam 0, simulating beta 0.2
[MPI 6/9] Map 2, rank 20, beam 0, simulating beta 0.7
[MPI 2/9] Map 2, rank 20, beam 0, simulating beta 0.3
[MPI 5/9] Map 2, rank 20, beam 0, simulating beta 0.6
[MPI 8/9] Map 2, rank 20, beam 0, simulating beta 0.9
[MPI 0/9] Map 2, rank 20, beam 0, simulating beta 0.1
[MPI 4/9] Map 2, rank 20, beam 0, simulating beta 0.5
[MPI 8/9] Map 2, rank 20, beam 1, simulating beta 0.9
[MPI 6/9] Map 2, rank 20, beam 1, simulating beta 0.7
[MPI 4/9] Map 2, rank 20, beam 1, simulating beta 0.5
[MPI 7/9] Map 2, rank 20, beam 1, simulating beta 0.8
[MPI 1/9] Map 2, rank 20, beam 1, simulating beta 0.2
[MPI 2/9] Map 2, rank 20, beam 1, simulating beta 0.3
[MPI 0/9] Map 2, rank 20, beam 1, simulating beta 0.1
[MPI 3/9] Map 2, rank 20, beam 1, simulating beta 0.4
[MPI 5/9] Map 2, rank 20, beam 1, simulating beta 0.6
[MPI 6/9] Map 2, rank 20, beam 2, simulating beta 0.7
[MPI 8/9] Map 2, rank 20, beam 2, simulating beta 0.9
[MPI 4/9] Map 2, rank 20, beam 2, simulating beta 0.5
[MPI 7/9] Map 2, rank 20, beam 2, simulating beta 0.8
[MPI 0/9] Map 2, rank 20, beam 2, simulating beta 0.1
[MPI 1/9] Map 2, rank 20, beam 2, simulating beta 0.2
[MPI 2/9] Map 2, rank 20, beam 2, simulating beta 0.3
[MPI 3/9] Map 2, rank 20, beam 2, simulating beta 0.4
[MPI 5/9] Map 2, rank 20, beam 2, simulating beta 0.6
Map 2, rank 20: best beta=0.1, parent beam=0, weighted RMSE 10.9755 -> 10.6777, beam size=3, recorded samples=4
[MPI 1/9] Map 2, rank 21, beam 0, simulating beta 0.2
[MPI 6/9] Map 2, rank 21, beam 0, simulating beta 0.7
[MPI 3/9] Map 2, rank 21, beam 0, simulating beta 0.4
[MPI 7/9] Map 2, rank 21, beam 0, simulating beta 0.8
[MPI 2/9] Map 2, rank 21, beam 0, simulating beta 0.3
[MPI 4/9] Map 2, rank 21, beam 0, simulating beta 0.5
[MPI 5/9] Map 2, rank 21, beam 0, simulating beta 0.6
[MPI 8/9] Map 2, rank 21, beam 0, simulating beta 0.9
[MPI 0/9] Map 2, rank 21, beam 0, simulating beta 0.1
[MPI 7/9] Map 2, rank 21, beam 1, simulating beta 0.8
[MPI 8/9] Map 2, rank 21, beam 1, simulating beta 0.9
[MPI 6/9] Map 2, rank 21, beam 1, simulating beta 0.7
[MPI 0/9] Map 2, rank 21, beam 1, simulating beta 0.1
[MPI 3/9] Map 2, rank 21, beam 1, simulating beta 0.4
[MPI 4/9] Map 2, rank 21, beam 1, simulating beta 0.5
[MPI 1/9] Map 2, rank 21, beam 1, simulating beta 0.2
[MPI 2/9] Map 2, rank 21, beam 1, simulating beta 0.3
[MPI 5/9] Map 2, rank 21, beam 1, simulating beta 0.6
[MPI 7/9] Map 2, rank 21, beam 2, simulating beta 0.8
[MPI 8/9] Map 2, rank 21, beam 2, simulating beta 0.9
[MPI 6/9] Map 2, rank 21, beam 2, simulating beta 0.7
[MPI 1/9] Map 2, rank 21, beam 2, simulating beta 0.2
[MPI 3/9] Map 2, rank 21, beam 2, simulating beta 0.4
[MPI 5/9] Map 2, rank 21, beam 2, simulating beta 0.6
[MPI 0/9] Map 2, rank 21, beam 2, simulating beta 0.1
[MPI 2/9] Map 2, rank 21, beam 2, simulating beta 0.3
[MPI 4/9] Map 2, rank 21, beam 2, simulating beta 0.5
Map 2, rank 21: best beta=0.1, parent beam=1, weighted RMSE 10.3901 -> 9.5609, beam size=3, recorded samples=3
[MPI 1/9] Map 2, rank 22, beam 0, simulating beta 0.2
[MPI 6/9] Map 2, rank 22, beam 0, simulating beta 0.7
[MPI 7/9] Map 2, rank 22, beam 0, simulating beta 0.8
[MPI 8/9] Map 2, rank 22, beam 0, simulating beta 0.9
[MPI 3/9] Map 2, rank 22, beam 0, simulating beta 0.4
[MPI 5/9] Map 2, rank 22, beam 0, simulating beta 0.6
[MPI 2/9] Map 2, rank 22, beam 0, simulating beta 0.3
[MPI 4/9] Map 2, rank 22, beam 0, simulating beta 0.5
[MPI 0/9] Map 2, rank 22, beam 0, simulating beta 0.1
[MPI 6/9] Map 2, rank 22, beam 1, simulating beta 0.7
[MPI 7/9] Map 2, rank 22, beam 1, simulating beta 0.8
[MPI 8/9] Map 2, rank 22, beam 1, simulating beta 0.9
[MPI 0/9] Map 2, rank 22, beam 1, simulating beta 0.1
[MPI 3/9] Map 2, rank 22, beam 1, simulating beta 0.4
[MPI 1/9] Map 2, rank 22, beam 1, simulating beta 0.2
[MPI 2/9] Map 2, rank 22, beam 1, simulating beta 0.3
[MPI 4/9] Map 2, rank 22, beam 1, simulating beta 0.5
[MPI 5/9] Map 2, rank 22, beam 1, simulating beta 0.6
[MPI 6/9] Map 2, rank 22, beam 2, simulating beta 0.7
[MPI 8/9] Map 2, rank 22, beam 2, simulating beta 0.9
[MPI 7/9] Map 2, rank 22, beam 2, simulating beta 0.8
[MPI 3/9] Map 2, rank 22, beam 2, simulating beta 0.4
[MPI 2/9] Map 2, rank 22, beam 2, simulating beta 0.3
[MPI 0/9] Map 2, rank 22, beam 2, simulating beta 0.1
[MPI 1/9] Map 2, rank 22, beam 2, simulating beta 0.2
[MPI 4/9] Map 2, rank 22, beam 2, simulating beta 0.5
[MPI 5/9] Map 2, rank 22, beam 2, simulating beta 0.6
Map 2, rank 22: best beta=0.2, parent beam=0, weighted RMSE 9.5609 -> 9.5468, beam size=3, recorded samples=4
[MPI 1/9] Map 2, rank 23, beam 0, simulating beta 0.2
[MPI 3/9] Map 2, rank 23, beam 0, simulating beta 0.4
[MPI 5/9] Map 2, rank 23, beam 0, simulating beta 0.6
[MPI 6/9] Map 2, rank 23, beam 0, simulating beta 0.7
[MPI 7/9] Map 2, rank 23, beam 0, simulating beta 0.8
[MPI 8/9] Map 2, rank 23, beam 0, simulating beta 0.9
[MPI 0/9] Map 2, rank 23, beam 0, simulating beta 0.1
[MPI 2/9] Map 2, rank 23, beam 0, simulating beta 0.3
[MPI 4/9] Map 2, rank 23, beam 0, simulating beta 0.5
[MPI 8/9] Map 2, rank 23, beam 1, simulating beta 0.9
[MPI 6/9] Map 2, rank 23, beam 1, simulating beta 0.7
[MPI 7/9] Map 2, rank 23, beam 1, simulating beta 0.8
[MPI 1/9] Map 2, rank 23, beam 1, simulating beta 0.2
[MPI 5/9] Map 2, rank 23, beam 1, simulating beta 0.6
[MPI 0/9] Map 2, rank 23, beam 1, simulating beta 0.1
[MPI 3/9] Map 2, rank 23, beam 1, simulating beta 0.4
[MPI 2/9] Map 2, rank 23, beam 1, simulating beta 0.3
[MPI 4/9] Map 2, rank 23, beam 1, simulating beta 0.5
[MPI 8/9] Map 2, rank 23, beam 2, simulating beta 0.9
[MPI 6/9] Map 2, rank 23, beam 2, simulating beta 0.7
[MPI 7/9] Map 2, rank 23, beam 2, simulating beta 0.8
[MPI 1/9] Map 2, rank 23, beam 2, simulating beta 0.2
[MPI 5/9] Map 2, rank 23, beam 2, simulating beta 0.6
[MPI 0/9] Map 2, rank 23, beam 2, simulating beta 0.1
[MPI 2/9] Map 2, rank 23, beam 2, simulating beta 0.3
[MPI 3/9] Map 2, rank 23, beam 2, simulating beta 0.4
[MPI 4/9] Map 2, rank 23, beam 2, simulating beta 0.5
Map 2, rank 23: best beta=0.2, parent beam=0, weighted RMSE 9.5468 -> 9.2136, beam size=3, recorded samples=4
[MPI 6/9] Map 2, rank 24, beam 0, simulating beta 0.7
[MPI 5/9] Map 2, rank 24, beam 0, simulating beta 0.6
[MPI 7/9] Map 2, rank 24, beam 0, simulating beta 0.8
[MPI 1/9] Map 2, rank 24, beam 0, simulating beta 0.2
[MPI 3/9] Map 2, rank 24, beam 0, simulating beta 0.4
[MPI 8/9] Map 2, rank 24, beam 0, simulating beta 0.9
[MPI 2/9] Map 2, rank 24, beam 0, simulating beta 0.3
[MPI 4/9] Map 2, rank 24, beam 0, simulating beta 0.5
[MPI 0/9] Map 2, rank 24, beam 0, simulating beta 0.1
[MPI 1/9] Map 2, rank 24, beam 1, simulating beta 0.2
[MPI 5/9] Map 2, rank 24, beam 1, simulating beta 0.6
[MPI 8/9] Map 2, rank 24, beam 1, simulating beta 0.9
[MPI 6/9] Map 2, rank 24, beam 1, simulating beta 0.7
[MPI 0/9] Map 2, rank 24, beam 1, simulating beta 0.1
[MPI 3/9] Map 2, rank 24, beam 1, simulating beta 0.4
[MPI 4/9] Map 2, rank 24, beam 1, simulating beta 0.5
[MPI 7/9] Map 2, rank 24, beam 1, simulating beta 0.8
[MPI 2/9] Map 2, rank 24, beam 1, simulating beta 0.3
[MPI 1/9] Map 2, rank 24, beam 2, simulating beta 0.2
[MPI 6/9] Map 2, rank 24, beam 2, simulating beta 0.7
[MPI 8/9] Map 2, rank 24, beam 2, simulating beta 0.9
[MPI 5/9] Map 2, rank 24, beam 2, simulating beta 0.6
[MPI 0/9] Map 2, rank 24, beam 2, simulating beta 0.1
[MPI 3/9] Map 2, rank 24, beam 2, simulating beta 0.4
[MPI 4/9] Map 2, rank 24, beam 2, simulating beta 0.5
[MPI 7/9] Map 2, rank 24, beam 2, simulating beta 0.8
[MPI 2/9] Map 2, rank 24, beam 2, simulating beta 0.3
Map 2, rank 24: best beta=0.4, parent beam=1, weighted RMSE 9.2150 -> 8.9072, beam size=3, recorded samples=5
[MPI 3/9] Map 2, rank 25, beam 0, simulating beta 0.4
[MPI 6/9] Map 2, rank 25, beam 0, simulating beta 0.7
[MPI 1/9] Map 2, rank 25, beam 0, simulating beta 0.2
[MPI 7/9] Map 2, rank 25, beam 0, simulating beta 0.8
[MPI 8/9] Map 2, rank 25, beam 0, simulating beta 0.9
[MPI 2/9] Map 2, rank 25, beam 0, simulating beta 0.3
[MPI 4/9] Map 2, rank 25, beam 0, simulating beta 0.5
[MPI 5/9] Map 2, rank 25, beam 0, simulating beta 0.6
[MPI 0/9] Map 2, rank 25, beam 0, simulating beta 0.1
[MPI 8/9] Map 2, rank 25, beam 1, simulating beta 0.9
[MPI 7/9] Map 2, rank 25, beam 1, simulating beta 0.8
[MPI 6/9] Map 2, rank 25, beam 1, simulating beta 0.7
[MPI 5/9] Map 2, rank 25, beam 1, simulating beta 0.6
[MPI 0/9] Map 2, rank 25, beam 1, simulating beta 0.1
[MPI 3/9] Map 2, rank 25, beam 1, simulating beta 0.4
[MPI 4/9] Map 2, rank 25, beam 1, simulating beta 0.5
[MPI 1/9] Map 2, rank 25, beam 1, simulating beta 0.2
[MPI 2/9] Map 2, rank 25, beam 1, simulating beta 0.3
[MPI 8/9] Map 2, rank 25, beam 2, simulating beta 0.9
[MPI 7/9] Map 2, rank 25, beam 2, simulating beta 0.8
[MPI 6/9] Map 2, rank 25, beam 2, simulating beta 0.7
[MPI 5/9] Map 2, rank 25, beam 2, simulating beta 0.6
[MPI 3/9] Map 2, rank 25, beam 2, simulating beta 0.4
[MPI 0/9] Map 2, rank 25, beam 2, simulating beta 0.1
[MPI 1/9] Map 2, rank 25, beam 2, simulating beta 0.2
[MPI 4/9] Map 2, rank 25, beam 2, simulating beta 0.5
[MPI 2/9] Map 2, rank 25, beam 2, simulating beta 0.3
Map 2, rank 25: best beta=0.1, parent beam=0, weighted RMSE 8.9072 -> 8.6927, beam size=3, recorded samples=3
[MPI 3/9] Map 2, rank 26, beam 0, simulating beta 0.4
[MPI 6/9] Map 2, rank 26, beam 0, simulating beta 0.7
[MPI 5/9] Map 2, rank 26, beam 0, simulating beta 0.6
[MPI 0/9] Map 2, rank 26, beam 0, simulating beta 0.1
[MPI 1/9] Map 2, rank 26, beam 0, simulating beta 0.2
[MPI 2/9] Map 2, rank 26, beam 0, simulating beta 0.3
[MPI 7/9] Map 2, rank 26, beam 0, simulating beta 0.8
[MPI 8/9] Map 2, rank 26, beam 0, simulating beta 0.9
[MPI 4/9] Map 2, rank 26, beam 0, simulating beta 0.5
[MPI 8/9] Map 2, rank 26, beam 1, simulating beta 0.9
[MPI 7/9] Map 2, rank 26, beam 1, simulating beta 0.8
[MPI 1/9] Map 2, rank 26, beam 1, simulating beta 0.2
[MPI 6/9] Map 2, rank 26, beam 1, simulating beta 0.7
[MPI 4/9] Map 2, rank 26, beam 1, simulating beta 0.5
[MPI 3/9] Map 2, rank 26, beam 1, simulating beta 0.4
[MPI 0/9] Map 2, rank 26, beam 1, simulating beta 0.1
[MPI 5/9] Map 2, rank 26, beam 1, simulating beta 0.6
[MPI 2/9] Map 2, rank 26, beam 1, simulating beta 0.3
[MPI 8/9] Map 2, rank 26, beam 2, simulating beta 0.9
[MPI 7/9] Map 2, rank 26, beam 2, simulating beta 0.8
[MPI 1/9] Map 2, rank 26, beam 2, simulating beta 0.2
[MPI 6/9] Map 2, rank 26, beam 2, simulating beta 0.7
[MPI 4/9] Map 2, rank 26, beam 2, simulating beta 0.5
[MPI 3/9] Map 2, rank 26, beam 2, simulating beta 0.4
[MPI 0/9] Map 2, rank 26, beam 2, simulating beta 0.1
[MPI 5/9] Map 2, rank 26, beam 2, simulating beta 0.6
[MPI 2/9] Map 2, rank 26, beam 2, simulating beta 0.3
Map 2, rank 26: best beta=0.7, parent beam=0, weighted RMSE 8.6927 -> 8.5506, beam size=3, recorded samples=5
[MPI 6/9] Map 2, rank 27, beam 0, simulating beta 0.7
[MPI 7/9] Map 2, rank 27, beam 0, simulating beta 0.8
[MPI 1/9] Map 2, rank 27, beam 0, simulating beta 0.2
[MPI 3/9] Map 2, rank 27, beam 0, simulating beta 0.4
[MPI 4/9] Map 2, rank 27, beam 0, simulating beta 0.5
[MPI 5/9] Map 2, rank 27, beam 0, simulating beta 0.6
[MPI 8/9] Map 2, rank 27, beam 0, simulating beta 0.9
[MPI 0/9] Map 2, rank 27, beam 0, simulating beta 0.1
[MPI 2/9] Map 2, rank 27, beam 0, simulating beta 0.3
[MPI 8/9] Map 2, rank 27, beam 1, simulating beta 0.9
[MPI 7/9] Map 2, rank 27, beam 1, simulating beta 0.8
[MPI 6/9] Map 2, rank 27, beam 1, simulating beta 0.7
[MPI 4/9] Map 2, rank 27, beam 1, simulating beta 0.5
[MPI 0/9] Map 2, rank 27, beam 1, simulating beta 0.1
[MPI 3/9] Map 2, rank 27, beam 1, simulating beta 0.4
[MPI 1/9] Map 2, rank 27, beam 1, simulating beta 0.2
[MPI 5/9] Map 2, rank 27, beam 1, simulating beta 0.6
[MPI 2/9] Map 2, rank 27, beam 1, simulating beta 0.3
[MPI 8/9] Map 2, rank 27, beam 2, simulating beta 0.9
[MPI 7/9] Map 2, rank 27, beam 2, simulating beta 0.8
[MPI 6/9] Map 2, rank 27, beam 2, simulating beta 0.7
[MPI 0/9] Map 2, rank 27, beam 2, simulating beta 0.1
[MPI 4/9] Map 2, rank 27, beam 2, simulating beta 0.5
[MPI 3/9] Map 2, rank 27, beam 2, simulating beta 0.4
[MPI 1/9] Map 2, rank 27, beam 2, simulating beta 0.2
[MPI 2/9] Map 2, rank 27, beam 2, simulating beta 0.3
[MPI 5/9] Map 2, rank 27, beam 2, simulating beta 0.6
Map 2, rank 27: best beta=0.2, parent beam=1, weighted RMSE 8.5506 -> 8.4574, beam size=3, recorded samples=3
[MPI 1/9] Map 2, rank 28, beam 0, simulating beta 0.2
[MPI 3/9] Map 2, rank 28, beam 0, simulating beta 0.4
[MPI 6/9] Map 2, rank 28, beam 0, simulating beta 0.7
[MPI 7/9] Map 2, rank 28, beam 0, simulating beta 0.8
[MPI 8/9] Map 2, rank 28, beam 0, simulating beta 0.9
[MPI 2/9] Map 2, rank 28, beam 0, simulating beta 0.3
[MPI 4/9] Map 2, rank 28, beam 0, simulating beta 0.5
[MPI 5/9] Map 2, rank 28, beam 0, simulating beta 0.6
[MPI 0/9] Map 2, rank 28, beam 0, simulating beta 0.1
[MPI 8/9] Map 2, rank 28, beam 1, simulating beta 0.9
[MPI 6/9] Map 2, rank 28, beam 1, simulating beta 0.7
[MPI 7/9] Map 2, rank 28, beam 1, simulating beta 0.8
[MPI 3/9] Map 2, rank 28, beam 1, simulating beta 0.4
[MPI 0/9] Map 2, rank 28, beam 1, simulating beta 0.1
[MPI 1/9] Map 2, rank 28, beam 1, simulating beta 0.2
[MPI 2/9] Map 2, rank 28, beam 1, simulating beta 0.3
[MPI 4/9] Map 2, rank 28, beam 1, simulating beta 0.5
[MPI 5/9] Map 2, rank 28, beam 1, simulating beta 0.6
[MPI 8/9] Map 2, rank 28, beam 2, simulating beta 0.9
[MPI 7/9] Map 2, rank 28, beam 2, simulating beta 0.8
[MPI 3/9] Map 2, rank 28, beam 2, simulating beta 0.4
[MPI 6/9] Map 2, rank 28, beam 2, simulating beta 0.7
[MPI 0/9] Map 2, rank 28, beam 2, simulating beta 0.1
[MPI 1/9] Map 2, rank 28, beam 2, simulating beta 0.2
[MPI 2/9] Map 2, rank 28, beam 2, simulating beta 0.3
[MPI 4/9] Map 2, rank 28, beam 2, simulating beta 0.5
[MPI 5/9] Map 2, rank 28, beam 2, simulating beta 0.6
Map 2, rank 28: best beta=0.3, parent beam=0, weighted RMSE 8.4574 -> 8.2669, beam size=3, recorded samples=3
[MPI 3/9] Map 2, rank 29, beam 0, simulating beta 0.4
[MPI 1/9] Map 2, rank 29, beam 0, simulating beta 0.2
[MPI 6/9] Map 2, rank 29, beam 0, simulating beta 0.7
[MPI 7/9] Map 2, rank 29, beam 0, simulating beta 0.8
[MPI 8/9] Map 2, rank 29, beam 0, simulating beta 0.9
[MPI 0/9] Map 2, rank 29, beam 0, simulating beta 0.1
[MPI 2/9] Map 2, rank 29, beam 0, simulating beta 0.3
[MPI 4/9] Map 2, rank 29, beam 0, simulating beta 0.5
[MPI 5/9] Map 2, rank 29, beam 0, simulating beta 0.6
[MPI 8/9] Map 2, rank 29, beam 1, simulating beta 0.9
[MPI 7/9] Map 2, rank 29, beam 1, simulating beta 0.8
[MPI 6/9] Map 2, rank 29, beam 1, simulating beta 0.7
[MPI 3/9] Map 2, rank 29, beam 1, simulating beta 0.4
[MPI 4/9] Map 2, rank 29, beam 1, simulating beta 0.5
[MPI 0/9] Map 2, rank 29, beam 1, simulating beta 0.1
[MPI 2/9] Map 2, rank 29, beam 1, simulating beta 0.3
[MPI 1/9] Map 2, rank 29, beam 1, simulating beta 0.2
[MPI 5/9] Map 2, rank 29, beam 1, simulating beta 0.6
[MPI 8/9] Map 2, rank 29, beam 2, simulating beta 0.9
[MPI 7/9] Map 2, rank 29, beam 2, simulating beta 0.8
[MPI 6/9] Map 2, rank 29, beam 2, simulating beta 0.7
[MPI 3/9] Map 2, rank 29, beam 2, simulating beta 0.4
[MPI 4/9] Map 2, rank 29, beam 2, simulating beta 0.5
[MPI 5/9] Map 2, rank 29, beam 2, simulating beta 0.6
[MPI 0/9] Map 2, rank 29, beam 2, simulating beta 0.1
[MPI 1/9] Map 2, rank 29, beam 2, simulating beta 0.2
[MPI 2/9] Map 2, rank 29, beam 2, simulating beta 0.3
Map 2, rank 29: best beta=0.1, parent beam=0, weighted RMSE 8.2669 -> 8.2272, beam size=3, recorded samples=3
[MPI 1/9] Map 2, rank 30, beam 0, simulating beta 0.2
[MPI 3/9] Map 2, rank 30, beam 0, simulating beta 0.4
[MPI 4/9] Map 2, rank 30, beam 0, simulating beta 0.5
[MPI 5/9] Map 2, rank 30, beam 0, simulating beta 0.6
[MPI 6/9] Map 2, rank 30, beam 0, simulating beta 0.7
[MPI 7/9] Map 2, rank 30, beam 0, simulating beta 0.8
[MPI 8/9] Map 2, rank 30, beam 0, simulating beta 0.9
[MPI 2/9] Map 2, rank 30, beam 0, simulating beta 0.3
[MPI 0/9] Map 2, rank 30, beam 0, simulating beta 0.1
[MPI 6/9] Map 2, rank 30, beam 1, simulating beta 0.7
[MPI 7/9] Map 2, rank 30, beam 1, simulating beta 0.8
[MPI 8/9] Map 2, rank 30, beam 1, simulating beta 0.9
[MPI 4/9] Map 2, rank 30, beam 1, simulating beta 0.5
[MPI 3/9] Map 2, rank 30, beam 1, simulating beta 0.4
[MPI 1/9] Map 2, rank 30, beam 1, simulating beta 0.2
[MPI 0/9] Map 2, rank 30, beam 1, simulating beta 0.1
[MPI 2/9] Map 2, rank 30, beam 1, simulating beta 0.3
[MPI 5/9] Map 2, rank 30, beam 1, simulating beta 0.6
[MPI 6/9] Map 2, rank 30, beam 2, simulating beta 0.7
[MPI 7/9] Map 2, rank 30, beam 2, simulating beta 0.8
[MPI 8/9] Map 2, rank 30, beam 2, simulating beta 0.9
[MPI 4/9] Map 2, rank 30, beam 2, simulating beta 0.5
[MPI 3/9] Map 2, rank 30, beam 2, simulating beta 0.4
[MPI 5/9] Map 2, rank 30, beam 2, simulating beta 0.6
[MPI 1/9] Map 2, rank 30, beam 2, simulating beta 0.2
[MPI 0/9] Map 2, rank 30, beam 2, simulating beta 0.1
[MPI 2/9] Map 2, rank 30, beam 2, simulating beta 0.3
Map 2, rank 30: best beta=0.1, parent beam=2, weighted RMSE 8.2519 -> 7.9536, beam size=3, recorded samples=3
[MPI 8/9] Map 2, rank 31, beam 0, simulating beta 0.9
[MPI 1/9] Map 2, rank 31, beam 0, simulating beta 0.2
[MPI 3/9] Map 2, rank 31, beam 0, simulating beta 0.4
[MPI 6/9] Map 2, rank 31, beam 0, simulating beta 0.7
[MPI 7/9] Map 2, rank 31, beam 0, simulating beta 0.8
[MPI 2/9] Map 2, rank 31, beam 0, simulating beta 0.3
[MPI 4/9] Map 2, rank 31, beam 0, simulating beta 0.5
[MPI 5/9] Map 2, rank 31, beam 0, simulating beta 0.6
[MPI 0/9] Map 2, rank 31, beam 0, simulating beta 0.1
[MPI 8/9] Map 2, rank 31, beam 1, simulating beta 0.9
[MPI 7/9] Map 2, rank 31, beam 1, simulating beta 0.8
[MPI 1/9] Map 2, rank 31, beam 1, simulating beta 0.2
[MPI 6/9] Map 2, rank 31, beam 1, simulating beta 0.7
[MPI 0/9] Map 2, rank 31, beam 1, simulating beta 0.1
[MPI 2/9] Map 2, rank 31, beam 1, simulating beta 0.3
[MPI 3/9] Map 2, rank 31, beam 1, simulating beta 0.4
[MPI 4/9] Map 2, rank 31, beam 1, simulating beta 0.5
[MPI 5/9] Map 2, rank 31, beam 1, simulating beta 0.6
[MPI 8/9] Map 2, rank 31, beam 2, simulating beta 0.9
[MPI 7/9] Map 2, rank 31, beam 2, simulating beta 0.8
[MPI 6/9] Map 2, rank 31, beam 2, simulating beta 0.7
[MPI 1/9] Map 2, rank 31, beam 2, simulating beta 0.2
[MPI 3/9] Map 2, rank 31, beam 2, simulating beta 0.4
[MPI 4/9] Map 2, rank 31, beam 2, simulating beta 0.5
[MPI 2/9] Map 2, rank 31, beam 2, simulating beta 0.3
[MPI 0/9] Map 2, rank 31, beam 2, simulating beta 0.1
[MPI 5/9] Map 2, rank 31, beam 2, simulating beta 0.6
Map 2, rank 31: best beta=0.1, parent beam=0, weighted RMSE 7.9536 -> 7.8861, beam size=3, recorded samples=3
[MPI 1/9] Map 2, rank 32, beam 0, simulating beta 0.2
[MPI 3/9] Map 2, rank 32, beam 0, simulating beta 0.4
[MPI 6/9] Map 2, rank 32, beam 0, simulating beta 0.7
[MPI 7/9] Map 2, rank 32, beam 0, simulating beta 0.8
[MPI 8/9] Map 2, rank 32, beam 0, simulating beta 0.9
[MPI 0/9] Map 2, rank 32, beam 0, simulating beta 0.1
[MPI 4/9] Map 2, rank 32, beam 0, simulating beta 0.5
[MPI 5/9] Map 2, rank 32, beam 0, simulating beta 0.6
[MPI 2/9] Map 2, rank 32, beam 0, simulating beta 0.3
[MPI 6/9] Map 2, rank 32, beam 1, simulating beta 0.7
[MPI 8/9] Map 2, rank 32, beam 1, simulating beta 0.9
[MPI 1/9] Map 2, rank 32, beam 1, simulating beta 0.2
[MPI 7/9] Map 2, rank 32, beam 1, simulating beta 0.8
[MPI 0/9] Map 2, rank 32, beam 1, simulating beta 0.1
[MPI 2/9] Map 2, rank 32, beam 1, simulating beta 0.3
[MPI 3/9] Map 2, rank 32, beam 1, simulating beta 0.4
[MPI 4/9] Map 2, rank 32, beam 1, simulating beta 0.5
[MPI 5/9] Map 2, rank 32, beam 1, simulating beta 0.6
[MPI 6/9] Map 2, rank 32, beam 2, simulating beta 0.7
[MPI 8/9] Map 2, rank 32, beam 2, simulating beta 0.9
[MPI 7/9] Map 2, rank 32, beam 2, simulating beta 0.8
[MPI 3/9] Map 2, rank 32, beam 2, simulating beta 0.4
[MPI 1/9] Map 2, rank 32, beam 2, simulating beta 0.2
[MPI 0/9] Map 2, rank 32, beam 2, simulating beta 0.1
[MPI 2/9] Map 2, rank 32, beam 2, simulating beta 0.3
[MPI 4/9] Map 2, rank 32, beam 2, simulating beta 0.5
[MPI 5/9] Map 2, rank 32, beam 2, simulating beta 0.6
Map 2, rank 32: best beta=0.1, parent beam=0, weighted RMSE 7.8861 -> 7.6439, beam size=3, recorded samples=3
[MPI 6/9] Map 2, rank 33, beam 0, simulating beta 0.7
[MPI 5/9] Map 2, rank 33, beam 0, simulating beta 0.6
[MPI 3/9] Map 2, rank 33, beam 0, simulating beta 0.4
[MPI 1/9] Map 2, rank 33, beam 0, simulating beta 0.2
[MPI 7/9] Map 2, rank 33, beam 0, simulating beta 0.8
[MPI 8/9] Map 2, rank 33, beam 0, simulating beta 0.9
[MPI 2/9] Map 2, rank 33, beam 0, simulating beta 0.3
[MPI 4/9] Map 2, rank 33, beam 0, simulating beta 0.5
[MPI 0/9] Map 2, rank 33, beam 0, simulating beta 0.1
[MPI 6/9] Map 2, rank 33, beam 1, simulating beta 0.7
[MPI 7/9] Map 2, rank 33, beam 1, simulating beta 0.8
[MPI 8/9] Map 2, rank 33, beam 1, simulating beta 0.9
[MPI 4/9] Map 2, rank 33, beam 1, simulating beta 0.5
[MPI 5/9] Map 2, rank 33, beam 1, simulating beta 0.6
[MPI 3/9] Map 2, rank 33, beam 1, simulating beta 0.4
[MPI 0/9] Map 2, rank 33, beam 1, simulating beta 0.1
[MPI 1/9] Map 2, rank 33, beam 1, simulating beta 0.2
[MPI 2/9] Map 2, rank 33, beam 1, simulating beta 0.3
[MPI 6/9] Map 2, rank 33, beam 2, simulating beta 0.7
[MPI 7/9] Map 2, rank 33, beam 2, simulating beta 0.8
[MPI 8/9] Map 2, rank 33, beam 2, simulating beta 0.9
[MPI 4/9] Map 2, rank 33, beam 2, simulating beta 0.5
[MPI 3/9] Map 2, rank 33, beam 2, simulating beta 0.4
[MPI 5/9] Map 2, rank 33, beam 2, simulating beta 0.6
[MPI 0/9] Map 2, rank 33, beam 2, simulating beta 0.1
[MPI 1/9] Map 2, rank 33, beam 2, simulating beta 0.2
[MPI 2/9] Map 2, rank 33, beam 2, simulating beta 0.3
Map 2, rank 33: best beta=0.4, parent beam=0, weighted RMSE 7.6439 -> 7.4469, beam size=3, recorded samples=3
[MPI 0/9] Map 2, rank 34, beam 0, simulating beta 0.1
[MPI 1/9] Map 2, rank 34, beam 0, simulating beta 0.2
[MPI 2/9] Map 2, rank 34, beam 0, simulating beta 0.3
[MPI 3/9] Map 2, rank 34, beam 0, simulating beta 0.4
[MPI 4/9] Map 2, rank 34, beam 0, simulating beta 0.5
[MPI 5/9] Map 2, rank 34, beam 0, simulating beta 0.6
[MPI 6/9] Map 2, rank 34, beam 0, simulating beta 0.7
[MPI 7/9] Map 2, rank 34, beam 0, simulating beta 0.8
[MPI 8/9] Map 2, rank 34, beam 0, simulating beta 0.9
[MPI 6/9] Map 2, rank 34, beam 1, simulating beta 0.7
[MPI 7/9] Map 2, rank 34, beam 1, simulating beta 0.8
[MPI 8/9] Map 2, rank 34, beam 1, simulating beta 0.9
[MPI 3/9] Map 2, rank 34, beam 1, simulating beta 0.4
[MPI 4/9] Map 2, rank 34, beam 1, simulating beta 0.5
[MPI 0/9] Map 2, rank 34, beam 1, simulating beta 0.1
[MPI 5/9] Map 2, rank 34, beam 1, simulating beta 0.6
[MPI 2/9] Map 2, rank 34, beam 1, simulating beta 0.3
[MPI 1/9] Map 2, rank 34, beam 1, simulating beta 0.2
[MPI 6/9] Map 2, rank 34, beam 2, simulating beta 0.7
[MPI 8/9] Map 2, rank 34, beam 2, simulating beta 0.9
[MPI 7/9] Map 2, rank 34, beam 2, simulating beta 0.8
[MPI 3/9] Map 2, rank 34, beam 2, simulating beta 0.4
[MPI 4/9] Map 2, rank 34, beam 2, simulating beta 0.5
[MPI 2/9] Map 2, rank 34, beam 2, simulating beta 0.3
[MPI 0/9] Map 2, rank 34, beam 2, simulating beta 0.1
[MPI 1/9] Map 2, rank 34, beam 2, simulating beta 0.2
[MPI 5/9] Map 2, rank 34, beam 2, simulating beta 0.6
Map 2, rank 34: best beta=0.2, parent beam=2, weighted RMSE 7.4531 -> 7.3110, beam size=3, recorded samples=3
[MPI 3/9] Map 2, rank 35, beam 0, simulating beta 0.4
[MPI 5/9] Map 2, rank 35, beam 0, simulating beta 0.6
[MPI 6/9] Map 2, rank 35, beam 0, simulating beta 0.7
[MPI 8/9] Map 2, rank 35, beam 0, simulating beta 0.9
[MPI 7/9] Map 2, rank 35, beam 0, simulating beta 0.8
[MPI 0/9] Map 2, rank 35, beam 0, simulating beta 0.1
[MPI 1/9] Map 2, rank 35, beam 0, simulating beta 0.2
[MPI 2/9] Map 2, rank 35, beam 0, simulating beta 0.3
[MPI 4/9] Map 2, rank 35, beam 0, simulating beta 0.5
[MPI 6/9] Map 2, rank 35, beam 1, simulating beta 0.7
[MPI 7/9] Map 2, rank 35, beam 1, simulating beta 0.8
[MPI 8/9] Map 2, rank 35, beam 1, simulating beta 0.9
[MPI 5/9] Map 2, rank 35, beam 1, simulating beta 0.6
[MPI 3/9] Map 2, rank 35, beam 1, simulating beta 0.4
[MPI 0/9] Map 2, rank 35, beam 1, simulating beta 0.1
[MPI 2/9] Map 2, rank 35, beam 1, simulating beta 0.3
[MPI 1/9] Map 2, rank 35, beam 1, simulating beta 0.2
[MPI 4/9] Map 2, rank 35, beam 1, simulating beta 0.5
[MPI 6/9] Map 2, rank 35, beam 2, simulating beta 0.7
[MPI 8/9] Map 2, rank 35, beam 2, simulating beta 0.9
[MPI 7/9] Map 2, rank 35, beam 2, simulating beta 0.8
[MPI 5/9] Map 2, rank 35, beam 2, simulating beta 0.6
[MPI 3/9] Map 2, rank 35, beam 2, simulating beta 0.4
[MPI 0/9] Map 2, rank 35, beam 2, simulating beta 0.1
[MPI 1/9] Map 2, rank 35, beam 2, simulating beta 0.2
[MPI 2/9] Map 2, rank 35, beam 2, simulating beta 0.3
[MPI 4/9] Map 2, rank 35, beam 2, simulating beta 0.5
Map 2, rank 35: best beta=0.1, parent beam=1, weighted RMSE 7.3437 -> 7.2071, beam size=3, recorded samples=3
[MPI 8/9] Map 2, rank 36, beam 0, simulating beta 0.9
[MPI 1/9] Map 2, rank 36, beam 0, simulating beta 0.2
[MPI 3/9] Map 2, rank 36, beam 0, simulating beta 0.4
[MPI 6/9] Map 2, rank 36, beam 0, simulating beta 0.7
[MPI 7/9] Map 2, rank 36, beam 0, simulating beta 0.8
[MPI 2/9] Map 2, rank 36, beam 0, simulating beta 0.3
[MPI 4/9] Map 2, rank 36, beam 0, simulating beta 0.5
[MPI 5/9] Map 2, rank 36, beam 0, simulating beta 0.6
[MPI 0/9] Map 2, rank 36, beam 0, simulating beta 0.1
[MPI 7/9] Map 2, rank 36, beam 1, simulating beta 0.8
[MPI 6/9] Map 2, rank 36, beam 1, simulating beta 0.7
[MPI 8/9] Map 2, rank 36, beam 1, simulating beta 0.9
[MPI 5/9] Map 2, rank 36, beam 1, simulating beta 0.6
[MPI 0/9] Map 2, rank 36, beam 1, simulating beta 0.1
[MPI 1/9] Map 2, rank 36, beam 1, simulating beta 0.2
[MPI 3/9] Map 2, rank 36, beam 1, simulating beta 0.4
[MPI 4/9] Map 2, rank 36, beam 1, simulating beta 0.5
[MPI 2/9] Map 2, rank 36, beam 1, simulating beta 0.3
[MPI 6/9] Map 2, rank 36, beam 2, simulating beta 0.7
[MPI 7/9] Map 2, rank 36, beam 2, simulating beta 0.8
[MPI 8/9] Map 2, rank 36, beam 2, simulating beta 0.9
[MPI 5/9] Map 2, rank 36, beam 2, simulating beta 0.6
[MPI 3/9] Map 2, rank 36, beam 2, simulating beta 0.4
[MPI 0/9] Map 2, rank 36, beam 2, simulating beta 0.1
[MPI 1/9] Map 2, rank 36, beam 2, simulating beta 0.2
[MPI 4/9] Map 2, rank 36, beam 2, simulating beta 0.5
[MPI 2/9] Map 2, rank 36, beam 2, simulating beta 0.3
Map 2, rank 36: best beta=0.1, parent beam=2, weighted RMSE 7.2091 -> 7.0251, beam size=3, recorded samples=3
[MPI 7/9] Map 2, rank 37, beam 0, simulating beta 0.8
[MPI 3/9] Map 2, rank 37, beam 0, simulating beta 0.4
[MPI 1/9] Map 2, rank 37, beam 0, simulating beta 0.2
[MPI 2/9] Map 2, rank 37, beam 0, simulating beta 0.3
[MPI 5/9] Map 2, rank 37, beam 0, simulating beta 0.6
[MPI 6/9] Map 2, rank 37, beam 0, simulating beta 0.7
[MPI 8/9] Map 2, rank 37, beam 0, simulating beta 0.9
[MPI 0/9] Map 2, rank 37, beam 0, simulating beta 0.1
[MPI 4/9] Map 2, rank 37, beam 0, simulating beta 0.5
[MPI 8/9] Map 2, rank 37, beam 1, simulating beta 0.9
[MPI 7/9] Map 2, rank 37, beam 1, simulating beta 0.8
[MPI 4/9] Map 2, rank 37, beam 1, simulating beta 0.5
[MPI 0/9] Map 2, rank 37, beam 1, simulating beta 0.1
[MPI 2/9] Map 2, rank 37, beam 1, simulating beta 0.3
[MPI 1/9] Map 2, rank 37, beam 1, simulating beta 0.2
[MPI 6/9] Map 2, rank 37, beam 1, simulating beta 0.7
[MPI 3/9] Map 2, rank 37, beam 1, simulating beta 0.4
[MPI 5/9] Map 2, rank 37, beam 1, simulating beta 0.6
[MPI 8/9] Map 2, rank 37, beam 2, simulating beta 0.9
[MPI 7/9] Map 2, rank 37, beam 2, simulating beta 0.8
[MPI 4/9] Map 2, rank 37, beam 2, simulating beta 0.5
[MPI 0/9] Map 2, rank 37, beam 2, simulating beta 0.1
[MPI 6/9] Map 2, rank 37, beam 2, simulating beta 0.7
[MPI 5/9] Map 2, rank 37, beam 2, simulating beta 0.6
[MPI 2/9] Map 2, rank 37, beam 2, simulating beta 0.3
[MPI 1/9] Map 2, rank 37, beam 2, simulating beta 0.2
[MPI 3/9] Map 2, rank 37, beam 2, simulating beta 0.4
Map 2, rank 37: best beta=0.2, parent beam=0, weighted RMSE 7.0251 -> 6.9667, beam size=3, recorded samples=3
[MPI 3/9] Map 2, rank 38, beam 0, simulating beta 0.4
[MPI 1/9] Map 2, rank 38, beam 0, simulating beta 0.2
[MPI 2/9] Map 2, rank 38, beam 0, simulating beta 0.3
[MPI 5/9] Map 2, rank 38, beam 0, simulating beta 0.6
[MPI 6/9] Map 2, rank 38, beam 0, simulating beta 0.7
[MPI 7/9] Map 2, rank 38, beam 0, simulating beta 0.8
[MPI 8/9] Map 2, rank 38, beam 0, simulating beta 0.9
[MPI 0/9] Map 2, rank 38, beam 0, simulating beta 0.1
[MPI 4/9] Map 2, rank 38, beam 0, simulating beta 0.5
[MPI 7/9] Map 2, rank 38, beam 1, simulating beta 0.8
[MPI 6/9] Map 2, rank 38, beam 1, simulating beta 0.7
[MPI 8/9] Map 2, rank 38, beam 1, simulating beta 0.9
[MPI 0/9] Map 2, rank 38, beam 1, simulating beta 0.1
[MPI 2/9] Map 2, rank 38, beam 1, simulating beta 0.3
[MPI 3/9] Map 2, rank 38, beam 1, simulating beta 0.4
[MPI 1/9] Map 2, rank 38, beam 1, simulating beta 0.2
[MPI 4/9] Map 2, rank 38, beam 1, simulating beta 0.5
[MPI 5/9] Map 2, rank 38, beam 1, simulating beta 0.6
[MPI 6/9] Map 2, rank 38, beam 2, simulating beta 0.7
[MPI 8/9] Map 2, rank 38, beam 2, simulating beta 0.9
[MPI 7/9] Map 2, rank 38, beam 2, simulating beta 0.8
[MPI 4/9] Map 2, rank 38, beam 2, simulating beta 0.5
[MPI 0/9] Map 2, rank 38, beam 2, simulating beta 0.1
[MPI 5/9] Map 2, rank 38, beam 2, simulating beta 0.6
[MPI 3/9] Map 2, rank 38, beam 2, simulating beta 0.4
[MPI 2/9] Map 2, rank 38, beam 2, simulating beta 0.3
[MPI 1/9] Map 2, rank 38, beam 2, simulating beta 0.2
Map 2, rank 38: best beta=0.2, parent beam=2, weighted RMSE 7.0056 -> 6.7968, beam size=3, recorded samples=4
[MPI 7/9] Map 2, rank 39, beam 0, simulating beta 0.8
[MPI 1/9] Map 2, rank 39, beam 0, simulating beta 0.2
[MPI 8/9] Map 2, rank 39, beam 0, simulating beta 0.9
[MPI 3/9] Map 2, rank 39, beam 0, simulating beta 0.4
[MPI 5/9] Map 2, rank 39, beam 0, simulating beta 0.6
[MPI 6/9] Map 2, rank 39, beam 0, simulating beta 0.7
[MPI 2/9] Map 2, rank 39, beam 0, simulating beta 0.3
[MPI 4/9] Map 2, rank 39, beam 0, simulating beta 0.5
[MPI 0/9] Map 2, rank 39, beam 0, simulating beta 0.1
[MPI 8/9] Map 2, rank 39, beam 1, simulating beta 0.9
[MPI 6/9] Map 2, rank 39, beam 1, simulating beta 0.7
[MPI 7/9] Map 2, rank 39, beam 1, simulating beta 0.8
[MPI 4/9] Map 2, rank 39, beam 1, simulating beta 0.5
[MPI 3/9] Map 2, rank 39, beam 1, simulating beta 0.4
[MPI 0/9] Map 2, rank 39, beam 1, simulating beta 0.1
[MPI 2/9] Map 2, rank 39, beam 1, simulating beta 0.3
[MPI 5/9] Map 2, rank 39, beam 1, simulating beta 0.6
[MPI 1/9] Map 2, rank 39, beam 1, simulating beta 0.2
[MPI 8/9] Map 2, rank 39, beam 2, simulating beta 0.9
[MPI 6/9] Map 2, rank 39, beam 2, simulating beta 0.7
[MPI 7/9] Map 2, rank 39, beam 2, simulating beta 0.8
[MPI 3/9] Map 2, rank 39, beam 2, simulating beta 0.4
[MPI 0/9] Map 2, rank 39, beam 2, simulating beta 0.1
[MPI 1/9] Map 2, rank 39, beam 2, simulating beta 0.2
[MPI 2/9] Map 2, rank 39, beam 2, simulating beta 0.3
[MPI 4/9] Map 2, rank 39, beam 2, simulating beta 0.5
[MPI 5/9] Map 2, rank 39, beam 2, simulating beta 0.6
Map 2, rank 39: best beta=0.1, parent beam=0, weighted RMSE 6.7968 -> 6.6717, beam size=3, recorded samples=3
[MPI 5/9] Map 2, rank 40, beam 0, simulating beta 0.6
[MPI 6/9] Map 2, rank 40, beam 0, simulating beta 0.7
[MPI 3/9] Map 2, rank 40, beam 0, simulating beta 0.4
[MPI 2/9] Map 2, rank 40, beam 0, simulating beta 0.3
[MPI 7/9] Map 2, rank 40, beam 0, simulating beta 0.8
[MPI 8/9] Map 2, rank 40, beam 0, simulating beta 0.9
[MPI 4/9] Map 2, rank 40, beam 0, simulating beta 0.5
[MPI 1/9] Map 2, rank 40, beam 0, simulating beta 0.2
[MPI 0/9] Map 2, rank 40, beam 0, simulating beta 0.1
[MPI 8/9] Map 2, rank 40, beam 1, simulating beta 0.9
[MPI 6/9] Map 2, rank 40, beam 1, simulating beta 0.7
[MPI 7/9] Map 2, rank 40, beam 1, simulating beta 0.8
[MPI 4/9] Map 2, rank 40, beam 1, simulating beta 0.5
[MPI 0/9] Map 2, rank 40, beam 1, simulating beta 0.1
[MPI 3/9] Map 2, rank 40, beam 1, simulating beta 0.4
[MPI 2/9] Map 2, rank 40, beam 1, simulating beta 0.3
[MPI 5/9] Map 2, rank 40, beam 1, simulating beta 0.6
[MPI 1/9] Map 2, rank 40, beam 1, simulating beta 0.2
[MPI 8/9] Map 2, rank 40, beam 2, simulating beta 0.9
[MPI 6/9] Map 2, rank 40, beam 2, simulating beta 0.7
[MPI 7/9] Map 2, rank 40, beam 2, simulating beta 0.8
[MPI 4/9] Map 2, rank 40, beam 2, simulating beta 0.5
[MPI 5/9] Map 2, rank 40, beam 2, simulating beta 0.6
[MPI 2/9] Map 2, rank 40, beam 2, simulating beta 0.3
[MPI 0/9] Map 2, rank 40, beam 2, simulating beta 0.1
[MPI 3/9] Map 2, rank 40, beam 2, simulating beta 0.4
[MPI 1/9] Map 2, rank 40, beam 2, simulating beta 0.2
Map 2, rank 40: best beta=0.1, parent beam=0, weighted RMSE 6.6717 -> 6.6524, beam size=3, recorded samples=3
[MPI 5/9] Map 2, rank 41, beam 0, simulating beta 0.6
[MPI 6/9] Map 2, rank 41, beam 0, simulating beta 0.7
[MPI 7/9] Map 2, rank 41, beam 0, simulating beta 0.8
[MPI 3/9] Map 2, rank 41, beam 0, simulating beta 0.4
[MPI 8/9] Map 2, rank 41, beam 0, simulating beta 0.9
[MPI 0/9] Map 2, rank 41, beam 0, simulating beta 0.1
[MPI 1/9] Map 2, rank 41, beam 0, simulating beta 0.2
[MPI 2/9] Map 2, rank 41, beam 0, simulating beta 0.3
[MPI 4/9] Map 2, rank 41, beam 0, simulating beta 0.5
[MPI 6/9] Map 2, rank 41, beam 1, simulating beta 0.7
[MPI 5/9] Map 2, rank 41, beam 1, simulating beta 0.6
[MPI 8/9] Map 2, rank 41, beam 1, simulating beta 0.9
[MPI 7/9] Map 2, rank 41, beam 1, simulating beta 0.8
[MPI 0/9] Map 2, rank 41, beam 1, simulating beta 0.1
[MPI 1/9] Map 2, rank 41, beam 1, simulating beta 0.2
[MPI 2/9] Map 2, rank 41, beam 1, simulating beta 0.3
[MPI 3/9] Map 2, rank 41, beam 1, simulating beta 0.4
[MPI 4/9] Map 2, rank 41, beam 1, simulating beta 0.5
[MPI 6/9] Map 2, rank 41, beam 2, simulating beta 0.7
[MPI 8/9] Map 2, rank 41, beam 2, simulating beta 0.9
[MPI 7/9] Map 2, rank 41, beam 2, simulating beta 0.8
[MPI 5/9] Map 2, rank 41, beam 2, simulating beta 0.6
[MPI 3/9] Map 2, rank 41, beam 2, simulating beta 0.4
[MPI 0/9] Map 2, rank 41, beam 2, simulating beta 0.1
[MPI 4/9] Map 2, rank 41, beam 2, simulating beta 0.5
[MPI 1/9] Map 2, rank 41, beam 2, simulating beta 0.2
[MPI 2/9] Map 2, rank 41, beam 2, simulating beta 0.3
Map 2, rank 41: best beta=0.6, parent beam=1, weighted RMSE 6.6540 -> 6.6057, beam size=3, recorded samples=3
[MPI 3/9] Map 2, rank 42, beam 0, simulating beta 0.4
[MPI 6/9] Map 2, rank 42, beam 0, simulating beta 0.7
[MPI 7/9] Map 2, rank 42, beam 0, simulating beta 0.8
[MPI 1/9] Map 2, rank 42, beam 0, simulating beta 0.2
[MPI 4/9] Map 2, rank 42, beam 0, simulating beta 0.5
[MPI 5/9] Map 2, rank 42, beam 0, simulating beta 0.6
[MPI 8/9] Map 2, rank 42, beam 0, simulating beta 0.9
[MPI 0/9] Map 2, rank 42, beam 0, simulating beta 0.1
[MPI 2/9] Map 2, rank 42, beam 0, simulating beta 0.3
[MPI 6/9] Map 2, rank 42, beam 1, simulating beta 0.7
[MPI 8/9] Map 2, rank 42, beam 1, simulating beta 0.9
[MPI 3/9] Map 2, rank 42, beam 1, simulating beta 0.4
[MPI 7/9] Map 2, rank 42, beam 1, simulating beta 0.8
[MPI 0/9] Map 2, rank 42, beam 1, simulating beta 0.1
[MPI 2/9] Map 2, rank 42, beam 1, simulating beta 0.3
[MPI 1/9] Map 2, rank 42, beam 1, simulating beta 0.2
[MPI 4/9] Map 2, rank 42, beam 1, simulating beta 0.5
[MPI 5/9] Map 2, rank 42, beam 1, simulating beta 0.6
[MPI 6/9] Map 2, rank 42, beam 2, simulating beta 0.7
[MPI 8/9] Map 2, rank 42, beam 2, simulating beta 0.9
[MPI 7/9] Map 2, rank 42, beam 2, simulating beta 0.8
[MPI 3/9] Map 2, rank 42, beam 2, simulating beta 0.4
[MPI 4/9] Map 2, rank 42, beam 2, simulating beta 0.5
[MPI 5/9] Map 2, rank 42, beam 2, simulating beta 0.6
[MPI 0/9] Map 2, rank 42, beam 2, simulating beta 0.1
[MPI 2/9] Map 2, rank 42, beam 2, simulating beta 0.3
[MPI 1/9] Map 2, rank 42, beam 2, simulating beta 0.2
Map 2, rank 42: best beta=0.1, parent beam=0, weighted RMSE 6.6057 -> 6.5089, beam size=3, recorded samples=6
[MPI 6/9] Map 2, rank 43, beam 0, simulating beta 0.7
[MPI 8/9] Map 2, rank 43, beam 0, simulating beta 0.9
[MPI 1/9] Map 2, rank 43, beam 0, simulating beta 0.2
[MPI 3/9] Map 2, rank 43, beam 0, simulating beta 0.4
[MPI 7/9] Map 2, rank 43, beam 0, simulating beta 0.8
[MPI 0/9] Map 2, rank 43, beam 0, simulating beta 0.1
[MPI 2/9] Map 2, rank 43, beam 0, simulating beta 0.3
[MPI 4/9] Map 2, rank 43, beam 0, simulating beta 0.5
[MPI 5/9] Map 2, rank 43, beam 0, simulating beta 0.6
[MPI 6/9] Map 2, rank 43, beam 1, simulating beta 0.7
[MPI 8/9] Map 2, rank 43, beam 1, simulating beta 0.9
[MPI 7/9] Map 2, rank 43, beam 1, simulating beta 0.8
[MPI 4/9] Map 2, rank 43, beam 1, simulating beta 0.5
[MPI 3/9] Map 2, rank 43, beam 1, simulating beta 0.4
[MPI 0/9] Map 2, rank 43, beam 1, simulating beta 0.1
[MPI 2/9] Map 2, rank 43, beam 1, simulating beta 0.3
[MPI 1/9] Map 2, rank 43, beam 1, simulating beta 0.2
[MPI 5/9] Map 2, rank 43, beam 1, simulating beta 0.6
[MPI 6/9] Map 2, rank 43, beam 2, simulating beta 0.7
[MPI 8/9] Map 2, rank 43, beam 2, simulating beta 0.9
[MPI 7/9] Map 2, rank 43, beam 2, simulating beta 0.8
[MPI 4/9] Map 2, rank 43, beam 2, simulating beta 0.5
[MPI 3/9] Map 2, rank 43, beam 2, simulating beta 0.4
[MPI 5/9] Map 2, rank 43, beam 2, simulating beta 0.6
[MPI 0/9] Map 2, rank 43, beam 2, simulating beta 0.1
[MPI 1/9] Map 2, rank 43, beam 2, simulating beta 0.2
[MPI 2/9] Map 2, rank 43, beam 2, simulating beta 0.3
Map 2, rank 43: best beta=0.1, parent beam=0, weighted RMSE 6.5089 -> 6.4730, beam size=3, recorded samples=3
[MPI 6/9] Map 2, rank 44, beam 0, simulating beta 0.7
[MPI 1/9] Map 2, rank 44, beam 0, simulating beta 0.2
[MPI 3/9] Map 2, rank 44, beam 0, simulating beta 0.4
[MPI 5/9] Map 2, rank 44, beam 0, simulating beta 0.6
[MPI 7/9] Map 2, rank 44, beam 0, simulating beta 0.8
[MPI 0/9] Map 2, rank 44, beam 0, simulating beta 0.1
[MPI 2/9] Map 2, rank 44, beam 0, simulating beta 0.3
[MPI 8/9] Map 2, rank 44, beam 0, simulating beta 0.9
[MPI 4/9] Map 2, rank 44, beam 0, simulating beta 0.5
[MPI 6/9] Map 2, rank 44, beam 1, simulating beta 0.7
[MPI 8/9] Map 2, rank 44, beam 1, simulating beta 0.9
[MPI 3/9] Map 2, rank 44, beam 1, simulating beta 0.4
[MPI 7/9] Map 2, rank 44, beam 1, simulating beta 0.8
[MPI 0/9] Map 2, rank 44, beam 1, simulating beta 0.1
[MPI 1/9] Map 2, rank 44, beam 1, simulating beta 0.2
[MPI 2/9] Map 2, rank 44, beam 1, simulating beta 0.3
[MPI 4/9] Map 2, rank 44, beam 1, simulating beta 0.5
[MPI 5/9] Map 2, rank 44, beam 1, simulating beta 0.6
[MPI 6/9] Map 2, rank 44, beam 2, simulating beta 0.7
[MPI 8/9] Map 2, rank 44, beam 2, simulating beta 0.9
[MPI 0/9] Map 2, rank 44, beam 2, simulating beta 0.1
[MPI 7/9] Map 2, rank 44, beam 2, simulating beta 0.8
[MPI 3/9] Map 2, rank 44, beam 2, simulating beta 0.4
[MPI 1/9] Map 2, rank 44, beam 2, simulating beta 0.2
[MPI 2/9] Map 2, rank 44, beam 2, simulating beta 0.3
[MPI 4/9] Map 2, rank 44, beam 2, simulating beta 0.5
[MPI 5/9] Map 2, rank 44, beam 2, simulating beta 0.6
Map 2, rank 44: best beta=0.1, parent beam=0, weighted RMSE 6.4730 -> 6.3699, beam size=3, recorded samples=3
[MPI 3/9] Map 2, rank 45, beam 0, simulating beta 0.4
[MPI 6/9] Map 2, rank 45, beam 0, simulating beta 0.7
[MPI 1/9] Map 2, rank 45, beam 0, simulating beta 0.2
[MPI 5/9] Map 2, rank 45, beam 0, simulating beta 0.6
[MPI 7/9] Map 2, rank 45, beam 0, simulating beta 0.8
[MPI 2/9] Map 2, rank 45, beam 0, simulating beta 0.3
[MPI 4/9] Map 2, rank 45, beam 0, simulating beta 0.5
[MPI 8/9] Map 2, rank 45, beam 0, simulating beta 0.9
[MPI 0/9] Map 2, rank 45, beam 0, simulating beta 0.1
[MPI 7/9] Map 2, rank 45, beam 1, simulating beta 0.8
[MPI 8/9] Map 2, rank 45, beam 1, simulating beta 0.9
[MPI 6/9] Map 2, rank 45, beam 1, simulating beta 0.7
[MPI 0/9] Map 2, rank 45, beam 1, simulating beta 0.1
[MPI 3/9] Map 2, rank 45, beam 1, simulating beta 0.4
[MPI 1/9] Map 2, rank 45, beam 1, simulating beta 0.2
[MPI 2/9] Map 2, rank 45, beam 1, simulating beta 0.3
[MPI 4/9] Map 2, rank 45, beam 1, simulating beta 0.5
[MPI 5/9] Map 2, rank 45, beam 1, simulating beta 0.6
[MPI 8/9] Map 2, rank 45, beam 2, simulating beta 0.9
[MPI 7/9] Map 2, rank 45, beam 2, simulating beta 0.8
[MPI 6/9] Map 2, rank 45, beam 2, simulating beta 0.7
[MPI 0/9] Map 2, rank 45, beam 2, simulating beta 0.1
[MPI 4/9] Map 2, rank 45, beam 2, simulating beta 0.5
[MPI 3/9] Map 2, rank 45, beam 2, simulating beta 0.4
[MPI 2/9] Map 2, rank 45, beam 2, simulating beta 0.3
[MPI 1/9] Map 2, rank 45, beam 2, simulating beta 0.2
[MPI 5/9] Map 2, rank 45, beam 2, simulating beta 0.6
Map 2, rank 45: best beta=0.5, parent beam=0, weighted RMSE 6.3699 -> 6.2902, beam size=3, recorded samples=4
[MPI 3/9] Map 2, rank 46, beam 0, simulating beta 0.4
[MPI 6/9] Map 2, rank 46, beam 0, simulating beta 0.7
[MPI 1/9] Map 2, rank 46, beam 0, simulating beta 0.2
[MPI 5/9] Map 2, rank 46, beam 0, simulating beta 0.6
[MPI 7/9] Map 2, rank 46, beam 0, simulating beta 0.8
[MPI 8/9] Map 2, rank 46, beam 0, simulating beta 0.9
[MPI 2/9] Map 2, rank 46, beam 0, simulating beta 0.3
[MPI 4/9] Map 2, rank 46, beam 0, simulating beta 0.5
[MPI 0/9] Map 2, rank 46, beam 0, simulating beta 0.1
[MPI 8/9] Map 2, rank 46, beam 1, simulating beta 0.9
[MPI 6/9] Map 2, rank 46, beam 1, simulating beta 0.7
[MPI 7/9] Map 2, rank 46, beam 1, simulating beta 0.8
[MPI 3/9] Map 2, rank 46, beam 1, simulating beta 0.4
[MPI 0/9] Map 2, rank 46, beam 1, simulating beta 0.1
[MPI 1/9] Map 2, rank 46, beam 1, simulating beta 0.2
[MPI 2/9] Map 2, rank 46, beam 1, simulating beta 0.3
[MPI 4/9] Map 2, rank 46, beam 1, simulating beta 0.5
[MPI 5/9] Map 2, rank 46, beam 1, simulating beta 0.6
[MPI 8/9] Map 2, rank 46, beam 2, simulating beta 0.9
[MPI 6/9] Map 2, rank 46, beam 2, simulating beta 0.7
[MPI 7/9] Map 2, rank 46, beam 2, simulating beta 0.8
[MPI 3/9] Map 2, rank 46, beam 2, simulating beta 0.4
[MPI 0/9] Map 2, rank 46, beam 2, simulating beta 0.1
[MPI 5/9] Map 2, rank 46, beam 2, simulating beta 0.6
[MPI 1/9] Map 2, rank 46, beam 2, simulating beta 0.2
[MPI 4/9] Map 2, rank 46, beam 2, simulating beta 0.5
[MPI 2/9] Map 2, rank 46, beam 2, simulating beta 0.3
Map 2, rank 46: best beta=0.1, parent beam=1, weighted RMSE 6.2913 -> 6.2644, beam size=3, recorded samples=3
[MPI 3/9] Map 2, rank 47, beam 0, simulating beta 0.4
[MPI 5/9] Map 2, rank 47, beam 0, simulating beta 0.6
[MPI 6/9] Map 2, rank 47, beam 0, simulating beta 0.7
[MPI 8/9] Map 2, rank 47, beam 0, simulating beta 0.9
[MPI 7/9] Map 2, rank 47, beam 0, simulating beta 0.8
[MPI 0/9] Map 2, rank 47, beam 0, simulating beta 0.1
[MPI 1/9] Map 2, rank 47, beam 0, simulating beta 0.2
[MPI 2/9] Map 2, rank 47, beam 0, simulating beta 0.3
[MPI 4/9] Map 2, rank 47, beam 0, simulating beta 0.5
[MPI 4/9] Map 2, rank 47, beam 1, simulating beta 0.5
[MPI 6/9] Map 2, rank 47, beam 1, simulating beta 0.7
[MPI 8/9] Map 2, rank 47, beam 1, simulating beta 0.9
[MPI 3/9] Map 2, rank 47, beam 1, simulating beta 0.4
[MPI 0/9] Map 2, rank 47, beam 1, simulating beta 0.1
[MPI 2/9] Map 2, rank 47, beam 1, simulating beta 0.3
[MPI 1/9] Map 2, rank 47, beam 1, simulating beta 0.2
[MPI 7/9] Map 2, rank 47, beam 1, simulating beta 0.8
[MPI 5/9] Map 2, rank 47, beam 1, simulating beta 0.6
[MPI 4/9] Map 2, rank 47, beam 2, simulating beta 0.5
[MPI 6/9] Map 2, rank 47, beam 2, simulating beta 0.7
[MPI 8/9] Map 2, rank 47, beam 2, simulating beta 0.9
[MPI 3/9] Map 2, rank 47, beam 2, simulating beta 0.4
[MPI 0/9] Map 2, rank 47, beam 2, simulating beta 0.1
[MPI 7/9] Map 2, rank 47, beam 2, simulating beta 0.8
[MPI 1/9] Map 2, rank 47, beam 2, simulating beta 0.2
[MPI 2/9] Map 2, rank 47, beam 2, simulating beta 0.3
[MPI 5/9] Map 2, rank 47, beam 2, simulating beta 0.6
Map 2, rank 47: best beta=0.2, parent beam=1, weighted RMSE 6.2672 -> 6.1483, beam size=3, recorded samples=3
[MPI 3/9] Map 2, rank 48, beam 0, simulating beta 0.4
[MPI 7/9] Map 2, rank 48, beam 0, simulating beta 0.8
[MPI 8/9] Map 2, rank 48, beam 0, simulating beta 0.9
[MPI 6/9] Map 2, rank 48, beam 0, simulating beta 0.7
[MPI 0/9] Map 2, rank 48, beam 0, simulating beta 0.1
[MPI 1/9] Map 2, rank 48, beam 0, simulating beta 0.2
[MPI 2/9] Map 2, rank 48, beam 0, simulating beta 0.3
[MPI 4/9] Map 2, rank 48, beam 0, simulating beta 0.5
[MPI 5/9] Map 2, rank 48, beam 0, simulating beta 0.6
[MPI 6/9] Map 2, rank 48, beam 1, simulating beta 0.7
[MPI 4/9] Map 2, rank 48, beam 1, simulating beta 0.5
[MPI 3/9] Map 2, rank 48, beam 1, simulating beta 0.4
[MPI 8/9] Map 2, rank 48, beam 1, simulating beta 0.9
[MPI 0/9] Map 2, rank 48, beam 1, simulating beta 0.1
[MPI 2/9] Map 2, rank 48, beam 1, simulating beta 0.3
[MPI 1/9] Map 2, rank 48, beam 1, simulating beta 0.2
[MPI 7/9] Map 2, rank 48, beam 1, simulating beta 0.8
[MPI 5/9] Map 2, rank 48, beam 1, simulating beta 0.6
[MPI 6/9] Map 2, rank 48, beam 2, simulating beta 0.7
[MPI 4/9] Map 2, rank 48, beam 2, simulating beta 0.5
[MPI 3/9] Map 2, rank 48, beam 2, simulating beta 0.4
[MPI 8/9] Map 2, rank 48, beam 2, simulating beta 0.9
[MPI 0/9] Map 2, rank 48, beam 2, simulating beta 0.1
[MPI 2/9] Map 2, rank 48, beam 2, simulating beta 0.3
[MPI 1/9] Map 2, rank 48, beam 2, simulating beta 0.2
[MPI 5/9] Map 2, rank 48, beam 2, simulating beta 0.6
[MPI 7/9] Map 2, rank 48, beam 2, simulating beta 0.8
Map 2, rank 48: best beta=0.1, parent beam=0, weighted RMSE 6.1483 -> 6.1129, beam size=3, recorded samples=4
[MPI 7/9] Map 2, rank 49, beam 0, simulating beta 0.8
[MPI 6/9] Map 2, rank 49, beam 0, simulating beta 0.7
[MPI 8/9] Map 2, rank 49, beam 0, simulating beta 0.9
[MPI 1/9] Map 2, rank 49, beam 0, simulating beta 0.2
[MPI 3/9] Map 2, rank 49, beam 0, simulating beta 0.4
[MPI 2/9] Map 2, rank 49, beam 0, simulating beta 0.3
[MPI 5/9] Map 2, rank 49, beam 0, simulating beta 0.6
[MPI 0/9] Map 2, rank 49, beam 0, simulating beta 0.1
[MPI 4/9] Map 2, rank 49, beam 0, simulating beta 0.5
[MPI 6/9] Map 2, rank 49, beam 1, simulating beta 0.7
[MPI 4/9] Map 2, rank 49, beam 1, simulating beta 0.5
[MPI 8/9] Map 2, rank 49, beam 1, simulating beta 0.9
[MPI 0/9] Map 2, rank 49, beam 1, simulating beta 0.1
[MPI 1/9] Map 2, rank 49, beam 1, simulating beta 0.2
[MPI 3/9] Map 2, rank 49, beam 1, simulating beta 0.4
[MPI 2/9] Map 2, rank 49, beam 1, simulating beta 0.3
[MPI 7/9] Map 2, rank 49, beam 1, simulating beta 0.8
[MPI 5/9] Map 2, rank 49, beam 1, simulating beta 0.6
[MPI 6/9] Map 2, rank 49, beam 2, simulating beta 0.7
[MPI 4/9] Map 2, rank 49, beam 2, simulating beta 0.5
[MPI 8/9] Map 2, rank 49, beam 2, simulating beta 0.9
[MPI 0/9] Map 2, rank 49, beam 2, simulating beta 0.1
[MPI 7/9] Map 2, rank 49, beam 2, simulating beta 0.8
[MPI 3/9] Map 2, rank 49, beam 2, simulating beta 0.4
[MPI 1/9] Map 2, rank 49, beam 2, simulating beta 0.2
[MPI 2/9] Map 2, rank 49, beam 2, simulating beta 0.3
[MPI 5/9] Map 2, rank 49, beam 2, simulating beta 0.6
Map 2, rank 49: best beta=0.1, parent beam=1, weighted RMSE 6.1189 -> 6.0416, beam size=3, recorded samples=3
[MPI 3/9] Map 2, rank 50, beam 0, simulating beta 0.4
[MPI 5/9] Map 2, rank 50, beam 0, simulating beta 0.6
[MPI 6/9] Map 2, rank 50, beam 0, simulating beta 0.7
[MPI 7/9] Map 2, rank 50, beam 0, simulating beta 0.8
[MPI 8/9] Map 2, rank 50, beam 0, simulating beta 0.9
[MPI 0/9] Map 2, rank 50, beam 0, simulating beta 0.1
[MPI 2/9] Map 2, rank 50, beam 0, simulating beta 0.3
[MPI 4/9] Map 2, rank 50, beam 0, simulating beta 0.5
[MPI 1/9] Map 2, rank 50, beam 0, simulating beta 0.2
[MPI 8/9] Map 2, rank 50, beam 1, simulating beta 0.9
[MPI 0/9] Map 2, rank 50, beam 1, simulating beta 0.1
[MPI 6/9] Map 2, rank 50, beam 1, simulating beta 0.7
[MPI 7/9] Map 2, rank 50, beam 1, simulating beta 0.8
[MPI 1/9] Map 2, rank 50, beam 1, simulating beta 0.2
[MPI 3/9] Map 2, rank 50, beam 1, simulating beta 0.4
[MPI 2/9] Map 2, rank 50, beam 1, simulating beta 0.3
[MPI 4/9] Map 2, rank 50, beam 1, simulating beta 0.5
[MPI 5/9] Map 2, rank 50, beam 1, simulating beta 0.6
[MPI 8/9] Map 2, rank 50, beam 2, simulating beta 0.9
[MPI 0/9] Map 2, rank 50, beam 2, simulating beta 0.1
[MPI 6/9] Map 2, rank 50, beam 2, simulating beta 0.7
[MPI 7/9] Map 2, rank 50, beam 2, simulating beta 0.8
[MPI 1/9] Map 2, rank 50, beam 2, simulating beta 0.2
[MPI 4/9] Map 2, rank 50, beam 2, simulating beta 0.5
[MPI 3/9] Map 2, rank 50, beam 2, simulating beta 0.4
[MPI 2/9] Map 2, rank 50, beam 2, simulating beta 0.3
[MPI 5/9] Map 2, rank 50, beam 2, simulating beta 0.6
Map 2, rank 50: best beta=0.1, parent beam=0, weighted RMSE 6.0416 -> 5.9984, beam size=3, recorded samples=3
[MPI 3/9] Map 2, rank 51, beam 0, simulating beta 0.4
[MPI 6/9] Map 2, rank 51, beam 0, simulating beta 0.7
[MPI 7/9] Map 2, rank 51, beam 0, simulating beta 0.8
[MPI 5/9] Map 2, rank 51, beam 0, simulating beta 0.6
[MPI 4/9] Map 2, rank 51, beam 0, simulating beta 0.5
[MPI 2/9] Map 2, rank 51, beam 0, simulating beta 0.3
[MPI 1/9] Map 2, rank 51, beam 0, simulating beta 0.2
[MPI 0/9] Map 2, rank 51, beam 0, simulating beta 0.1
[MPI 8/9] Map 2, rank 51, beam 0, simulating beta 0.9
[MPI 4/9] Map 2, rank 51, beam 1, simulating beta 0.5
[MPI 6/9] Map 2, rank 51, beam 1, simulating beta 0.7
[MPI 8/9] Map 2, rank 51, beam 1, simulating beta 0.9
[MPI 0/9] Map 2, rank 51, beam 1, simulating beta 0.1
[MPI 3/9] Map 2, rank 51, beam 1, simulating beta 0.4
[MPI 2/9] Map 2, rank 51, beam 1, simulating beta 0.3
[MPI 7/9] Map 2, rank 51, beam 1, simulating beta 0.8
[MPI 1/9] Map 2, rank 51, beam 1, simulating beta 0.2
[MPI 5/9] Map 2, rank 51, beam 1, simulating beta 0.6
[MPI 6/9] Map 2, rank 51, beam 2, simulating beta 0.7
[MPI 4/9] Map 2, rank 51, beam 2, simulating beta 0.5
[MPI 8/9] Map 2, rank 51, beam 2, simulating beta 0.9
[MPI 0/9] Map 2, rank 51, beam 2, simulating beta 0.1
[MPI 1/9] Map 2, rank 51, beam 2, simulating beta 0.2
[MPI 7/9] Map 2, rank 51, beam 2, simulating beta 0.8
[MPI 2/9] Map 2, rank 51, beam 2, simulating beta 0.3
[MPI 3/9] Map 2, rank 51, beam 2, simulating beta 0.4
[MPI 5/9] Map 2, rank 51, beam 2, simulating beta 0.6
Map 2, rank 51: best beta=0.1, parent beam=0, weighted RMSE 5.9984 -> 5.9648, beam size=3, recorded samples=3
[MPI 1/9] Map 2, rank 52, beam 0, simulating beta 0.2
[MPI 3/9] Map 2, rank 52, beam 0, simulating beta 0.4
[MPI 6/9] Map 2, rank 52, beam 0, simulating beta 0.7
[MPI 7/9] Map 2, rank 52, beam 0, simulating beta 0.8
[MPI 8/9] Map 2, rank 52, beam 0, simulating beta 0.9
[MPI 2/9] Map 2, rank 52, beam 0, simulating beta 0.3
[MPI 5/9] Map 2, rank 52, beam 0, simulating beta 0.6
[MPI 0/9] Map 2, rank 52, beam 0, simulating beta 0.1
[MPI 4/9] Map 2, rank 52, beam 0, simulating beta 0.5
[MPI 6/9] Map 2, rank 52, beam 1, simulating beta 0.7
[MPI 0/9] Map 2, rank 52, beam 1, simulating beta 0.1
[MPI 8/9] Map 2, rank 52, beam 1, simulating beta 0.9
[MPI 4/9] Map 2, rank 52, beam 1, simulating beta 0.5
[MPI 3/9] Map 2, rank 52, beam 1, simulating beta 0.4
[MPI 1/9] Map 2, rank 52, beam 1, simulating beta 0.2
[MPI 2/9] Map 2, rank 52, beam 1, simulating beta 0.3
[MPI 7/9] Map 2, rank 52, beam 1, simulating beta 0.8
[MPI 5/9] Map 2, rank 52, beam 1, simulating beta 0.6
[MPI 6/9] Map 2, rank 52, beam 2, simulating beta 0.7
[MPI 0/9] Map 2, rank 52, beam 2, simulating beta 0.1
[MPI 8/9] Map 2, rank 52, beam 2, simulating beta 0.9
[MPI 4/9] Map 2, rank 52, beam 2, simulating beta 0.5
[MPI 5/9] Map 2, rank 52, beam 2, simulating beta 0.6
[MPI 2/9] Map 2, rank 52, beam 2, simulating beta 0.3
[MPI 1/9] Map 2, rank 52, beam 2, simulating beta 0.2
[MPI 3/9] Map 2, rank 52, beam 2, simulating beta 0.4
[MPI 7/9] Map 2, rank 52, beam 2, simulating beta 0.8
Map 2, rank 52: best beta=0.2, parent beam=0, weighted RMSE 5.9648 -> 5.9536, beam size=3, recorded samples=3
[MPI 6/9] Map 2, rank 53, beam 0, simulating beta 0.7
[MPI 1/9] Map 2, rank 53, beam 0, simulating beta 0.2
[MPI 3/9] Map 2, rank 53, beam 0, simulating beta 0.4
[MPI 2/9] Map 2, rank 53, beam 0, simulating beta 0.3
[MPI 4/9] Map 2, rank 53, beam 0, simulating beta 0.5
[MPI 5/9] Map 2, rank 53, beam 0, simulating beta 0.6
[MPI 7/9] Map 2, rank 53, beam 0, simulating beta 0.8
[MPI 8/9] Map 2, rank 53, beam 0, simulating beta 0.9
[MPI 0/9] Map 2, rank 53, beam 0, simulating beta 0.1
[MPI 6/9] Map 2, rank 53, beam 1, simulating beta 0.7
[MPI 8/9] Map 2, rank 53, beam 1, simulating beta 0.9
[MPI 7/9] Map 2, rank 53, beam 1, simulating beta 0.8
[MPI 5/9] Map 2, rank 53, beam 1, simulating beta 0.6
[MPI 0/9] Map 2, rank 53, beam 1, simulating beta 0.1
[MPI 2/9] Map 2, rank 53, beam 1, simulating beta 0.3
[MPI 4/9] Map 2, rank 53, beam 1, simulating beta 0.5
[MPI 3/9] Map 2, rank 53, beam 1, simulating beta 0.4
[MPI 1/9] Map 2, rank 53, beam 1, simulating beta 0.2
[MPI 6/9] Map 2, rank 53, beam 2, simulating beta 0.7
[MPI 8/9] Map 2, rank 53, beam 2, simulating beta 0.9
[MPI 7/9] Map 2, rank 53, beam 2, simulating beta 0.8
[MPI 0/9] Map 2, rank 53, beam 2, simulating beta 0.1
[MPI 5/9] Map 2, rank 53, beam 2, simulating beta 0.6
[MPI 1/9] Map 2, rank 53, beam 2, simulating beta 0.2
[MPI 4/9] Map 2, rank 53, beam 2, simulating beta 0.5
[MPI 2/9] Map 2, rank 53, beam 2, simulating beta 0.3
[MPI 3/9] Map 2, rank 53, beam 2, simulating beta 0.4
Map 2, rank 53: best beta=0.2, parent beam=2, weighted RMSE 5.9337 -> 5.8756, beam size=3, recorded samples=3
[MPI 6/9] Map 2, rank 54, beam 0, simulating beta 0.7
[MPI 1/9] Map 2, rank 54, beam 0, simulating beta 0.2
[MPI 3/9] Map 2, rank 54, beam 0, simulating beta 0.4
[MPI 7/9] Map 2, rank 54, beam 0, simulating beta 0.8
[MPI 5/9] Map 2, rank 54, beam 0, simulating beta 0.6
[MPI 8/9] Map 2, rank 54, beam 0, simulating beta 0.9
[MPI 0/9] Map 2, rank 54, beam 0, simulating beta 0.1
[MPI 2/9] Map 2, rank 54, beam 0, simulating beta 0.3
[MPI 4/9] Map 2, rank 54, beam 0, simulating beta 0.5
[MPI 6/9] Map 2, rank 54, beam 1, simulating beta 0.7
[MPI 7/9] Map 2, rank 54, beam 1, simulating beta 0.8
[MPI 8/9] Map 2, rank 54, beam 1, simulating beta 0.9
[MPI 3/9] Map 2, rank 54, beam 1, simulating beta 0.4
[MPI 0/9] Map 2, rank 54, beam 1, simulating beta 0.1
[MPI 4/9] Map 2, rank 54, beam 1, simulating beta 0.5
[MPI 1/9] Map 2, rank 54, beam 1, simulating beta 0.2
[MPI 2/9] Map 2, rank 54, beam 1, simulating beta 0.3
[MPI 5/9] Map 2, rank 54, beam 1, simulating beta 0.6
[MPI 6/9] Map 2, rank 54, beam 2, simulating beta 0.7
[MPI 8/9] Map 2, rank 54, beam 2, simulating beta 0.9
[MPI 3/9] Map 2, rank 54, beam 2, simulating beta 0.4
[MPI 7/9] Map 2, rank 54, beam 2, simulating beta 0.8
[MPI 4/9] Map 2, rank 54, beam 2, simulating beta 0.5
[MPI 0/9] Map 2, rank 54, beam 2, simulating beta 0.1
[MPI 1/9] Map 2, rank 54, beam 2, simulating beta 0.2
[MPI 2/9] Map 2, rank 54, beam 2, simulating beta 0.3
[MPI 5/9] Map 2, rank 54, beam 2, simulating beta 0.6
Map 2, rank 54: best beta=0.5, parent beam=0, weighted RMSE 5.8756 -> 5.8526, beam size=3, recorded samples=3
[MPI 6/9] Map 2, rank 55, beam 0, simulating beta 0.7
[MPI 7/9] Map 2, rank 55, beam 0, simulating beta 0.8
[MPI 3/9] Map 2, rank 55, beam 0, simulating beta 0.4
[MPI 1/9] Map 2, rank 55, beam 0, simulating beta 0.2
[MPI 8/9] Map 2, rank 55, beam 0, simulating beta 0.9
[MPI 2/9] Map 2, rank 55, beam 0, simulating beta 0.3
[MPI 4/9] Map 2, rank 55, beam 0, simulating beta 0.5
[MPI 5/9] Map 2, rank 55, beam 0, simulating beta 0.6
[MPI 0/9] Map 2, rank 55, beam 0, simulating beta 0.1
[MPI 8/9] Map 2, rank 55, beam 1, simulating beta 0.9
[MPI 6/9] Map 2, rank 55, beam 1, simulating beta 0.7
[MPI 7/9] Map 2, rank 55, beam 1, simulating beta 0.8
[MPI 4/9] Map 2, rank 55, beam 1, simulating beta 0.5
[MPI 0/9] Map 2, rank 55, beam 1, simulating beta 0.1
[MPI 3/9] Map 2, rank 55, beam 1, simulating beta 0.4
[MPI 1/9] Map 2, rank 55, beam 1, simulating beta 0.2
[MPI 2/9] Map 2, rank 55, beam 1, simulating beta 0.3
[MPI 5/9] Map 2, rank 55, beam 1, simulating beta 0.6
[MPI 8/9] Map 2, rank 55, beam 2, simulating beta 0.9
[MPI 6/9] Map 2, rank 55, beam 2, simulating beta 0.7
[MPI 7/9] Map 2, rank 55, beam 2, simulating beta 0.8
[MPI 4/9] Map 2, rank 55, beam 2, simulating beta 0.5
[MPI 0/9] Map 2, rank 55, beam 2, simulating beta 0.1
[MPI 1/9] Map 2, rank 55, beam 2, simulating beta 0.2
[MPI 3/9] Map 2, rank 55, beam 2, simulating beta 0.4
[MPI 2/9] Map 2, rank 55, beam 2, simulating beta 0.3
[MPI 5/9] Map 2, rank 55, beam 2, simulating beta 0.6
Map 2, rank 55: best beta=0.2, parent beam=1, weighted RMSE 5.8538 -> 5.8328, beam size=3, recorded samples=4
[MPI 1/9] Map 2, rank 56, beam 0, simulating beta 0.2
[MPI 3/9] Map 2, rank 56, beam 0, simulating beta 0.4
[MPI 6/9] Map 2, rank 56, beam 0, simulating beta 0.7
[MPI 7/9] Map 2, rank 56, beam 0, simulating beta 0.8
[MPI 8/9] Map 2, rank 56, beam 0, simulating beta 0.9
[MPI 5/9] Map 2, rank 56, beam 0, simulating beta 0.6
[MPI 0/9] Map 2, rank 56, beam 0, simulating beta 0.1
[MPI 2/9] Map 2, rank 56, beam 0, simulating beta 0.3
[MPI 4/9] Map 2, rank 56, beam 0, simulating beta 0.5
[MPI 8/9] Map 2, rank 56, beam 1, simulating beta 0.9
[MPI 6/9] Map 2, rank 56, beam 1, simulating beta 0.7
[MPI 7/9] Map 2, rank 56, beam 1, simulating beta 0.8
[MPI 4/9] Map 2, rank 56, beam 1, simulating beta 0.5
[MPI 0/9] Map 2, rank 56, beam 1, simulating beta 0.1
[MPI 3/9] Map 2, rank 56, beam 1, simulating beta 0.4
[MPI 1/9] Map 2, rank 56, beam 1, simulating beta 0.2
[MPI 2/9] Map 2, rank 56, beam 1, simulating beta 0.3
[MPI 5/9] Map 2, rank 56, beam 1, simulating beta 0.6
[MPI 8/9] Map 2, rank 56, beam 2, simulating beta 0.9
[MPI 6/9] Map 2, rank 56, beam 2, simulating beta 0.7
[MPI 4/9] Map 2, rank 56, beam 2, simulating beta 0.5
[MPI 7/9] Map 2, rank 56, beam 2, simulating beta 0.8
[MPI 0/9] Map 2, rank 56, beam 2, simulating beta 0.1
[MPI 2/9] Map 2, rank 56, beam 2, simulating beta 0.3
[MPI 3/9] Map 2, rank 56, beam 2, simulating beta 0.4
[MPI 1/9] Map 2, rank 56, beam 2, simulating beta 0.2
[MPI 5/9] Map 2, rank 56, beam 2, simulating beta 0.6
Map 2, rank 56: best beta=0.2, parent beam=1, weighted RMSE 5.8328 -> 5.7417, beam size=3, recorded samples=4
[MPI 3/9] Map 2, rank 57, beam 0, simulating beta 0.4
[MPI 6/9] Map 2, rank 57, beam 0, simulating beta 0.7
[MPI 7/9] Map 2, rank 57, beam 0, simulating beta 0.8
[MPI 1/9] Map 2, rank 57, beam 0, simulating beta 0.2
[MPI 8/9] Map 2, rank 57, beam 0, simulating beta 0.9
[MPI 2/9] Map 2, rank 57, beam 0, simulating beta 0.3
[MPI 4/9] Map 2, rank 57, beam 0, simulating beta 0.5
[MPI 5/9] Map 2, rank 57, beam 0, simulating beta 0.6
[MPI 0/9] Map 2, rank 57, beam 0, simulating beta 0.1
[MPI 8/9] Map 2, rank 57, beam 1, simulating beta 0.9
[MPI 6/9] Map 2, rank 57, beam 1, simulating beta 0.7
[MPI 7/9] Map 2, rank 57, beam 1, simulating beta 0.8
[MPI 3/9] Map 2, rank 57, beam 1, simulating beta 0.4
[MPI 0/9] Map 2, rank 57, beam 1, simulating beta 0.1
[MPI 1/9] Map 2, rank 57, beam 1, simulating beta 0.2
[MPI 2/9] Map 2, rank 57, beam 1, simulating beta 0.3
[MPI 5/9] Map 2, rank 57, beam 1, simulating beta 0.6
[MPI 4/9] Map 2, rank 57, beam 1, simulating beta 0.5
[MPI 8/9] Map 2, rank 57, beam 2, simulating beta 0.9
[MPI 6/9] Map 2, rank 57, beam 2, simulating beta 0.7
[MPI 7/9] Map 2, rank 57, beam 2, simulating beta 0.8
[MPI 5/9] Map 2, rank 57, beam 2, simulating beta 0.6
[MPI 1/9] Map 2, rank 57, beam 2, simulating beta 0.2
[MPI 0/9] Map 2, rank 57, beam 2, simulating beta 0.1
[MPI 2/9] Map 2, rank 57, beam 2, simulating beta 0.3
[MPI 3/9] Map 2, rank 57, beam 2, simulating beta 0.4
[MPI 4/9] Map 2, rank 57, beam 2, simulating beta 0.5
Map 2, rank 57: best beta=0.8, parent beam=0, weighted RMSE 5.7417 -> 5.7000, beam size=3, recorded samples=3
[MPI 1/9] Map 2, rank 58, beam 0, simulating beta 0.2
[MPI 5/9] Map 2, rank 58, beam 0, simulating beta 0.6
[MPI 6/9] Map 2, rank 58, beam 0, simulating beta 0.7
[MPI 7/9] Map 2, rank 58, beam 0, simulating beta 0.8
[MPI 8/9] Map 2, rank 58, beam 0, simulating beta 0.9
[MPI 3/9] Map 2, rank 58, beam 0, simulating beta 0.4
[MPI 2/9] Map 2, rank 58, beam 0, simulating beta 0.3
[MPI 4/9] Map 2, rank 58, beam 0, simulating beta 0.5
[MPI 0/9] Map 2, rank 58, beam 0, simulating beta 0.1
[MPI 5/9] Map 2, rank 58, beam 1, simulating beta 0.6
[MPI 6/9] Map 2, rank 58, beam 1, simulating beta 0.7
[MPI 7/9] Map 2, rank 58, beam 1, simulating beta 0.8
[MPI 8/9] Map 2, rank 58, beam 1, simulating beta 0.9
[MPI 0/9] Map 2, rank 58, beam 1, simulating beta 0.1
[MPI 2/9] Map 2, rank 58, beam 1, simulating beta 0.3
[MPI 1/9] Map 2, rank 58, beam 1, simulating beta 0.2
[MPI 3/9] Map 2, rank 58, beam 1, simulating beta 0.4
[MPI 4/9] Map 2, rank 58, beam 1, simulating beta 0.5
[MPI 5/9] Map 2, rank 58, beam 2, simulating beta 0.6
[MPI 6/9] Map 2, rank 58, beam 2, simulating beta 0.7
[MPI 7/9] Map 2, rank 58, beam 2, simulating beta 0.8
[MPI 8/9] Map 2, rank 58, beam 2, simulating beta 0.9
[MPI 3/9] Map 2, rank 58, beam 2, simulating beta 0.4
[MPI 2/9] Map 2, rank 58, beam 2, simulating beta 0.3
[MPI 0/9] Map 2, rank 58, beam 2, simulating beta 0.1
[MPI 1/9] Map 2, rank 58, beam 2, simulating beta 0.2
[MPI 4/9] Map 2, rank 58, beam 2, simulating beta 0.5
Map 2, rank 58: best beta=0.1, parent beam=0, weighted RMSE 5.7000 -> 5.6878, beam size=3, recorded samples=3
[MPI 6/9] Map 2, rank 59, beam 0, simulating beta 0.7
[MPI 3/9] Map 2, rank 59, beam 0, simulating beta 0.4
[MPI 7/9] Map 2, rank 59, beam 0, simulating beta 0.8
[MPI 1/9] Map 2, rank 59, beam 0, simulating beta 0.2
[MPI 8/9] Map 2, rank 59, beam 0, simulating beta 0.9
[MPI 0/9] Map 2, rank 59, beam 0, simulating beta 0.1
[MPI 2/9] Map 2, rank 59, beam 0, simulating beta 0.3
[MPI 4/9] Map 2, rank 59, beam 0, simulating beta 0.5
[MPI 5/9] Map 2, rank 59, beam 0, simulating beta 0.6
[MPI 6/9] Map 2, rank 59, beam 1, simulating beta 0.7
[MPI 7/9] Map 2, rank 59, beam 1, simulating beta 0.8
[MPI 8/9] Map 2, rank 59, beam 1, simulating beta 0.9
[MPI 0/9] Map 2, rank 59, beam 1, simulating beta 0.1
[MPI 1/9] Map 2, rank 59, beam 1, simulating beta 0.2
[MPI 2/9] Map 2, rank 59, beam 1, simulating beta 0.3
[MPI 3/9] Map 2, rank 59, beam 1, simulating beta 0.4
[MPI 4/9] Map 2, rank 59, beam 1, simulating beta 0.5
[MPI 5/9] Map 2, rank 59, beam 1, simulating beta 0.6
[MPI 6/9] Map 2, rank 59, beam 2, simulating beta 0.7
[MPI 7/9] Map 2, rank 59, beam 2, simulating beta 0.8
[MPI 8/9] Map 2, rank 59, beam 2, simulating beta 0.9
[MPI 0/9] Map 2, rank 59, beam 2, simulating beta 0.1
[MPI 3/9] Map 2, rank 59, beam 2, simulating beta 0.4
[MPI 1/9] Map 2, rank 59, beam 2, simulating beta 0.2
[MPI 2/9] Map 2, rank 59, beam 2, simulating beta 0.3
[MPI 4/9] Map 2, rank 59, beam 2, simulating beta 0.5
[MPI 5/9] Map 2, rank 59, beam 2, simulating beta 0.6
Map 2, rank 59: best beta=0.2, parent beam=0, weighted RMSE 5.6878 -> 5.6783, beam size=3, recorded samples=3
Saved chunk /scratch/ajain3/aipp/CMAES_beamsearch_dataset_chunks/map_002_ranked.pt with 214 samples

Collecting ranked CMA-ES data for map 3
[MPI 6/9] Map 3, rank 0, beam 0, simulating beta 0.7
[MPI 8/9] Map 3, rank 0, beam 0, simulating beta 0.9
[MPI 3/9] Map 3, rank 0, beam 0, simulating beta 0.4
[MPI 4/9] Map 3, rank 0, beam 0, simulating beta 0.5
[MPI 2/9] Map 3, rank 0, beam 0, simulating beta 0.3
[MPI 7/9] Map 3, rank 0, beam 0, simulating beta 0.8
[MPI 1/9] Map 3, rank 0, beam 0, simulating beta 0.2
[MPI 5/9] Map 3, rank 0, beam 0, simulating beta 0.6
[MPI 0/9] Map 3, rank 0, beam 0, simulating beta 0.1
Map 3, rank 0: best beta=0.9, parent beam=0, weighted RMSE 180.1744 -> 170.8081, beam size=3, recorded samples=1
[MPI 6/9] Map 3, rank 1, beam 0, simulating beta 0.7
[MPI 2/9] Map 3, rank 1, beam 0, simulating beta 0.3
[MPI 7/9] Map 3, rank 1, beam 0, simulating beta 0.8
[MPI 1/9] Map 3, rank 1, beam 0, simulating beta 0.2
[MPI 3/9] Map 3, rank 1, beam 0, simulating beta 0.4
[MPI 8/9] Map 3, rank 1, beam 0, simulating beta 0.9
[MPI 4/9] Map 3, rank 1, beam 0, simulating beta 0.5
[MPI 5/9] Map 3, rank 1, beam 0, simulating beta 0.6
[MPI 0/9] Map 3, rank 1, beam 0, simulating beta 0.1
[MPI 4/9] Map 3, rank 1, beam 1, simulating beta 0.5
[MPI 3/9] Map 3, rank 1, beam 1, simulating beta 0.4
[MPI 1/9] Map 3, rank 1, beam 1, simulating beta 0.2
[MPI 6/9] Map 3, rank 1, beam 1, simulating beta 0.7
[MPI 7/9] Map 3, rank 1, beam 1, simulating beta 0.8
[MPI 0/9] Map 3, rank 1, beam 1, simulating beta 0.1
[MPI 2/9] Map 3, rank 1, beam 1, simulating beta 0.3
[MPI 5/9] Map 3, rank 1, beam 1, simulating beta 0.6
[MPI 8/9] Map 3, rank 1, beam 1, simulating beta 0.9
[MPI 4/9] Map 3, rank 1, beam 2, simulating beta 0.5
[MPI 3/9] Map 3, rank 1, beam 2, simulating beta 0.4
[MPI 1/9] Map 3, rank 1, beam 2, simulating beta 0.2
[MPI 6/9] Map 3, rank 1, beam 2, simulating beta 0.7
[MPI 7/9] Map 3, rank 1, beam 2, simulating beta 0.8
[MPI 2/9] Map 3, rank 1, beam 2, simulating beta 0.3
[MPI 0/9] Map 3, rank 1, beam 2, simulating beta 0.1
[MPI 5/9] Map 3, rank 1, beam 2, simulating beta 0.6
[MPI 8/9] Map 3, rank 1, beam 2, simulating beta 0.9
Map 3, rank 1: best beta=0.9, parent beam=0, weighted RMSE 170.8081 -> 109.9913, beam size=3, recorded samples=3
[MPI 6/9] Map 3, rank 2, beam 0, simulating beta 0.7
[MPI 7/9] Map 3, rank 2, beam 0, simulating beta 0.8
[MPI 1/9] Map 3, rank 2, beam 0, simulating beta 0.2
[MPI 3/9] Map 3, rank 2, beam 0, simulating beta 0.4
[MPI 5/9] Map 3, rank 2, beam 0, simulating beta 0.6
[MPI 8/9] Map 3, rank 2, beam 0, simulating beta 0.9
[MPI 2/9] Map 3, rank 2, beam 0, simulating beta 0.3
[MPI 0/9] Map 3, rank 2, beam 0, simulating beta 0.1
[MPI 4/9] Map 3, rank 2, beam 0, simulating beta 0.5
[MPI 4/9] Map 3, rank 2, beam 1, simulating beta 0.5
[MPI 6/9] Map 3, rank 2, beam 1, simulating beta 0.7
[MPI 3/9] Map 3, rank 2, beam 1, simulating beta 0.4
[MPI 8/9] Map 3, rank 2, beam 1, simulating beta 0.9
[MPI 7/9] Map 3, rank 2, beam 1, simulating beta 0.8
[MPI 5/9] Map 3, rank 2, beam 1, simulating beta 0.6
[MPI 1/9] Map 3, rank 2, beam 1, simulating beta 0.2
[MPI 0/9] Map 3, rank 2, beam 1, simulating beta 0.1
[MPI 2/9] Map 3, rank 2, beam 1, simulating beta 0.3
[MPI 6/9] Map 3, rank 2, beam 2, simulating beta 0.7
[MPI 8/9] Map 3, rank 2, beam 2, simulating beta 0.9
[MPI 4/9] Map 3, rank 2, beam 2, simulating beta 0.5
[MPI 7/9] Map 3, rank 2, beam 2, simulating beta 0.8
[MPI 3/9] Map 3, rank 2, beam 2, simulating beta 0.4
[MPI 1/9] Map 3, rank 2, beam 2, simulating beta 0.2
[MPI 5/9] Map 3, rank 2, beam 2, simulating beta 0.6
[MPI 0/9] Map 3, rank 2, beam 2, simulating beta 0.1
[MPI 2/9] Map 3, rank 2, beam 2, simulating beta 0.3
Map 3, rank 2: best beta=0.3, parent beam=0, weighted RMSE 109.9913 -> 47.4713, beam size=3, recorded samples=5
[MPI 3/9] Map 3, rank 3, beam 0, simulating beta 0.4
[MPI 6/9] Map 3, rank 3, beam 0, simulating beta 0.7
[MPI 0/9] Map 3, rank 3, beam 0, simulating beta 0.1
[MPI 1/9] Map 3, rank 3, beam 0, simulating beta 0.2
[MPI 8/9] Map 3, rank 3, beam 0, simulating beta 0.9
[MPI 2/9] Map 3, rank 3, beam 0, simulating beta 0.3
[MPI 5/9] Map 3, rank 3, beam 0, simulating beta 0.6
[MPI 7/9] Map 3, rank 3, beam 0, simulating beta 0.8
[MPI 4/9] Map 3, rank 3, beam 0, simulating beta 0.5
[MPI 8/9] Map 3, rank 3, beam 1, simulating beta 0.9
[MPI 6/9] Map 3, rank 3, beam 1, simulating beta 0.7
[MPI 0/9] Map 3, rank 3, beam 1, simulating beta 0.1
[MPI 4/9] Map 3, rank 3, beam 1, simulating beta 0.5
[MPI 2/9] Map 3, rank 3, beam 1, simulating beta 0.3
[MPI 3/9] Map 3, rank 3, beam 1, simulating beta 0.4
[MPI 7/9] Map 3, rank 3, beam 1, simulating beta 0.8
[MPI 5/9] Map 3, rank 3, beam 1, simulating beta 0.6
[MPI 1/9] Map 3, rank 3, beam 1, simulating beta 0.2
[MPI 8/9] Map 3, rank 3, beam 2, simulating beta 0.9
[MPI 6/9] Map 3, rank 3, beam 2, simulating beta 0.7
[MPI 0/9] Map 3, rank 3, beam 2, simulating beta 0.1
[MPI 4/9] Map 3, rank 3, beam 2, simulating beta 0.5
[MPI 2/9] Map 3, rank 3, beam 2, simulating beta 0.3
[MPI 3/9] Map 3, rank 3, beam 2, simulating beta 0.4
[MPI 7/9] Map 3, rank 3, beam 2, simulating beta 0.8
[MPI 5/9] Map 3, rank 3, beam 2, simulating beta 0.6
[MPI 1/9] Map 3, rank 3, beam 2, simulating beta 0.2
Map 3, rank 3: best beta=0.1, parent beam=0, weighted RMSE 47.4713 -> 35.8245, beam size=3, recorded samples=3
[MPI 7/9] Map 3, rank 4, beam 0, simulating beta 0.8
[MPI 3/9] Map 3, rank 4, beam 0, simulating beta 0.4
[MPI 8/9] Map 3, rank 4, beam 0, simulating beta 0.9
[MPI 1/9] Map 3, rank 4, beam 0, simulating beta 0.2
[MPI 6/9] Map 3, rank 4, beam 0, simulating beta 0.7
[MPI 0/9] Map 3, rank 4, beam 0, simulating beta 0.1
[MPI 2/9] Map 3, rank 4, beam 0, simulating beta 0.3
[MPI 4/9] Map 3, rank 4, beam 0, simulating beta 0.5
[MPI 5/9] Map 3, rank 4, beam 0, simulating beta 0.6
[MPI 8/9] Map 3, rank 4, beam 1, simulating beta 0.9
[MPI 7/9] Map 3, rank 4, beam 1, simulating beta 0.8
[MPI 6/9] Map 3, rank 4, beam 1, simulating beta 0.7
[MPI 4/9] Map 3, rank 4, beam 1, simulating beta 0.5
[MPI 1/9] Map 3, rank 4, beam 1, simulating beta 0.2
[MPI 3/9] Map 3, rank 4, beam 1, simulating beta 0.4
[MPI 5/9] Map 3, rank 4, beam 1, simulating beta 0.6
[MPI 0/9] Map 3, rank 4, beam 1, simulating beta 0.1
[MPI 2/9] Map 3, rank 4, beam 1, simulating beta 0.3
[MPI 8/9] Map 3, rank 4, beam 2, simulating beta 0.9
[MPI 6/9] Map 3, rank 4, beam 2, simulating beta 0.7
[MPI 7/9] Map 3, rank 4, beam 2, simulating beta 0.8
[MPI 3/9] Map 3, rank 4, beam 2, simulating beta 0.4
[MPI 4/9] Map 3, rank 4, beam 2, simulating beta 0.5
[MPI 5/9] Map 3, rank 4, beam 2, simulating beta 0.6
[MPI 1/9] Map 3, rank 4, beam 2, simulating beta 0.2
[MPI 0/9] Map 3, rank 4, beam 2, simulating beta 0.1
[MPI 2/9] Map 3, rank 4, beam 2, simulating beta 0.3
Map 3, rank 4: best beta=0.4, parent beam=0, weighted RMSE 35.8245 -> 34.1095, beam size=3, recorded samples=3
[MPI 6/9] Map 3, rank 5, beam 0, simulating beta 0.7
[MPI 5/9] Map 3, rank 5, beam 0, simulating beta 0.6
[MPI 7/9] Map 3, rank 5, beam 0, simulating beta 0.8
[MPI 1/9] Map 3, rank 5, beam 0, simulating beta 0.2
[MPI 2/9] Map 3, rank 5, beam 0, simulating beta 0.3
[MPI 3/9] Map 3, rank 5, beam 0, simulating beta 0.4
[MPI 8/9] Map 3, rank 5, beam 0, simulating beta 0.9
[MPI 0/9] Map 3, rank 5, beam 0, simulating beta 0.1
[MPI 4/9] Map 3, rank 5, beam 0, simulating beta 0.5
[MPI 6/9] Map 3, rank 5, beam 1, simulating beta 0.7
[MPI 8/9] Map 3, rank 5, beam 1, simulating beta 0.9
[MPI 3/9] Map 3, rank 5, beam 1, simulating beta 0.4
[MPI 7/9] Map 3, rank 5, beam 1, simulating beta 0.8
[MPI 0/9] Map 3, rank 5, beam 1, simulating beta 0.1
[MPI 2/9] Map 3, rank 5, beam 1, simulating beta 0.3
[MPI 4/9] Map 3, rank 5, beam 1, simulating beta 0.5
[MPI 1/9] Map 3, rank 5, beam 1, simulating beta 0.2
[MPI 5/9] Map 3, rank 5, beam 1, simulating beta 0.6
[MPI 8/9] Map 3, rank 5, beam 2, simulating beta 0.9
[MPI 6/9] Map 3, rank 5, beam 2, simulating beta 0.7
[MPI 7/9] Map 3, rank 5, beam 2, simulating beta 0.8
[MPI 3/9] Map 3, rank 5, beam 2, simulating beta 0.4
[MPI 0/9] Map 3, rank 5, beam 2, simulating beta 0.1
[MPI 2/9] Map 3, rank 5, beam 2, simulating beta 0.3
[MPI 4/9] Map 3, rank 5, beam 2, simulating beta 0.5
[MPI 5/9] Map 3, rank 5, beam 2, simulating beta 0.6
[MPI 1/9] Map 3, rank 5, beam 2, simulating beta 0.2
Map 3, rank 5: best beta=0.3, parent beam=0, weighted RMSE 34.1095 -> 30.0467, beam size=3, recorded samples=4
[MPI 5/9] Map 3, rank 6, beam 0, simulating beta 0.6
[MPI 6/9] Map 3, rank 6, beam 0, simulating beta 0.7
[MPI 7/9] Map 3, rank 6, beam 0, simulating beta 0.8
[MPI 1/9] Map 3, rank 6, beam 0, simulating beta 0.2
[MPI 3/9] Map 3, rank 6, beam 0, simulating beta 0.4
[MPI 8/9] Map 3, rank 6, beam 0, simulating beta 0.9
[MPI 0/9] Map 3, rank 6, beam 0, simulating beta 0.1
[MPI 4/9] Map 3, rank 6, beam 0, simulating beta 0.5
[MPI 2/9] Map 3, rank 6, beam 0, simulating beta 0.3
[MPI 8/9] Map 3, rank 6, beam 1, simulating beta 0.9
[MPI 6/9] Map 3, rank 6, beam 1, simulating beta 0.7
[MPI 2/9] Map 3, rank 6, beam 1, simulating beta 0.3
[MPI 0/9] Map 3, rank 6, beam 1, simulating beta 0.1
[MPI 3/9] Map 3, rank 6, beam 1, simulating beta 0.4
[MPI 4/9] Map 3, rank 6, beam 1, simulating beta 0.5
[MPI 1/9] Map 3, rank 6, beam 1, simulating beta 0.2
[MPI 7/9] Map 3, rank 6, beam 1, simulating beta 0.8
[MPI 5/9] Map 3, rank 6, beam 1, simulating beta 0.6
[MPI 8/9] Map 3, rank 6, beam 2, simulating beta 0.9
[MPI 6/9] Map 3, rank 6, beam 2, simulating beta 0.7
[MPI 2/9] Map 3, rank 6, beam 2, simulating beta 0.3
[MPI 3/9] Map 3, rank 6, beam 2, simulating beta 0.4
[MPI 7/9] Map 3, rank 6, beam 2, simulating beta 0.8
[MPI 0/9] Map 3, rank 6, beam 2, simulating beta 0.1
[MPI 4/9] Map 3, rank 6, beam 2, simulating beta 0.5
[MPI 1/9] Map 3, rank 6, beam 2, simulating beta 0.2
[MPI 5/9] Map 3, rank 6, beam 2, simulating beta 0.6
Map 3, rank 6: best beta=0.1, parent beam=0, weighted RMSE 30.0467 -> 28.8582, beam size=3, recorded samples=3
[MPI 1/9] Map 3, rank 7, beam 0, simulating beta 0.2
[MPI 3/9] Map 3, rank 7, beam 0, simulating beta 0.4
[MPI 6/9] Map 3, rank 7, beam 0, simulating beta 0.7
[MPI 7/9] Map 3, rank 7, beam 0, simulating beta 0.8
[MPI 0/9] Map 3, rank 7, beam 0, simulating beta 0.1
[MPI 5/9] Map 3, rank 7, beam 0, simulating beta 0.6
[MPI 8/9] Map 3, rank 7, beam 0, simulating beta 0.9
[MPI 4/9] Map 3, rank 7, beam 0, simulating beta 0.5
[MPI 2/9] Map 3, rank 7, beam 0, simulating beta 0.3
[MPI 6/9] Map 3, rank 7, beam 1, simulating beta 0.7
[MPI 5/9] Map 3, rank 7, beam 1, simulating beta 0.6
[MPI 7/9] Map 3, rank 7, beam 1, simulating beta 0.8
[MPI 4/9] Map 3, rank 7, beam 1, simulating beta 0.5
[MPI 8/9] Map 3, rank 7, beam 1, simulating beta 0.9
[MPI 3/9] Map 3, rank 7, beam 1, simulating beta 0.4
[MPI 0/9] Map 3, rank 7, beam 1, simulating beta 0.1
[MPI 1/9] Map 3, rank 7, beam 1, simulating beta 0.2
[MPI 2/9] Map 3, rank 7, beam 1, simulating beta 0.3
[MPI 6/9] Map 3, rank 7, beam 2, simulating beta 0.7
[MPI 5/9] Map 3, rank 7, beam 2, simulating beta 0.6
[MPI 7/9] Map 3, rank 7, beam 2, simulating beta 0.8
[MPI 8/9] Map 3, rank 7, beam 2, simulating beta 0.9
[MPI 3/9] Map 3, rank 7, beam 2, simulating beta 0.4
[MPI 4/9] Map 3, rank 7, beam 2, simulating beta 0.5
[MPI 2/9] Map 3, rank 7, beam 2, simulating beta 0.3
[MPI 1/9] Map 3, rank 7, beam 2, simulating beta 0.2
[MPI 0/9] Map 3, rank 7, beam 2, simulating beta 0.1
Map 3, rank 7: best beta=0.1, parent beam=0, weighted RMSE 28.8582 -> 24.2322, beam size=3, recorded samples=3
[MPI 6/9] Map 3, rank 8, beam 0, simulating beta 0.7
[MPI 7/9] Map 3, rank 8, beam 0, simulating beta 0.8
[MPI 1/9] Map 3, rank 8, beam 0, simulating beta 0.2
[MPI 3/9] Map 3, rank 8, beam 0, simulating beta 0.4
[MPI 8/9] Map 3, rank 8, beam 0, simulating beta 0.9
[MPI 2/9] Map 3, rank 8, beam 0, simulating beta 0.3
[MPI 5/9] Map 3, rank 8, beam 0, simulating beta 0.6
[MPI 0/9] Map 3, rank 8, beam 0, simulating beta 0.1
[MPI 4/9] Map 3, rank 8, beam 0, simulating beta 0.5
[MPI 7/9] Map 3, rank 8, beam 1, simulating beta 0.8
[MPI 6/9] Map 3, rank 8, beam 1, simulating beta 0.7
[MPI 4/9] Map 3, rank 8, beam 1, simulating beta 0.5
[MPI 8/9] Map 3, rank 8, beam 1, simulating beta 0.9
[MPI 5/9] Map 3, rank 8, beam 1, simulating beta 0.6
[MPI 0/9] Map 3, rank 8, beam 1, simulating beta 0.1
[MPI 3/9] Map 3, rank 8, beam 1, simulating beta 0.4
[MPI 1/9] Map 3, rank 8, beam 1, simulating beta 0.2
[MPI 2/9] Map 3, rank 8, beam 1, simulating beta 0.3
[MPI 7/9] Map 3, rank 8, beam 2, simulating beta 0.8
[MPI 6/9] Map 3, rank 8, beam 2, simulating beta 0.7
[MPI 8/9] Map 3, rank 8, beam 2, simulating beta 0.9
[MPI 4/9] Map 3, rank 8, beam 2, simulating beta 0.5
[MPI 5/9] Map 3, rank 8, beam 2, simulating beta 0.6
[MPI 3/9] Map 3, rank 8, beam 2, simulating beta 0.4
[MPI 0/9] Map 3, rank 8, beam 2, simulating beta 0.1
[MPI 2/9] Map 3, rank 8, beam 2, simulating beta 0.3
[MPI 1/9] Map 3, rank 8, beam 2, simulating beta 0.2
Map 3, rank 8: best beta=0.7, parent beam=2, weighted RMSE 25.7527 -> 21.5525, beam size=3, recorded samples=3
[MPI 1/9] Map 3, rank 9, beam 0, simulating beta 0.2
[MPI 2/9] Map 3, rank 9, beam 0, simulating beta 0.3
[MPI 3/9] Map 3, rank 9, beam 0, simulating beta 0.4
[MPI 5/9] Map 3, rank 9, beam 0, simulating beta 0.6
[MPI 6/9] Map 3, rank 9, beam 0, simulating beta 0.7
[MPI 7/9] Map 3, rank 9, beam 0, simulating beta 0.8
[MPI 8/9] Map 3, rank 9, beam 0, simulating beta 0.9
[MPI 0/9] Map 3, rank 9, beam 0, simulating beta 0.1
[MPI 4/9] Map 3, rank 9, beam 0, simulating beta 0.5
[MPI 6/9] Map 3, rank 9, beam 1, simulating beta 0.7
[MPI 7/9] Map 3, rank 9, beam 1, simulating beta 0.8
[MPI 8/9] Map 3, rank 9, beam 1, simulating beta 0.9
[MPI 4/9] Map 3, rank 9, beam 1, simulating beta 0.5
[MPI 1/9] Map 3, rank 9, beam 1, simulating beta 0.2
[MPI 0/9] Map 3, rank 9, beam 1, simulating beta 0.1
[MPI 3/9] Map 3, rank 9, beam 1, simulating beta 0.4
[MPI 5/9] Map 3, rank 9, beam 1, simulating beta 0.6
[MPI 2/9] Map 3, rank 9, beam 1, simulating beta 0.3
[MPI 6/9] Map 3, rank 9, beam 2, simulating beta 0.7
[MPI 7/9] Map 3, rank 9, beam 2, simulating beta 0.8
[MPI 8/9] Map 3, rank 9, beam 2, simulating beta 0.9
[MPI 1/9] Map 3, rank 9, beam 2, simulating beta 0.2
[MPI 4/9] Map 3, rank 9, beam 2, simulating beta 0.5
[MPI 0/9] Map 3, rank 9, beam 2, simulating beta 0.1
[MPI 2/9] Map 3, rank 9, beam 2, simulating beta 0.3
[MPI 3/9] Map 3, rank 9, beam 2, simulating beta 0.4
[MPI 5/9] Map 3, rank 9, beam 2, simulating beta 0.6
Map 3, rank 9: best beta=0.1, parent beam=0, weighted RMSE 21.5525 -> 20.8550, beam size=3, recorded samples=4
[MPI 1/9] Map 3, rank 10, beam 0, simulating beta 0.2
[MPI 3/9] Map 3, rank 10, beam 0, simulating beta 0.4
[MPI 6/9] Map 3, rank 10, beam 0, simulating beta 0.7
[MPI 7/9] Map 3, rank 10, beam 0, simulating beta 0.8
[MPI 5/9] Map 3, rank 10, beam 0, simulating beta 0.6
[MPI 0/9] Map 3, rank 10, beam 0, simulating beta 0.1
[MPI 2/9] Map 3, rank 10, beam 0, simulating beta 0.3
[MPI 4/9] Map 3, rank 10, beam 0, simulating beta 0.5
[MPI 8/9] Map 3, rank 10, beam 0, simulating beta 0.9
[MPI 8/9] Map 3, rank 10, beam 1, simulating beta 0.9
[MPI 7/9] Map 3, rank 10, beam 1, simulating beta 0.8
[MPI 3/9] Map 3, rank 10, beam 1, simulating beta 0.4
[MPI 6/9] Map 3, rank 10, beam 1, simulating beta 0.7
[MPI 1/9] Map 3, rank 10, beam 1, simulating beta 0.2
[MPI 0/9] Map 3, rank 10, beam 1, simulating beta 0.1
[MPI 4/9] Map 3, rank 10, beam 1, simulating beta 0.5
[MPI 2/9] Map 3, rank 10, beam 1, simulating beta 0.3
[MPI 5/9] Map 3, rank 10, beam 1, simulating beta 0.6
[MPI 8/9] Map 3, rank 10, beam 2, simulating beta 0.9
[MPI 7/9] Map 3, rank 10, beam 2, simulating beta 0.8
[MPI 3/9] Map 3, rank 10, beam 2, simulating beta 0.4
[MPI 6/9] Map 3, rank 10, beam 2, simulating beta 0.7
[MPI 1/9] Map 3, rank 10, beam 2, simulating beta 0.2
[MPI 4/9] Map 3, rank 10, beam 2, simulating beta 0.5
[MPI 2/9] Map 3, rank 10, beam 2, simulating beta 0.3
[MPI 0/9] Map 3, rank 10, beam 2, simulating beta 0.1
[MPI 5/9] Map 3, rank 10, beam 2, simulating beta 0.6
Map 3, rank 10: best beta=0.1, parent beam=0, weighted RMSE 20.8550 -> 18.6774, beam size=3, recorded samples=3
[MPI 6/9] Map 3, rank 11, beam 0, simulating beta 0.7
[MPI 8/9] Map 3, rank 11, beam 0, simulating beta 0.9
[MPI 3/9] Map 3, rank 11, beam 0, simulating beta 0.4
[MPI 5/9] Map 3, rank 11, beam 0, simulating beta 0.6
[MPI 0/9] Map 3, rank 11, beam 0, simulating beta 0.1
[MPI 1/9] Map 3, rank 11, beam 0, simulating beta 0.2
[MPI 2/9] Map 3, rank 11, beam 0, simulating beta 0.3
[MPI 4/9] Map 3, rank 11, beam 0, simulating beta 0.5
[MPI 7/9] Map 3, rank 11, beam 0, simulating beta 0.8
[MPI 3/9] Map 3, rank 11, beam 1, simulating beta 0.4
[MPI 6/9] Map 3, rank 11, beam 1, simulating beta 0.7
[MPI 8/9] Map 3, rank 11, beam 1, simulating beta 0.9
[MPI 7/9] Map 3, rank 11, beam 1, simulating beta 0.8
[MPI 1/9] Map 3, rank 11, beam 1, simulating beta 0.2
[MPI 0/9] Map 3, rank 11, beam 1, simulating beta 0.1
[MPI 2/9] Map 3, rank 11, beam 1, simulating beta 0.3
[MPI 4/9] Map 3, rank 11, beam 1, simulating beta 0.5
[MPI 5/9] Map 3, rank 11, beam 1, simulating beta 0.6
[MPI 6/9] Map 3, rank 11, beam 2, simulating beta 0.7
[MPI 8/9] Map 3, rank 11, beam 2, simulating beta 0.9
[MPI 3/9] Map 3, rank 11, beam 2, simulating beta 0.4
[MPI 7/9] Map 3, rank 11, beam 2, simulating beta 0.8
[MPI 1/9] Map 3, rank 11, beam 2, simulating beta 0.2
[MPI 0/9] Map 3, rank 11, beam 2, simulating beta 0.1
[MPI 4/9] Map 3, rank 11, beam 2, simulating beta 0.5
[MPI 2/9] Map 3, rank 11, beam 2, simulating beta 0.3
[MPI 5/9] Map 3, rank 11, beam 2, simulating beta 0.6
Map 3, rank 11: best beta=0.1, parent beam=1, weighted RMSE 18.6931 -> 16.7546, beam size=3, recorded samples=4
[MPI 7/9] Map 3, rank 12, beam 0, simulating beta 0.8
[MPI 1/9] Map 3, rank 12, beam 0, simulating beta 0.2
[MPI 6/9] Map 3, rank 12, beam 0, simulating beta 0.7
[MPI 3/9] Map 3, rank 12, beam 0, simulating beta 0.4
[MPI 0/9] Map 3, rank 12, beam 0, simulating beta 0.1
[MPI 2/9] Map 3, rank 12, beam 0, simulating beta 0.3
[MPI 4/9] Map 3, rank 12, beam 0, simulating beta 0.5
[MPI 5/9] Map 3, rank 12, beam 0, simulating beta 0.6
[MPI 8/9] Map 3, rank 12, beam 0, simulating beta 0.9
[MPI 8/9] Map 3, rank 12, beam 1, simulating beta 0.9
[MPI 6/9] Map 3, rank 12, beam 1, simulating beta 0.7
[MPI 3/9] Map 3, rank 12, beam 1, simulating beta 0.4
[MPI 0/9] Map 3, rank 12, beam 1, simulating beta 0.1
[MPI 1/9] Map 3, rank 12, beam 1, simulating beta 0.2
[MPI 2/9] Map 3, rank 12, beam 1, simulating beta 0.3
[MPI 4/9] Map 3, rank 12, beam 1, simulating beta 0.5
[MPI 5/9] Map 3, rank 12, beam 1, simulating beta 0.6
[MPI 7/9] Map 3, rank 12, beam 1, simulating beta 0.8
[MPI 8/9] Map 3, rank 12, beam 2, simulating beta 0.9
[MPI 6/9] Map 3, rank 12, beam 2, simulating beta 0.7
[MPI 3/9] Map 3, rank 12, beam 2, simulating beta 0.4
[MPI 7/9] Map 3, rank 12, beam 2, simulating beta 0.8
[MPI 1/9] Map 3, rank 12, beam 2, simulating beta 0.2
[MPI 2/9] Map 3, rank 12, beam 2, simulating beta 0.3
[MPI 0/9] Map 3, rank 12, beam 2, simulating beta 0.1
[MPI 5/9] Map 3, rank 12, beam 2, simulating beta 0.6
[MPI 4/9] Map 3, rank 12, beam 2, simulating beta 0.5
Map 3, rank 12: best beta=0.1, parent beam=2, weighted RMSE 16.8173 -> 16.0109, beam size=3, recorded samples=3
[MPI 6/9] Map 3, rank 13, beam 0, simulating beta 0.7
[MPI 7/9] Map 3, rank 13, beam 0, simulating beta 0.8
[MPI 1/9] Map 3, rank 13, beam 0, simulating beta 0.2
[MPI 3/9] Map 3, rank 13, beam 0, simulating beta 0.4
[MPI 5/9] Map 3, rank 13, beam 0, simulating beta 0.6
[MPI 8/9] Map 3, rank 13, beam 0, simulating beta 0.9
[MPI 0/9] Map 3, rank 13, beam 0, simulating beta 0.1
[MPI 2/9] Map 3, rank 13, beam 0, simulating beta 0.3
[MPI 4/9] Map 3, rank 13, beam 0, simulating beta 0.5
[MPI 8/9] Map 3, rank 13, beam 1, simulating beta 0.9
[MPI 1/9] Map 3, rank 13, beam 1, simulating beta 0.2
[MPI 6/9] Map 3, rank 13, beam 1, simulating beta 0.7
[MPI 3/9] Map 3, rank 13, beam 1, simulating beta 0.4
[MPI 7/9] Map 3, rank 13, beam 1, simulating beta 0.8
[MPI 4/9] Map 3, rank 13, beam 1, simulating beta 0.5
[MPI 0/9] Map 3, rank 13, beam 1, simulating beta 0.1
[MPI 2/9] Map 3, rank 13, beam 1, simulating beta 0.3
[MPI 5/9] Map 3, rank 13, beam 1, simulating beta 0.6
[MPI 8/9] Map 3, rank 13, beam 2, simulating beta 0.9
[MPI 1/9] Map 3, rank 13, beam 2, simulating beta 0.2
[MPI 6/9] Map 3, rank 13, beam 2, simulating beta 0.7
[MPI 7/9] Map 3, rank 13, beam 2, simulating beta 0.8
[MPI 3/9] Map 3, rank 13, beam 2, simulating beta 0.4
[MPI 2/9] Map 3, rank 13, beam 2, simulating beta 0.3
[MPI 4/9] Map 3, rank 13, beam 2, simulating beta 0.5
[MPI 0/9] Map 3, rank 13, beam 2, simulating beta 0.1
[MPI 5/9] Map 3, rank 13, beam 2, simulating beta 0.6
Map 3, rank 13: best beta=0.3, parent beam=0, weighted RMSE 16.0109 -> 15.1431, beam size=3, recorded samples=3
[MPI 6/9] Map 3, rank 14, beam 0, simulating beta 0.7
[MPI 3/9] Map 3, rank 14, beam 0, simulating beta 0.4
[MPI 5/9] Map 3, rank 14, beam 0, simulating beta 0.6
[MPI 7/9] Map 3, rank 14, beam 0, simulating beta 0.8
[MPI 0/9] Map 3, rank 14, beam 0, simulating beta 0.1
[MPI 1/9] Map 3, rank 14, beam 0, simulating beta 0.2
[MPI 2/9] Map 3, rank 14, beam 0, simulating beta 0.3
[MPI 4/9] Map 3, rank 14, beam 0, simulating beta 0.5
[MPI 8/9] Map 3, rank 14, beam 0, simulating beta 0.9
[MPI 6/9] Map 3, rank 14, beam 1, simulating beta 0.7
[MPI 8/9] Map 3, rank 14, beam 1, simulating beta 0.9
[MPI 7/9] Map 3, rank 14, beam 1, simulating beta 0.8
[MPI 1/9] Map 3, rank 14, beam 1, simulating beta 0.2
[MPI 3/9] Map 3, rank 14, beam 1, simulating beta 0.4
[MPI 0/9] Map 3, rank 14, beam 1, simulating beta 0.1
[MPI 2/9] Map 3, rank 14, beam 1, simulating beta 0.3
[MPI 5/9] Map 3, rank 14, beam 1, simulating beta 0.6
[MPI 4/9] Map 3, rank 14, beam 1, simulating beta 0.5
[MPI 6/9] Map 3, rank 14, beam 2, simulating beta 0.7
[MPI 8/9] Map 3, rank 14, beam 2, simulating beta 0.9
[MPI 7/9] Map 3, rank 14, beam 2, simulating beta 0.8
[MPI 1/9] Map 3, rank 14, beam 2, simulating beta 0.2
[MPI 3/9] Map 3, rank 14, beam 2, simulating beta 0.4
[MPI 0/9] Map 3, rank 14, beam 2, simulating beta 0.1
[MPI 2/9] Map 3, rank 14, beam 2, simulating beta 0.3
[MPI 4/9] Map 3, rank 14, beam 2, simulating beta 0.5
[MPI 5/9] Map 3, rank 14, beam 2, simulating beta 0.6
Map 3, rank 14: best beta=0.1, parent beam=0, weighted RMSE 15.1431 -> 14.0095, beam size=3, recorded samples=3
[MPI 6/9] Map 3, rank 15, beam 0, simulating beta 0.7
[MPI 7/9] Map 3, rank 15, beam 0, simulating beta 0.8
[MPI 1/9] Map 3, rank 15, beam 0, simulating beta 0.2
[MPI 3/9] Map 3, rank 15, beam 0, simulating beta 0.4
[MPI 5/9] Map 3, rank 15, beam 0, simulating beta 0.6
[MPI 8/9] Map 3, rank 15, beam 0, simulating beta 0.9
[MPI 0/9] Map 3, rank 15, beam 0, simulating beta 0.1
[MPI 2/9] Map 3, rank 15, beam 0, simulating beta 0.3
[MPI 4/9] Map 3, rank 15, beam 0, simulating beta 0.5
[MPI 8/9] Map 3, rank 15, beam 1, simulating beta 0.9
[MPI 6/9] Map 3, rank 15, beam 1, simulating beta 0.7
[MPI 7/9] Map 3, rank 15, beam 1, simulating beta 0.8
[MPI 0/9] Map 3, rank 15, beam 1, simulating beta 0.1
[MPI 3/9] Map 3, rank 15, beam 1, simulating beta 0.4
[MPI 4/9] Map 3, rank 15, beam 1, simulating beta 0.5
[MPI 1/9] Map 3, rank 15, beam 1, simulating beta 0.2
[MPI 2/9] Map 3, rank 15, beam 1, simulating beta 0.3
[MPI 5/9] Map 3, rank 15, beam 1, simulating beta 0.6
[MPI 8/9] Map 3, rank 15, beam 2, simulating beta 0.9
[MPI 6/9] Map 3, rank 15, beam 2, simulating beta 0.7
[MPI 7/9] Map 3, rank 15, beam 2, simulating beta 0.8
[MPI 0/9] Map 3, rank 15, beam 2, simulating beta 0.1
[MPI 4/9] Map 3, rank 15, beam 2, simulating beta 0.5
[MPI 1/9] Map 3, rank 15, beam 2, simulating beta 0.2
[MPI 2/9] Map 3, rank 15, beam 2, simulating beta 0.3
[MPI 3/9] Map 3, rank 15, beam 2, simulating beta 0.4
[MPI 5/9] Map 3, rank 15, beam 2, simulating beta 0.6
Map 3, rank 15: best beta=0.1, parent beam=1, weighted RMSE 14.4898 -> 12.9302, beam size=3, recorded samples=3
[MPI 6/9] Map 3, rank 16, beam 0, simulating beta 0.7
[MPI 7/9] Map 3, rank 16, beam 0, simulating beta 0.8
[MPI 1/9] Map 3, rank 16, beam 0, simulating beta 0.2
[MPI 3/9] Map 3, rank 16, beam 0, simulating beta 0.4
[MPI 5/9] Map 3, rank 16, beam 0, simulating beta 0.6
[MPI 8/9] Map 3, rank 16, beam 0, simulating beta 0.9
[MPI 0/9] Map 3, rank 16, beam 0, simulating beta 0.1
[MPI 2/9] Map 3, rank 16, beam 0, simulating beta 0.3
[MPI 4/9] Map 3, rank 16, beam 0, simulating beta 0.5
[MPI 8/9] Map 3, rank 16, beam 1, simulating beta 0.9
[MPI 7/9] Map 3, rank 16, beam 1, simulating beta 0.8
[MPI 6/9] Map 3, rank 16, beam 1, simulating beta 0.7
[MPI 1/9] Map 3, rank 16, beam 1, simulating beta 0.2
[MPI 3/9] Map 3, rank 16, beam 1, simulating beta 0.4
[MPI 0/9] Map 3, rank 16, beam 1, simulating beta 0.1
[MPI 5/9] Map 3, rank 16, beam 1, simulating beta 0.6
[MPI 2/9] Map 3, rank 16, beam 1, simulating beta 0.3
[MPI 4/9] Map 3, rank 16, beam 1, simulating beta 0.5
[MPI 8/9] Map 3, rank 16, beam 2, simulating beta 0.9
[MPI 7/9] Map 3, rank 16, beam 2, simulating beta 0.8
[MPI 6/9] Map 3, rank 16, beam 2, simulating beta 0.7
[MPI 3/9] Map 3, rank 16, beam 2, simulating beta 0.4
[MPI 1/9] Map 3, rank 16, beam 2, simulating beta 0.2
[MPI 0/9] Map 3, rank 16, beam 2, simulating beta 0.1
[MPI 4/9] Map 3, rank 16, beam 2, simulating beta 0.5
[MPI 2/9] Map 3, rank 16, beam 2, simulating beta 0.3
[MPI 5/9] Map 3, rank 16, beam 2, simulating beta 0.6
Map 3, rank 16: best beta=0.1, parent beam=0, weighted RMSE 12.9302 -> 12.5894, beam size=3, recorded samples=3
[MPI 7/9] Map 3, rank 17, beam 0, simulating beta 0.8
[MPI 3/9] Map 3, rank 17, beam 0, simulating beta 0.4
[MPI 6/9] Map 3, rank 17, beam 0, simulating beta 0.7
[MPI 1/9] Map 3, rank 17, beam 0, simulating beta 0.2
[MPI 4/9] Map 3, rank 17, beam 0, simulating beta 0.5
[MPI 5/9] Map 3, rank 17, beam 0, simulating beta 0.6
[MPI 8/9] Map 3, rank 17, beam 0, simulating beta 0.9
[MPI 2/9] Map 3, rank 17, beam 0, simulating beta 0.3
[MPI 0/9] Map 3, rank 17, beam 0, simulating beta 0.1
[MPI 8/9] Map 3, rank 17, beam 1, simulating beta 0.9
[MPI 6/9] Map 3, rank 17, beam 1, simulating beta 0.7
[MPI 7/9] Map 3, rank 17, beam 1, simulating beta 0.8
[MPI 0/9] Map 3, rank 17, beam 1, simulating beta 0.1
[MPI 3/9] Map 3, rank 17, beam 1, simulating beta 0.4
[MPI 2/9] Map 3, rank 17, beam 1, simulating beta 0.3
[MPI 4/9] Map 3, rank 17, beam 1, simulating beta 0.5
[MPI 1/9] Map 3, rank 17, beam 1, simulating beta 0.2
[MPI 5/9] Map 3, rank 17, beam 1, simulating beta 0.6
[MPI 8/9] Map 3, rank 17, beam 2, simulating beta 0.9
[MPI 6/9] Map 3, rank 17, beam 2, simulating beta 0.7
[MPI 7/9] Map 3, rank 17, beam 2, simulating beta 0.8
[MPI 0/9] Map 3, rank 17, beam 2, simulating beta 0.1
[MPI 4/9] Map 3, rank 17, beam 2, simulating beta 0.5
[MPI 1/9] Map 3, rank 17, beam 2, simulating beta 0.2
[MPI 3/9] Map 3, rank 17, beam 2, simulating beta 0.4
[MPI 2/9] Map 3, rank 17, beam 2, simulating beta 0.3
[MPI 5/9] Map 3, rank 17, beam 2, simulating beta 0.6
Map 3, rank 17: best beta=0.4, parent beam=0, weighted RMSE 12.5894 -> 12.3662, beam size=3, recorded samples=3
[MPI 5/9] Map 3, rank 18, beam 0, simulating beta 0.6
[MPI 6/9] Map 3, rank 18, beam 0, simulating beta 0.7
[MPI 7/9] Map 3, rank 18, beam 0, simulating beta 0.8
[MPI 1/9] Map 3, rank 18, beam 0, simulating beta 0.2
[MPI 3/9] Map 3, rank 18, beam 0, simulating beta 0.4
[MPI 4/9] Map 3, rank 18, beam 0, simulating beta 0.5
[MPI 8/9] Map 3, rank 18, beam 0, simulating beta 0.9
[MPI 0/9] Map 3, rank 18, beam 0, simulating beta 0.1
[MPI 2/9] Map 3, rank 18, beam 0, simulating beta 0.3
[MPI 8/9] Map 3, rank 18, beam 1, simulating beta 0.9
[MPI 7/9] Map 3, rank 18, beam 1, simulating beta 0.8
[MPI 6/9] Map 3, rank 18, beam 1, simulating beta 0.7
[MPI 5/9] Map 3, rank 18, beam 1, simulating beta 0.6
[MPI 4/9] Map 3, rank 18, beam 1, simulating beta 0.5
[MPI 0/9] Map 3, rank 18, beam 1, simulating beta 0.1
[MPI 1/9] Map 3, rank 18, beam 1, simulating beta 0.2
[MPI 3/9] Map 3, rank 18, beam 1, simulating beta 0.4
[MPI 2/9] Map 3, rank 18, beam 1, simulating beta 0.3
[MPI 8/9] Map 3, rank 18, beam 2, simulating beta 0.9
[MPI 7/9] Map 3, rank 18, beam 2, simulating beta 0.8
[MPI 6/9] Map 3, rank 18, beam 2, simulating beta 0.7
[MPI 4/9] Map 3, rank 18, beam 2, simulating beta 0.5
[MPI 5/9] Map 3, rank 18, beam 2, simulating beta 0.6
[MPI 0/9] Map 3, rank 18, beam 2, simulating beta 0.1
[MPI 1/9] Map 3, rank 18, beam 2, simulating beta 0.2
[MPI 2/9] Map 3, rank 18, beam 2, simulating beta 0.3
[MPI 3/9] Map 3, rank 18, beam 2, simulating beta 0.4
Map 3, rank 18: best beta=0.1, parent beam=1, weighted RMSE 12.4203 -> 12.0476, beam size=3, recorded samples=3
[MPI 7/9] Map 3, rank 19, beam 0, simulating beta 0.8
[MPI 1/9] Map 3, rank 19, beam 0, simulating beta 0.2
[MPI 3/9] Map 3, rank 19, beam 0, simulating beta 0.4
[MPI 5/9] Map 3, rank 19, beam 0, simulating beta 0.6
[MPI 6/9] Map 3, rank 19, beam 0, simulating beta 0.7
[MPI 2/9] Map 3, rank 19, beam 0, simulating beta 0.3
[MPI 4/9] Map 3, rank 19, beam 0, simulating beta 0.5
[MPI 8/9] Map 3, rank 19, beam 0, simulating beta 0.9
[MPI 0/9] Map 3, rank 19, beam 0, simulating beta 0.1
[MPI 8/9] Map 3, rank 19, beam 1, simulating beta 0.9
[MPI 6/9] Map 3, rank 19, beam 1, simulating beta 0.7
[MPI 7/9] Map 3, rank 19, beam 1, simulating beta 0.8
[MPI 1/9] Map 3, rank 19, beam 1, simulating beta 0.2
[MPI 0/9] Map 3, rank 19, beam 1, simulating beta 0.1
[MPI 2/9] Map 3, rank 19, beam 1, simulating beta 0.3
[MPI 3/9] Map 3, rank 19, beam 1, simulating beta 0.4
[MPI 4/9] Map 3, rank 19, beam 1, simulating beta 0.5
[MPI 5/9] Map 3, rank 19, beam 1, simulating beta 0.6
[MPI 8/9] Map 3, rank 19, beam 2, simulating beta 0.9
[MPI 6/9] Map 3, rank 19, beam 2, simulating beta 0.7
[MPI 7/9] Map 3, rank 19, beam 2, simulating beta 0.8
[MPI 1/9] Map 3, rank 19, beam 2, simulating beta 0.2
[MPI 3/9] Map 3, rank 19, beam 2, simulating beta 0.4
[MPI 0/9] Map 3, rank 19, beam 2, simulating beta 0.1
[MPI 2/9] Map 3, rank 19, beam 2, simulating beta 0.3
[MPI 5/9] Map 3, rank 19, beam 2, simulating beta 0.6
[MPI 4/9] Map 3, rank 19, beam 2, simulating beta 0.5
Map 3, rank 19: best beta=0.1, parent beam=1, weighted RMSE 12.1159 -> 11.8033, beam size=3, recorded samples=3
[MPI 5/9] Map 3, rank 20, beam 0, simulating beta 0.6
[MPI 6/9] Map 3, rank 20, beam 0, simulating beta 0.7
[MPI 7/9] Map 3, rank 20, beam 0, simulating beta 0.8
[MPI 8/9] Map 3, rank 20, beam 0, simulating beta 0.9
[MPI 0/9] Map 3, rank 20, beam 0, simulating beta 0.1
[MPI 1/9] Map 3, rank 20, beam 0, simulating beta 0.2
[MPI 2/9] Map 3, rank 20, beam 0, simulating beta 0.3
[MPI 3/9] Map 3, rank 20, beam 0, simulating beta 0.4
[MPI 4/9] Map 3, rank 20, beam 0, simulating beta 0.5
[MPI 8/9] Map 3, rank 20, beam 1, simulating beta 0.9
[MPI 7/9] Map 3, rank 20, beam 1, simulating beta 0.8
[MPI 3/9] Map 3, rank 20, beam 1, simulating beta 0.4
[MPI 6/9] Map 3, rank 20, beam 1, simulating beta 0.7
[MPI 1/9] Map 3, rank 20, beam 1, simulating beta 0.2
[MPI 0/9] Map 3, rank 20, beam 1, simulating beta 0.1
[MPI 4/9] Map 3, rank 20, beam 1, simulating beta 0.5
[MPI 5/9] Map 3, rank 20, beam 1, simulating beta 0.6
[MPI 2/9] Map 3, rank 20, beam 1, simulating beta 0.3
[MPI 8/9] Map 3, rank 20, beam 2, simulating beta 0.9
[MPI 7/9] Map 3, rank 20, beam 2, simulating beta 0.8
[MPI 3/9] Map 3, rank 20, beam 2, simulating beta 0.4
[MPI 6/9] Map 3, rank 20, beam 2, simulating beta 0.7
[MPI 1/9] Map 3, rank 20, beam 2, simulating beta 0.2
[MPI 5/9] Map 3, rank 20, beam 2, simulating beta 0.6
[MPI 0/9] Map 3, rank 20, beam 2, simulating beta 0.1
[MPI 2/9] Map 3, rank 20, beam 2, simulating beta 0.3
[MPI 4/9] Map 3, rank 20, beam 2, simulating beta 0.5
Map 3, rank 20: best beta=0.2, parent beam=0, weighted RMSE 11.8033 -> 11.7409, beam size=3, recorded samples=3
[MPI 0/9] Map 3, rank 21, beam 0, simulating beta 0.1
[MPI 1/9] Map 3, rank 21, beam 0, simulating beta 0.2
[MPI 2/9] Map 3, rank 21, beam 0, simulating beta 0.3
[MPI 3/9] Map 3, rank 21, beam 0, simulating beta 0.4
[MPI 4/9] Map 3, rank 21, beam 0, simulating beta 0.5
[MPI 5/9] Map 3, rank 21, beam 0, simulating beta 0.6
[MPI 6/9] Map 3, rank 21, beam 0, simulating beta 0.7
[MPI 7/9] Map 3, rank 21, beam 0, simulating beta 0.8
[MPI 8/9] Map 3, rank 21, beam 0, simulating beta 0.9
[MPI 8/9] Map 3, rank 21, beam 1, simulating beta 0.9
[MPI 7/9] Map 3, rank 21, beam 1, simulating beta 0.8
[MPI 6/9] Map 3, rank 21, beam 1, simulating beta 0.7
[MPI 3/9] Map 3, rank 21, beam 1, simulating beta 0.4
[MPI 4/9] Map 3, rank 21, beam 1, simulating beta 0.5
[MPI 2/9] Map 3, rank 21, beam 1, simulating beta 0.3
[MPI 0/9] Map 3, rank 21, beam 1, simulating beta 0.1
[MPI 1/9] Map 3, rank 21, beam 1, simulating beta 0.2
[MPI 5/9] Map 3, rank 21, beam 1, simulating beta 0.6
[MPI 8/9] Map 3, rank 21, beam 2, simulating beta 0.9
[MPI 7/9] Map 3, rank 21, beam 2, simulating beta 0.8
[MPI 6/9] Map 3, rank 21, beam 2, simulating beta 0.7
[MPI 3/9] Map 3, rank 21, beam 2, simulating beta 0.4
[MPI 4/9] Map 3, rank 21, beam 2, simulating beta 0.5
[MPI 0/9] Map 3, rank 21, beam 2, simulating beta 0.1
[MPI 2/9] Map 3, rank 21, beam 2, simulating beta 0.3
[MPI 1/9] Map 3, rank 21, beam 2, simulating beta 0.2
[MPI 5/9] Map 3, rank 21, beam 2, simulating beta 0.6
Map 3, rank 21: best beta=0.1, parent beam=1, weighted RMSE 11.7458 -> 11.4662, beam size=3, recorded samples=3
[MPI 6/9] Map 3, rank 22, beam 0, simulating beta 0.7
[MPI 7/9] Map 3, rank 22, beam 0, simulating beta 0.8
[MPI 3/9] Map 3, rank 22, beam 0, simulating beta 0.4
[MPI 5/9] Map 3, rank 22, beam 0, simulating beta 0.6
[MPI 8/9] Map 3, rank 22, beam 0, simulating beta 0.9
[MPI 1/9] Map 3, rank 22, beam 0, simulating beta 0.2
[MPI 2/9] Map 3, rank 22, beam 0, simulating beta 0.3
[MPI 4/9] Map 3, rank 22, beam 0, simulating beta 0.5
[MPI 0/9] Map 3, rank 22, beam 0, simulating beta 0.1
[MPI 8/9] Map 3, rank 22, beam 1, simulating beta 0.9
[MPI 7/9] Map 3, rank 22, beam 1, simulating beta 0.8
[MPI 3/9] Map 3, rank 22, beam 1, simulating beta 0.4
[MPI 6/9] Map 3, rank 22, beam 1, simulating beta 0.7
[MPI 4/9] Map 3, rank 22, beam 1, simulating beta 0.5
[MPI 0/9] Map 3, rank 22, beam 1, simulating beta 0.1
[MPI 2/9] Map 3, rank 22, beam 1, simulating beta 0.3
[MPI 1/9] Map 3, rank 22, beam 1, simulating beta 0.2
[MPI 5/9] Map 3, rank 22, beam 1, simulating beta 0.6
[MPI 8/9] Map 3, rank 22, beam 2, simulating beta 0.9
[MPI 7/9] Map 3, rank 22, beam 2, simulating beta 0.8
[MPI 6/9] Map 3, rank 22, beam 2, simulating beta 0.7
[MPI 3/9] Map 3, rank 22, beam 2, simulating beta 0.4
[MPI 4/9] Map 3, rank 22, beam 2, simulating beta 0.5
[MPI 2/9] Map 3, rank 22, beam 2, simulating beta 0.3
[MPI 0/9] Map 3, rank 22, beam 2, simulating beta 0.1
[MPI 1/9] Map 3, rank 22, beam 2, simulating beta 0.2
[MPI 5/9] Map 3, rank 22, beam 2, simulating beta 0.6
Map 3, rank 22: best beta=0.1, parent beam=0, weighted RMSE 11.4662 -> 10.9903, beam size=3, recorded samples=3
[MPI 6/9] Map 3, rank 23, beam 0, simulating beta 0.7
[MPI 1/9] Map 3, rank 23, beam 0, simulating beta 0.2
[MPI 7/9] Map 3, rank 23, beam 0, simulating beta 0.8
[MPI 3/9] Map 3, rank 23, beam 0, simulating beta 0.4
[MPI 4/9] Map 3, rank 23, beam 0, simulating beta 0.5
[MPI 8/9] Map 3, rank 23, beam 0, simulating beta 0.9
[MPI 2/9] Map 3, rank 23, beam 0, simulating beta 0.3
[MPI 5/9] Map 3, rank 23, beam 0, simulating beta 0.6
[MPI 0/9] Map 3, rank 23, beam 0, simulating beta 0.1
[MPI 8/9] Map 3, rank 23, beam 1, simulating beta 0.9
[MPI 6/9] Map 3, rank 23, beam 1, simulating beta 0.7
[MPI 7/9] Map 3, rank 23, beam 1, simulating beta 0.8
[MPI 0/9] Map 3, rank 23, beam 1, simulating beta 0.1
[MPI 1/9] Map 3, rank 23, beam 1, simulating beta 0.2
[MPI 2/9] Map 3, rank 23, beam 1, simulating beta 0.3
[MPI 3/9] Map 3, rank 23, beam 1, simulating beta 0.4
[MPI 4/9] Map 3, rank 23, beam 1, simulating beta 0.5
[MPI 5/9] Map 3, rank 23, beam 1, simulating beta 0.6
[MPI 8/9] Map 3, rank 23, beam 2, simulating beta 0.9
[MPI 7/9] Map 3, rank 23, beam 2, simulating beta 0.8
[MPI 6/9] Map 3, rank 23, beam 2, simulating beta 0.7
[MPI 4/9] Map 3, rank 23, beam 2, simulating beta 0.5
[MPI 5/9] Map 3, rank 23, beam 2, simulating beta 0.6
[MPI 0/9] Map 3, rank 23, beam 2, simulating beta 0.1
[MPI 2/9] Map 3, rank 23, beam 2, simulating beta 0.3
[MPI 1/9] Map 3, rank 23, beam 2, simulating beta 0.2
[MPI 3/9] Map 3, rank 23, beam 2, simulating beta 0.4
Map 3, rank 23: best beta=0.1, parent beam=0, weighted RMSE 10.9903 -> 10.8684, beam size=3, recorded samples=3
[MPI 6/9] Map 3, rank 24, beam 0, simulating beta 0.7
[MPI 1/9] Map 3, rank 24, beam 0, simulating beta 0.2
[MPI 5/9] Map 3, rank 24, beam 0, simulating beta 0.6
[MPI 7/9] Map 3, rank 24, beam 0, simulating beta 0.8
[MPI 8/9] Map 3, rank 24, beam 0, simulating beta 0.9
[MPI 2/9] Map 3, rank 24, beam 0, simulating beta 0.3
[MPI 3/9] Map 3, rank 24, beam 0, simulating beta 0.4
[MPI 4/9] Map 3, rank 24, beam 0, simulating beta 0.5
[MPI 0/9] Map 3, rank 24, beam 0, simulating beta 0.1
[MPI 8/9] Map 3, rank 24, beam 1, simulating beta 0.9
[MPI 7/9] Map 3, rank 24, beam 1, simulating beta 0.8
[MPI 6/9] Map 3, rank 24, beam 1, simulating beta 0.7
[MPI 4/9] Map 3, rank 24, beam 1, simulating beta 0.5
[MPI 0/9] Map 3, rank 24, beam 1, simulating beta 0.1
[MPI 1/9] Map 3, rank 24, beam 1, simulating beta 0.2
[MPI 2/9] Map 3, rank 24, beam 1, simulating beta 0.3
[MPI 3/9] Map 3, rank 24, beam 1, simulating beta 0.4
[MPI 5/9] Map 3, rank 24, beam 1, simulating beta 0.6
[MPI 8/9] Map 3, rank 24, beam 2, simulating beta 0.9
[MPI 7/9] Map 3, rank 24, beam 2, simulating beta 0.8
[MPI 6/9] Map 3, rank 24, beam 2, simulating beta 0.7
[MPI 4/9] Map 3, rank 24, beam 2, simulating beta 0.5
[MPI 5/9] Map 3, rank 24, beam 2, simulating beta 0.6
[MPI 0/9] Map 3, rank 24, beam 2, simulating beta 0.1
[MPI 3/9] Map 3, rank 24, beam 2, simulating beta 0.4
[MPI 1/9] Map 3, rank 24, beam 2, simulating beta 0.2
[MPI 2/9] Map 3, rank 24, beam 2, simulating beta 0.3
Map 3, rank 24: best beta=0.1, parent beam=0, weighted RMSE 10.8684 -> 10.6412, beam size=3, recorded samples=3
[MPI 6/9] Map 3, rank 25, beam 0, simulating beta 0.7
[MPI 7/9] Map 3, rank 25, beam 0, simulating beta 0.8
[MPI 0/9] Map 3, rank 25, beam 0, simulating beta 0.1
[MPI 1/9] Map 3, rank 25, beam 0, simulating beta 0.2
[MPI 2/9] Map 3, rank 25, beam 0, simulating beta 0.3
[MPI 3/9] Map 3, rank 25, beam 0, simulating beta 0.4
[MPI 4/9] Map 3, rank 25, beam 0, simulating beta 0.5
[MPI 5/9] Map 3, rank 25, beam 0, simulating beta 0.6
[MPI 8/9] Map 3, rank 25, beam 0, simulating beta 0.9
[MPI 8/9] Map 3, rank 25, beam 1, simulating beta 0.9
[MPI 7/9] Map 3, rank 25, beam 1, simulating beta 0.8
[MPI 6/9] Map 3, rank 25, beam 1, simulating beta 0.7
[MPI 1/9] Map 3, rank 25, beam 1, simulating beta 0.2
[MPI 4/9] Map 3, rank 25, beam 1, simulating beta 0.5
[MPI 0/9] Map 3, rank 25, beam 1, simulating beta 0.1
[MPI 3/9] Map 3, rank 25, beam 1, simulating beta 0.4
[MPI 5/9] Map 3, rank 25, beam 1, simulating beta 0.6
[MPI 2/9] Map 3, rank 25, beam 1, simulating beta 0.3
[MPI 8/9] Map 3, rank 25, beam 2, simulating beta 0.9
[MPI 6/9] Map 3, rank 25, beam 2, simulating beta 0.7
[MPI 7/9] Map 3, rank 25, beam 2, simulating beta 0.8
[MPI 1/9] Map 3, rank 25, beam 2, simulating beta 0.2
[MPI 4/9] Map 3, rank 25, beam 2, simulating beta 0.5
[MPI 5/9] Map 3, rank 25, beam 2, simulating beta 0.6
[MPI 2/9] Map 3, rank 25, beam 2, simulating beta 0.3
[MPI 0/9] Map 3, rank 25, beam 2, simulating beta 0.1
[MPI 3/9] Map 3, rank 25, beam 2, simulating beta 0.4
Map 3, rank 25: best beta=0.2, parent beam=0, weighted RMSE 10.6412 -> 9.9327, beam size=3, recorded samples=3
[MPI 5/9] Map 3, rank 26, beam 0, simulating beta 0.6
[MPI 6/9] Map 3, rank 26, beam 0, simulating beta 0.7
[MPI 7/9] Map 3, rank 26, beam 0, simulating beta 0.8
[MPI 1/9] Map 3, rank 26, beam 0, simulating beta 0.2
[MPI 8/9] Map 3, rank 26, beam 0, simulating beta 0.9
[MPI 3/9] Map 3, rank 26, beam 0, simulating beta 0.4
[MPI 0/9] Map 3, rank 26, beam 0, simulating beta 0.1
[MPI 4/9] Map 3, rank 26, beam 0, simulating beta 0.5
[MPI 2/9] Map 3, rank 26, beam 0, simulating beta 0.3
[MPI 8/9] Map 3, rank 26, beam 1, simulating beta 0.9
[MPI 7/9] Map 3, rank 26, beam 1, simulating beta 0.8
[MPI 1/9] Map 3, rank 26, beam 1, simulating beta 0.2
[MPI 6/9] Map 3, rank 26, beam 1, simulating beta 0.7
[MPI 3/9] Map 3, rank 26, beam 1, simulating beta 0.4
[MPI 4/9] Map 3, rank 26, beam 1, simulating beta 0.5
[MPI 0/9] Map 3, rank 26, beam 1, simulating beta 0.1
[MPI 2/9] Map 3, rank 26, beam 1, simulating beta 0.3
[MPI 5/9] Map 3, rank 26, beam 1, simulating beta 0.6
[MPI 8/9] Map 3, rank 26, beam 2, simulating beta 0.9
[MPI 7/9] Map 3, rank 26, beam 2, simulating beta 0.8
[MPI 1/9] Map 3, rank 26, beam 2, simulating beta 0.2
[MPI 6/9] Map 3, rank 26, beam 2, simulating beta 0.7
[MPI 3/9] Map 3, rank 26, beam 2, simulating beta 0.4
[MPI 4/9] Map 3, rank 26, beam 2, simulating beta 0.5
[MPI 2/9] Map 3, rank 26, beam 2, simulating beta 0.3
[MPI 0/9] Map 3, rank 26, beam 2, simulating beta 0.1
[MPI 5/9] Map 3, rank 26, beam 2, simulating beta 0.6
Map 3, rank 26: best beta=0.1, parent beam=0, weighted RMSE 9.9327 -> 9.4567, beam size=3, recorded samples=3
[MPI 6/9] Map 3, rank 27, beam 0, simulating beta 0.7
[MPI 7/9] Map 3, rank 27, beam 0, simulating beta 0.8
[MPI 8/9] Map 3, rank 27, beam 0, simulating beta 0.9
[MPI 4/9] Map 3, rank 27, beam 0, simulating beta 0.5
[MPI 5/9] Map 3, rank 27, beam 0, simulating beta 0.6
[MPI 1/9] Map 3, rank 27, beam 0, simulating beta 0.2
[MPI 0/9] Map 3, rank 27, beam 0, simulating beta 0.1
[MPI 2/9] Map 3, rank 27, beam 0, simulating beta 0.3
[MPI 3/9] Map 3, rank 27, beam 0, simulating beta 0.4
[MPI 8/9] Map 3, rank 27, beam 1, simulating beta 0.9
[MPI 7/9] Map 3, rank 27, beam 1, simulating beta 0.8
[MPI 1/9] Map 3, rank 27, beam 1, simulating beta 0.2
[MPI 4/9] Map 3, rank 27, beam 1, simulating beta 0.5
[MPI 6/9] Map 3, rank 27, beam 1, simulating beta 0.7
[MPI 0/9] Map 3, rank 27, beam 1, simulating beta 0.1
[MPI 2/9] Map 3, rank 27, beam 1, simulating beta 0.3
[MPI 3/9] Map 3, rank 27, beam 1, simulating beta 0.4
[MPI 5/9] Map 3, rank 27, beam 1, simulating beta 0.6
[MPI 8/9] Map 3, rank 27, beam 2, simulating beta 0.9
[MPI 7/9] Map 3, rank 27, beam 2, simulating beta 0.8
[MPI 1/9] Map 3, rank 27, beam 2, simulating beta 0.2
[MPI 4/9] Map 3, rank 27, beam 2, simulating beta 0.5
[MPI 6/9] Map 3, rank 27, beam 2, simulating beta 0.7
[MPI 2/9] Map 3, rank 27, beam 2, simulating beta 0.3
[MPI 0/9] Map 3, rank 27, beam 2, simulating beta 0.1
[MPI 3/9] Map 3, rank 27, beam 2, simulating beta 0.4
[MPI 5/9] Map 3, rank 27, beam 2, simulating beta 0.6
Map 3, rank 27: best beta=0.2, parent beam=0, weighted RMSE 9.4567 -> 9.1381, beam size=3, recorded samples=4
[MPI 6/9] Map 3, rank 28, beam 0, simulating beta 0.7
[MPI 8/9] Map 3, rank 28, beam 0, simulating beta 0.9
[MPI 1/9] Map 3, rank 28, beam 0, simulating beta 0.2
[MPI 0/9] Map 3, rank 28, beam 0, simulating beta 0.1
[MPI 3/9] Map 3, rank 28, beam 0, simulating beta 0.4
[MPI 4/9] Map 3, rank 28, beam 0, simulating beta 0.5
[MPI 5/9] Map 3, rank 28, beam 0, simulating beta 0.6
[MPI 7/9] Map 3, rank 28, beam 0, simulating beta 0.8
[MPI 2/9] Map 3, rank 28, beam 0, simulating beta 0.3
[MPI 8/9] Map 3, rank 28, beam 1, simulating beta 0.9
[MPI 7/9] Map 3, rank 28, beam 1, simulating beta 0.8
[MPI 3/9] Map 3, rank 28, beam 1, simulating beta 0.4
[MPI 4/9] Map 3, rank 28, beam 1, simulating beta 0.5
[MPI 6/9] Map 3, rank 28, beam 1, simulating beta 0.7
[MPI 0/9] Map 3, rank 28, beam 1, simulating beta 0.1
[MPI 2/9] Map 3, rank 28, beam 1, simulating beta 0.3
[MPI 1/9] Map 3, rank 28, beam 1, simulating beta 0.2
[MPI 5/9] Map 3, rank 28, beam 1, simulating beta 0.6
[MPI 8/9] Map 3, rank 28, beam 2, simulating beta 0.9
[MPI 7/9] Map 3, rank 28, beam 2, simulating beta 0.8
[MPI 3/9] Map 3, rank 28, beam 2, simulating beta 0.4
[MPI 4/9] Map 3, rank 28, beam 2, simulating beta 0.5
[MPI 6/9] Map 3, rank 28, beam 2, simulating beta 0.7
[MPI 2/9] Map 3, rank 28, beam 2, simulating beta 0.3
[MPI 0/9] Map 3, rank 28, beam 2, simulating beta 0.1
[MPI 1/9] Map 3, rank 28, beam 2, simulating beta 0.2
[MPI 5/9] Map 3, rank 28, beam 2, simulating beta 0.6
Map 3, rank 28: best beta=0.1, parent beam=0, weighted RMSE 9.1381 -> 8.9535, beam size=3, recorded samples=3
[MPI 6/9] Map 3, rank 29, beam 0, simulating beta 0.7
[MPI 7/9] Map 3, rank 29, beam 0, simulating beta 0.8
[MPI 8/9] Map 3, rank 29, beam 0, simulating beta 0.9
[MPI 0/9] Map 3, rank 29, beam 0, simulating beta 0.1
[MPI 1/9] Map 3, rank 29, beam 0, simulating beta 0.2
[MPI 4/9] Map 3, rank 29, beam 0, simulating beta 0.5
[MPI 5/9] Map 3, rank 29, beam 0, simulating beta 0.6
[MPI 2/9] Map 3, rank 29, beam 0, simulating beta 0.3
[MPI 3/9] Map 3, rank 29, beam 0, simulating beta 0.4
[MPI 8/9] Map 3, rank 29, beam 1, simulating beta 0.9
[MPI 7/9] Map 3, rank 29, beam 1, simulating beta 0.8
[MPI 3/9] Map 3, rank 29, beam 1, simulating beta 0.4
[MPI 6/9] Map 3, rank 29, beam 1, simulating beta 0.7
[MPI 4/9] Map 3, rank 29, beam 1, simulating beta 0.5
[MPI 0/9] Map 3, rank 29, beam 1, simulating beta 0.1
[MPI 2/9] Map 3, rank 29, beam 1, simulating beta 0.3
[MPI 1/9] Map 3, rank 29, beam 1, simulating beta 0.2
[MPI 5/9] Map 3, rank 29, beam 1, simulating beta 0.6
[MPI 8/9] Map 3, rank 29, beam 2, simulating beta 0.9
[MPI 7/9] Map 3, rank 29, beam 2, simulating beta 0.8
[MPI 3/9] Map 3, rank 29, beam 2, simulating beta 0.4
[MPI 6/9] Map 3, rank 29, beam 2, simulating beta 0.7
[MPI 4/9] Map 3, rank 29, beam 2, simulating beta 0.5
[MPI 0/9] Map 3, rank 29, beam 2, simulating beta 0.1
[MPI 1/9] Map 3, rank 29, beam 2, simulating beta 0.2
[MPI 2/9] Map 3, rank 29, beam 2, simulating beta 0.3
[MPI 5/9] Map 3, rank 29, beam 2, simulating beta 0.6
Map 3, rank 29: best beta=0.3, parent beam=0, weighted RMSE 8.9535 -> 8.5792, beam size=3, recorded samples=3
[MPI 6/9] Map 3, rank 30, beam 0, simulating beta 0.7
[MPI 1/9] Map 3, rank 30, beam 0, simulating beta 0.2
[MPI 2/9] Map 3, rank 30, beam 0, simulating beta 0.3
[MPI 3/9] Map 3, rank 30, beam 0, simulating beta 0.4
[MPI 7/9] Map 3, rank 30, beam 0, simulating beta 0.8
[MPI 8/9] Map 3, rank 30, beam 0, simulating beta 0.9
[MPI 5/9] Map 3, rank 30, beam 0, simulating beta 0.6
[MPI 0/9] Map 3, rank 30, beam 0, simulating beta 0.1
[MPI 4/9] Map 3, rank 30, beam 0, simulating beta 0.5
[MPI 6/9] Map 3, rank 30, beam 1, simulating beta 0.7
[MPI 4/9] Map 3, rank 30, beam 1, simulating beta 0.5
[MPI 7/9] Map 3, rank 30, beam 1, simulating beta 0.8
[MPI 0/9] Map 3, rank 30, beam 1, simulating beta 0.1
[MPI 3/9] Map 3, rank 30, beam 1, simulating beta 0.4
[MPI 2/9] Map 3, rank 30, beam 1, simulating beta 0.3
[MPI 8/9] Map 3, rank 30, beam 1, simulating beta 0.9
[MPI 1/9] Map 3, rank 30, beam 1, simulating beta 0.2
[MPI 5/9] Map 3, rank 30, beam 1, simulating beta 0.6
[MPI 6/9] Map 3, rank 30, beam 2, simulating beta 0.7
[MPI 4/9] Map 3, rank 30, beam 2, simulating beta 0.5
[MPI 7/9] Map 3, rank 30, beam 2, simulating beta 0.8
[MPI 8/9] Map 3, rank 30, beam 2, simulating beta 0.9
[MPI 3/9] Map 3, rank 30, beam 2, simulating beta 0.4
[MPI 5/9] Map 3, rank 30, beam 2, simulating beta 0.6
[MPI 0/9] Map 3, rank 30, beam 2, simulating beta 0.1
[MPI 2/9] Map 3, rank 30, beam 2, simulating beta 0.3
[MPI 1/9] Map 3, rank 30, beam 2, simulating beta 0.2
Map 3, rank 30: best beta=0.1, parent beam=0, weighted RMSE 8.5792 -> 8.3949, beam size=3, recorded samples=3
[MPI 7/9] Map 3, rank 31, beam 0, simulating beta 0.8
[MPI 6/9] Map 3, rank 31, beam 0, simulating beta 0.7
[MPI 3/9] Map 3, rank 31, beam 0, simulating beta 0.4
[MPI 8/9] Map 3, rank 31, beam 0, simulating beta 0.9
[MPI 1/9] Map 3, rank 31, beam 0, simulating beta 0.2
[MPI 2/9] Map 3, rank 31, beam 0, simulating beta 0.3
[MPI 4/9] Map 3, rank 31, beam 0, simulating beta 0.5
[MPI 0/9] Map 3, rank 31, beam 0, simulating beta 0.1
[MPI 5/9] Map 3, rank 31, beam 0, simulating beta 0.6
[MPI 6/9] Map 3, rank 31, beam 1, simulating beta 0.7
[MPI 4/9] Map 3, rank 31, beam 1, simulating beta 0.5
[MPI 8/9] Map 3, rank 31, beam 1, simulating beta 0.9
[MPI 3/9] Map 3, rank 31, beam 1, simulating beta 0.4
[MPI 0/9] Map 3, rank 31, beam 1, simulating beta 0.1
[MPI 2/9] Map 3, rank 31, beam 1, simulating beta 0.3
[MPI 1/9] Map 3, rank 31, beam 1, simulating beta 0.2
[MPI 7/9] Map 3, rank 31, beam 1, simulating beta 0.8
[MPI 5/9] Map 3, rank 31, beam 1, simulating beta 0.6
[MPI 6/9] Map 3, rank 31, beam 2, simulating beta 0.7
[MPI 4/9] Map 3, rank 31, beam 2, simulating beta 0.5
[MPI 8/9] Map 3, rank 31, beam 2, simulating beta 0.9
[MPI 3/9] Map 3, rank 31, beam 2, simulating beta 0.4
[MPI 1/9] Map 3, rank 31, beam 2, simulating beta 0.2
[MPI 2/9] Map 3, rank 31, beam 2, simulating beta 0.3
[MPI 0/9] Map 3, rank 31, beam 2, simulating beta 0.1
[MPI 7/9] Map 3, rank 31, beam 2, simulating beta 0.8
[MPI 5/9] Map 3, rank 31, beam 2, simulating beta 0.6
Map 3, rank 31: best beta=0.1, parent beam=0, weighted RMSE 8.3949 -> 8.3020, beam size=3, recorded samples=3
[MPI 3/9] Map 3, rank 32, beam 0, simulating beta 0.4
[MPI 6/9] Map 3, rank 32, beam 0, simulating beta 0.7
[MPI 7/9] Map 3, rank 32, beam 0, simulating beta 0.8
[MPI 4/9] Map 3, rank 32, beam 0, simulating beta 0.5
[MPI 8/9] Map 3, rank 32, beam 0, simulating beta 0.9
[MPI 1/9] Map 3, rank 32, beam 0, simulating beta 0.2
[MPI 2/9] Map 3, rank 32, beam 0, simulating beta 0.3
[MPI 5/9] Map 3, rank 32, beam 0, simulating beta 0.6
[MPI 0/9] Map 3, rank 32, beam 0, simulating beta 0.1
[MPI 6/9] Map 3, rank 32, beam 1, simulating beta 0.7
[MPI 4/9] Map 3, rank 32, beam 1, simulating beta 0.5
[MPI 8/9] Map 3, rank 32, beam 1, simulating beta 0.9
[MPI 3/9] Map 3, rank 32, beam 1, simulating beta 0.4
[MPI 1/9] Map 3, rank 32, beam 1, simulating beta 0.2
[MPI 0/9] Map 3, rank 32, beam 1, simulating beta 0.1
[MPI 2/9] Map 3, rank 32, beam 1, simulating beta 0.3
[MPI 5/9] Map 3, rank 32, beam 1, simulating beta 0.6
[MPI 7/9] Map 3, rank 32, beam 1, simulating beta 0.8
[MPI 6/9] Map 3, rank 32, beam 2, simulating beta 0.7
[MPI 8/9] Map 3, rank 32, beam 2, simulating beta 0.9
[MPI 4/9] Map 3, rank 32, beam 2, simulating beta 0.5
[MPI 3/9] Map 3, rank 32, beam 2, simulating beta 0.4
[MPI 1/9] Map 3, rank 32, beam 2, simulating beta 0.2
[MPI 0/9] Map 3, rank 32, beam 2, simulating beta 0.1
[MPI 7/9] Map 3, rank 32, beam 2, simulating beta 0.8
[MPI 2/9] Map 3, rank 32, beam 2, simulating beta 0.3
[MPI 5/9] Map 3, rank 32, beam 2, simulating beta 0.6
Map 3, rank 32: best beta=0.1, parent beam=0, weighted RMSE 8.3020 -> 8.2739, beam size=3, recorded samples=3
[MPI 6/9] Map 3, rank 33, beam 0, simulating beta 0.7
[MPI 1/9] Map 3, rank 33, beam 0, simulating beta 0.2
[MPI 3/9] Map 3, rank 33, beam 0, simulating beta 0.4
[MPI 7/9] Map 3, rank 33, beam 0, simulating beta 0.8
[MPI 8/9] Map 3, rank 33, beam 0, simulating beta 0.9
[MPI 5/9] Map 3, rank 33, beam 0, simulating beta 0.6
[MPI 0/9] Map 3, rank 33, beam 0, simulating beta 0.1
[MPI 2/9] Map 3, rank 33, beam 0, simulating beta 0.3
[MPI 4/9] Map 3, rank 33, beam 0, simulating beta 0.5
[MPI 1/9] Map 3, rank 33, beam 1, simulating beta 0.2
[MPI 4/9] Map 3, rank 33, beam 1, simulating beta 0.5
[MPI 6/9] Map 3, rank 33, beam 1, simulating beta 0.7
[MPI 8/9] Map 3, rank 33, beam 1, simulating beta 0.9
[MPI 3/9] Map 3, rank 33, beam 1, simulating beta 0.4
[MPI 0/9] Map 3, rank 33, beam 1, simulating beta 0.1
[MPI 2/9] Map 3, rank 33, beam 1, simulating beta 0.3
[MPI 5/9] Map 3, rank 33, beam 1, simulating beta 0.6
[MPI 7/9] Map 3, rank 33, beam 1, simulating beta 0.8
[MPI 4/9] Map 3, rank 33, beam 2, simulating beta 0.5
[MPI 1/9] Map 3, rank 33, beam 2, simulating beta 0.2
[MPI 6/9] Map 3, rank 33, beam 2, simulating beta 0.7
[MPI 8/9] Map 3, rank 33, beam 2, simulating beta 0.9
[MPI 3/9] Map 3, rank 33, beam 2, simulating beta 0.4
[MPI 7/9] Map 3, rank 33, beam 2, simulating beta 0.8
[MPI 0/9] Map 3, rank 33, beam 2, simulating beta 0.1
[MPI 2/9] Map 3, rank 33, beam 2, simulating beta 0.3
[MPI 5/9] Map 3, rank 33, beam 2, simulating beta 0.6
Map 3, rank 33: best beta=0.1, parent beam=0, weighted RMSE 8.2739 -> 8.2574, beam size=3, recorded samples=3
[MPI 5/9] Map 3, rank 34, beam 0, simulating beta 0.6
[MPI 6/9] Map 3, rank 34, beam 0, simulating beta 0.7
[MPI 7/9] Map 3, rank 34, beam 0, simulating beta 0.8
[MPI 0/9] Map 3, rank 34, beam 0, simulating beta 0.1
[MPI 1/9] Map 3, rank 34, beam 0, simulating beta 0.2
[MPI 2/9] Map 3, rank 34, beam 0, simulating beta 0.3
[MPI 3/9] Map 3, rank 34, beam 0, simulating beta 0.4
[MPI 4/9] Map 3, rank 34, beam 0, simulating beta 0.5
[MPI 8/9] Map 3, rank 34, beam 0, simulating beta 0.9
[MPI 8/9] Map 3, rank 34, beam 1, simulating beta 0.9
[MPI 6/9] Map 3, rank 34, beam 1, simulating beta 0.7
[MPI 4/9] Map 3, rank 34, beam 1, simulating beta 0.5
[MPI 3/9] Map 3, rank 34, beam 1, simulating beta 0.4
[MPI 2/9] Map 3, rank 34, beam 1, simulating beta 0.3
[MPI 0/9] Map 3, rank 34, beam 1, simulating beta 0.1
[MPI 7/9] Map 3, rank 34, beam 1, simulating beta 0.8
[MPI 1/9] Map 3, rank 34, beam 1, simulating beta 0.2
[MPI 5/9] Map 3, rank 34, beam 1, simulating beta 0.6
[MPI 6/9] Map 3, rank 34, beam 2, simulating beta 0.7
[MPI 4/9] Map 3, rank 34, beam 2, simulating beta 0.5
[MPI 8/9] Map 3, rank 34, beam 2, simulating beta 0.9
[MPI 1/9] Map 3, rank 34, beam 2, simulating beta 0.2
[MPI 3/9] Map 3, rank 34, beam 2, simulating beta 0.4
[MPI 7/9] Map 3, rank 34, beam 2, simulating beta 0.8
[MPI 2/9] Map 3, rank 34, beam 2, simulating beta 0.3
[MPI 0/9] Map 3, rank 34, beam 2, simulating beta 0.1
[MPI 5/9] Map 3, rank 34, beam 2, simulating beta 0.6
Map 3, rank 34: best beta=0.1, parent beam=0, weighted RMSE 8.2574 -> 8.1293, beam size=3, recorded samples=3
[MPI 6/9] Map 3, rank 35, beam 0, simulating beta 0.7
[MPI 7/9] Map 3, rank 35, beam 0, simulating beta 0.8
[MPI 8/9] Map 3, rank 35, beam 0, simulating beta 0.9
[MPI 1/9] Map 3, rank 35, beam 0, simulating beta 0.2
[MPI 3/9] Map 3, rank 35, beam 0, simulating beta 0.4
[MPI 5/9] Map 3, rank 35, beam 0, simulating beta 0.6
[MPI 2/9] Map 3, rank 35, beam 0, simulating beta 0.3
[MPI 4/9] Map 3, rank 35, beam 0, simulating beta 0.5
[MPI 0/9] Map 3, rank 35, beam 0, simulating beta 0.1
[MPI 1/9] Map 3, rank 35, beam 1, simulating beta 0.2
[MPI 6/9] Map 3, rank 35, beam 1, simulating beta 0.7
[MPI 8/9] Map 3, rank 35, beam 1, simulating beta 0.9
[MPI 3/9] Map 3, rank 35, beam 1, simulating beta 0.4
[MPI 7/9] Map 3, rank 35, beam 1, simulating beta 0.8
[MPI 0/9] Map 3, rank 35, beam 1, simulating beta 0.1
[MPI 2/9] Map 3, rank 35, beam 1, simulating beta 0.3
[MPI 4/9] Map 3, rank 35, beam 1, simulating beta 0.5
[MPI 5/9] Map 3, rank 35, beam 1, simulating beta 0.6
[MPI 1/9] Map 3, rank 35, beam 2, simulating beta 0.2
[MPI 3/9] Map 3, rank 35, beam 2, simulating beta 0.4
[MPI 6/9] Map 3, rank 35, beam 2, simulating beta 0.7
[MPI 8/9] Map 3, rank 35, beam 2, simulating beta 0.9
[MPI 7/9] Map 3, rank 35, beam 2, simulating beta 0.8
[MPI 4/9] Map 3, rank 35, beam 2, simulating beta 0.5
[MPI 2/9] Map 3, rank 35, beam 2, simulating beta 0.3
[MPI 0/9] Map 3, rank 35, beam 2, simulating beta 0.1
[MPI 5/9] Map 3, rank 35, beam 2, simulating beta 0.6
Map 3, rank 35: best beta=0.3, parent beam=0, weighted RMSE 8.1293 -> 7.8727, beam size=3, recorded samples=3
[MPI 6/9] Map 3, rank 36, beam 0, simulating beta 0.7
[MPI 7/9] Map 3, rank 36, beam 0, simulating beta 0.8
[MPI 1/9] Map 3, rank 36, beam 0, simulating beta 0.2
[MPI 2/9] Map 3, rank 36, beam 0, simulating beta 0.3
[MPI 3/9] Map 3, rank 36, beam 0, simulating beta 0.4
[MPI 5/9] Map 3, rank 36, beam 0, simulating beta 0.6
[MPI 8/9] Map 3, rank 36, beam 0, simulating beta 0.9
[MPI 4/9] Map 3, rank 36, beam 0, simulating beta 0.5
[MPI 0/9] Map 3, rank 36, beam 0, simulating beta 0.1
[MPI 8/9] Map 3, rank 36, beam 1, simulating beta 0.9
[MPI 6/9] Map 3, rank 36, beam 1, simulating beta 0.7
[MPI 1/9] Map 3, rank 36, beam 1, simulating beta 0.2
[MPI 7/9] Map 3, rank 36, beam 1, simulating beta 0.8
[MPI 0/9] Map 3, rank 36, beam 1, simulating beta 0.1
[MPI 2/9] Map 3, rank 36, beam 1, simulating beta 0.3
[MPI 3/9] Map 3, rank 36, beam 1, simulating beta 0.4
[MPI 4/9] Map 3, rank 36, beam 1, simulating beta 0.5
[MPI 5/9] Map 3, rank 36, beam 1, simulating beta 0.6
[MPI 8/9] Map 3, rank 36, beam 2, simulating beta 0.9
[MPI 6/9] Map 3, rank 36, beam 2, simulating beta 0.7
[MPI 1/9] Map 3, rank 36, beam 2, simulating beta 0.2
[MPI 7/9] Map 3, rank 36, beam 2, simulating beta 0.8
[MPI 4/9] Map 3, rank 36, beam 2, simulating beta 0.5
[MPI 0/9] Map 3, rank 36, beam 2, simulating beta 0.1
[MPI 2/9] Map 3, rank 36, beam 2, simulating beta 0.3
[MPI 3/9] Map 3, rank 36, beam 2, simulating beta 0.4
[MPI 5/9] Map 3, rank 36, beam 2, simulating beta 0.6
Map 3, rank 36: best beta=0.2, parent beam=0, weighted RMSE 7.8727 -> 7.8657, beam size=3, recorded samples=4
[MPI 6/9] Map 3, rank 37, beam 0, simulating beta 0.7
[MPI 1/9] Map 3, rank 37, beam 0, simulating beta 0.2
[MPI 3/9] Map 3, rank 37, beam 0, simulating beta 0.4
[MPI 7/9] Map 3, rank 37, beam 0, simulating beta 0.8
[MPI 8/9] Map 3, rank 37, beam 0, simulating beta 0.9
[MPI 2/9] Map 3, rank 37, beam 0, simulating beta 0.3
[MPI 4/9] Map 3, rank 37, beam 0, simulating beta 0.5
[MPI 5/9] Map 3, rank 37, beam 0, simulating beta 0.6
[MPI 0/9] Map 3, rank 37, beam 0, simulating beta 0.1
[MPI 6/9] Map 3, rank 37, beam 1, simulating beta 0.7
[MPI 8/9] Map 3, rank 37, beam 1, simulating beta 0.9
[MPI 7/9] Map 3, rank 37, beam 1, simulating beta 0.8
[MPI 3/9] Map 3, rank 37, beam 1, simulating beta 0.4
[MPI 0/9] Map 3, rank 37, beam 1, simulating beta 0.1
[MPI 1/9] Map 3, rank 37, beam 1, simulating beta 0.2
[MPI 2/9] Map 3, rank 37, beam 1, simulating beta 0.3
[MPI 4/9] Map 3, rank 37, beam 1, simulating beta 0.5
[MPI 5/9] Map 3, rank 37, beam 1, simulating beta 0.6
[MPI 6/9] Map 3, rank 37, beam 2, simulating beta 0.7
[MPI 8/9] Map 3, rank 37, beam 2, simulating beta 0.9
[MPI 7/9] Map 3, rank 37, beam 2, simulating beta 0.8
[MPI 3/9] Map 3, rank 37, beam 2, simulating beta 0.4
[MPI 1/9] Map 3, rank 37, beam 2, simulating beta 0.2
[MPI 4/9] Map 3, rank 37, beam 2, simulating beta 0.5
[MPI 0/9] Map 3, rank 37, beam 2, simulating beta 0.1
[MPI 2/9] Map 3, rank 37, beam 2, simulating beta 0.3
[MPI 5/9] Map 3, rank 37, beam 2, simulating beta 0.6
Map 3, rank 37: best beta=0.1, parent beam=1, weighted RMSE 7.8664 -> 7.7619, beam size=3, recorded samples=4
[MPI 6/9] Map 3, rank 38, beam 0, simulating beta 0.7
[MPI 2/9] Map 3, rank 38, beam 0, simulating beta 0.3
[MPI 1/9] Map 3, rank 38, beam 0, simulating beta 0.2
[MPI 3/9] Map 3, rank 38, beam 0, simulating beta 0.4
[MPI 4/9] Map 3, rank 38, beam 0, simulating beta 0.5
[MPI 5/9] Map 3, rank 38, beam 0, simulating beta 0.6
[MPI 7/9] Map 3, rank 38, beam 0, simulating beta 0.8
[MPI 8/9] Map 3, rank 38, beam 0, simulating beta 0.9
[MPI 0/9] Map 3, rank 38, beam 0, simulating beta 0.1
[MPI 8/9] Map 3, rank 38, beam 1, simulating beta 0.9
[MPI 6/9] Map 3, rank 38, beam 1, simulating beta 0.7
[MPI 7/9] Map 3, rank 38, beam 1, simulating beta 0.8
[MPI 3/9] Map 3, rank 38, beam 1, simulating beta 0.4
[MPI 1/9] Map 3, rank 38, beam 1, simulating beta 0.2
[MPI 0/9] Map 3, rank 38, beam 1, simulating beta 0.1
[MPI 2/9] Map 3, rank 38, beam 1, simulating beta 0.3
[MPI 4/9] Map 3, rank 38, beam 1, simulating beta 0.5
[MPI 5/9] Map 3, rank 38, beam 1, simulating beta 0.6
[MPI 8/9] Map 3, rank 38, beam 2, simulating beta 0.9
[MPI 6/9] Map 3, rank 38, beam 2, simulating beta 0.7
[MPI 7/9] Map 3, rank 38, beam 2, simulating beta 0.8
[MPI 3/9] Map 3, rank 38, beam 2, simulating beta 0.4
[MPI 0/9] Map 3, rank 38, beam 2, simulating beta 0.1
[MPI 2/9] Map 3, rank 38, beam 2, simulating beta 0.3
[MPI 4/9] Map 3, rank 38, beam 2, simulating beta 0.5
[MPI 1/9] Map 3, rank 38, beam 2, simulating beta 0.2
[MPI 5/9] Map 3, rank 38, beam 2, simulating beta 0.6
Map 3, rank 38: best beta=0.2, parent beam=0, weighted RMSE 7.7619 -> 7.7165, beam size=3, recorded samples=3
[MPI 3/9] Map 3, rank 39, beam 0, simulating beta 0.4
[MPI 7/9] Map 3, rank 39, beam 0, simulating beta 0.8
[MPI 1/9] Map 3, rank 39, beam 0, simulating beta 0.2
[MPI 6/9] Map 3, rank 39, beam 0, simulating beta 0.7
[MPI 2/9] Map 3, rank 39, beam 0, simulating beta 0.3
[MPI 4/9] Map 3, rank 39, beam 0, simulating beta 0.5
[MPI 5/9] Map 3, rank 39, beam 0, simulating beta 0.6
[MPI 8/9] Map 3, rank 39, beam 0, simulating beta 0.9
[MPI 0/9] Map 3, rank 39, beam 0, simulating beta 0.1
[MPI 3/9] Map 3, rank 39, beam 1, simulating beta 0.4
[MPI 6/9] Map 3, rank 39, beam 1, simulating beta 0.7
[MPI 5/9] Map 3, rank 39, beam 1, simulating beta 0.6
[MPI 0/9] Map 3, rank 39, beam 1, simulating beta 0.1
[MPI 1/9] Map 3, rank 39, beam 1, simulating beta 0.2
[MPI 7/9] Map 3, rank 39, beam 1, simulating beta 0.8
[MPI 8/9] Map 3, rank 39, beam 1, simulating beta 0.9
[MPI 2/9] Map 3, rank 39, beam 1, simulating beta 0.3
[MPI 4/9] Map 3, rank 39, beam 1, simulating beta 0.5
[MPI 3/9] Map 3, rank 39, beam 2, simulating beta 0.4
[MPI 6/9] Map 3, rank 39, beam 2, simulating beta 0.7
[MPI 5/9] Map 3, rank 39, beam 2, simulating beta 0.6
[MPI 8/9] Map 3, rank 39, beam 2, simulating beta 0.9
[MPI 7/9] Map 3, rank 39, beam 2, simulating beta 0.8
[MPI 0/9] Map 3, rank 39, beam 2, simulating beta 0.1
[MPI 1/9] Map 3, rank 39, beam 2, simulating beta 0.2
[MPI 4/9] Map 3, rank 39, beam 2, simulating beta 0.5
[MPI 2/9] Map 3, rank 39, beam 2, simulating beta 0.3
Map 3, rank 39: best beta=0.1, parent beam=1, weighted RMSE 7.7307 -> 7.6375, beam size=3, recorded samples=3
[MPI 3/9] Map 3, rank 40, beam 0, simulating beta 0.4
[MPI 6/9] Map 3, rank 40, beam 0, simulating beta 0.7
[MPI 7/9] Map 3, rank 40, beam 0, simulating beta 0.8
[MPI 8/9] Map 3, rank 40, beam 0, simulating beta 0.9
[MPI 1/9] Map 3, rank 40, beam 0, simulating beta 0.2
[MPI 4/9] Map 3, rank 40, beam 0, simulating beta 0.5
[MPI 5/9] Map 3, rank 40, beam 0, simulating beta 0.6
[MPI 0/9] Map 3, rank 40, beam 0, simulating beta 0.1
[MPI 2/9] Map 3, rank 40, beam 0, simulating beta 0.3
[MPI 6/9] Map 3, rank 40, beam 1, simulating beta 0.7
[MPI 8/9] Map 3, rank 40, beam 1, simulating beta 0.9
[MPI 7/9] Map 3, rank 40, beam 1, simulating beta 0.8
[MPI 3/9] Map 3, rank 40, beam 1, simulating beta 0.4
[MPI 0/9] Map 3, rank 40, beam 1, simulating beta 0.1
[MPI 4/9] Map 3, rank 40, beam 1, simulating beta 0.5
[MPI 1/9] Map 3, rank 40, beam 1, simulating beta 0.2
[MPI 2/9] Map 3, rank 40, beam 1, simulating beta 0.3
[MPI 5/9] Map 3, rank 40, beam 1, simulating beta 0.6
[MPI 6/9] Map 3, rank 40, beam 2, simulating beta 0.7
[MPI 8/9] Map 3, rank 40, beam 2, simulating beta 0.9
[MPI 7/9] Map 3, rank 40, beam 2, simulating beta 0.8
[MPI 3/9] Map 3, rank 40, beam 2, simulating beta 0.4
[MPI 0/9] Map 3, rank 40, beam 2, simulating beta 0.1
[MPI 1/9] Map 3, rank 40, beam 2, simulating beta 0.2
[MPI 4/9] Map 3, rank 40, beam 2, simulating beta 0.5
[MPI 2/9] Map 3, rank 40, beam 2, simulating beta 0.3
[MPI 5/9] Map 3, rank 40, beam 2, simulating beta 0.6
Map 3, rank 40: best beta=0.2, parent beam=0, weighted RMSE 7.6375 -> 7.5990, beam size=3, recorded samples=3
[MPI 1/9] Map 3, rank 41, beam 0, simulating beta 0.2
[MPI 6/9] Map 3, rank 41, beam 0, simulating beta 0.7
[MPI 8/9] Map 3, rank 41, beam 0, simulating beta 0.9
[MPI 3/9] Map 3, rank 41, beam 0, simulating beta 0.4
[MPI 5/9] Map 3, rank 41, beam 0, simulating beta 0.6
[MPI 7/9] Map 3, rank 41, beam 0, simulating beta 0.8
[MPI 2/9] Map 3, rank 41, beam 0, simulating beta 0.3
[MPI 0/9] Map 3, rank 41, beam 0, simulating beta 0.1
[MPI 4/9] Map 3, rank 41, beam 0, simulating beta 0.5
[MPI 6/9] Map 3, rank 41, beam 1, simulating beta 0.7
[MPI 3/9] Map 3, rank 41, beam 1, simulating beta 0.4
[MPI 7/9] Map 3, rank 41, beam 1, simulating beta 0.8
[MPI 0/9] Map 3, rank 41, beam 1, simulating beta 0.1
[MPI 1/9] Map 3, rank 41, beam 1, simulating beta 0.2
[MPI 2/9] Map 3, rank 41, beam 1, simulating beta 0.3
[MPI 4/9] Map 3, rank 41, beam 1, simulating beta 0.5
[MPI 5/9] Map 3, rank 41, beam 1, simulating beta 0.6
[MPI 8/9] Map 3, rank 41, beam 1, simulating beta 0.9
[MPI 6/9] Map 3, rank 41, beam 2, simulating beta 0.7
[MPI 3/9] Map 3, rank 41, beam 2, simulating beta 0.4
[MPI 7/9] Map 3, rank 41, beam 2, simulating beta 0.8
[MPI 8/9] Map 3, rank 41, beam 2, simulating beta 0.9
[MPI 0/9] Map 3, rank 41, beam 2, simulating beta 0.1
[MPI 1/9] Map 3, rank 41, beam 2, simulating beta 0.2
[MPI 2/9] Map 3, rank 41, beam 2, simulating beta 0.3
[MPI 4/9] Map 3, rank 41, beam 2, simulating beta 0.5
[MPI 5/9] Map 3, rank 41, beam 2, simulating beta 0.6
Map 3, rank 41: best beta=0.1, parent beam=0, weighted RMSE 7.5990 -> 7.5756, beam size=3, recorded samples=3
[MPI 6/9] Map 3, rank 42, beam 0, simulating beta 0.7
[MPI 1/9] Map 3, rank 42, beam 0, simulating beta 0.2
[MPI 2/9] Map 3, rank 42, beam 0, simulating beta 0.3
[MPI 3/9] Map 3, rank 42, beam 0, simulating beta 0.4
[MPI 5/9] Map 3, rank 42, beam 0, simulating beta 0.6
[MPI 7/9] Map 3, rank 42, beam 0, simulating beta 0.8
[MPI 8/9] Map 3, rank 42, beam 0, simulating beta 0.9
[MPI 0/9] Map 3, rank 42, beam 0, simulating beta 0.1
[MPI 4/9] Map 3, rank 42, beam 0, simulating beta 0.5
[MPI 6/9] Map 3, rank 42, beam 1, simulating beta 0.7
[MPI 7/9] Map 3, rank 42, beam 1, simulating beta 0.8
[MPI 3/9] Map 3, rank 42, beam 1, simulating beta 0.4
[MPI 8/9] Map 3, rank 42, beam 1, simulating beta 0.9
[MPI 0/9] Map 3, rank 42, beam 1, simulating beta 0.1
[MPI 2/9] Map 3, rank 42, beam 1, simulating beta 0.3
[MPI 4/9] Map 3, rank 42, beam 1, simulating beta 0.5
[MPI 1/9] Map 3, rank 42, beam 1, simulating beta 0.2
[MPI 5/9] Map 3, rank 42, beam 1, simulating beta 0.6
[MPI 6/9] Map 3, rank 42, beam 2, simulating beta 0.7
[MPI 7/9] Map 3, rank 42, beam 2, simulating beta 0.8
[MPI 8/9] Map 3, rank 42, beam 2, simulating beta 0.9
[MPI 3/9] Map 3, rank 42, beam 2, simulating beta 0.4
[MPI 0/9] Map 3, rank 42, beam 2, simulating beta 0.1
[MPI 4/9] Map 3, rank 42, beam 2, simulating beta 0.5
[MPI 1/9] Map 3, rank 42, beam 2, simulating beta 0.2
[MPI 2/9] Map 3, rank 42, beam 2, simulating beta 0.3
[MPI 5/9] Map 3, rank 42, beam 2, simulating beta 0.6
Map 3, rank 42: best beta=0.1, parent beam=0, weighted RMSE 7.5756 -> 7.5613, beam size=3, recorded samples=3
[MPI 1/9] Map 3, rank 43, beam 0, simulating beta 0.2
[MPI 3/9] Map 3, rank 43, beam 0, simulating beta 0.4
[MPI 5/9] Map 3, rank 43, beam 0, simulating beta 0.6
[MPI 6/9] Map 3, rank 43, beam 0, simulating beta 0.7
[MPI 2/9] Map 3, rank 43, beam 0, simulating beta 0.3
[MPI 4/9] Map 3, rank 43, beam 0, simulating beta 0.5
[MPI 7/9] Map 3, rank 43, beam 0, simulating beta 0.8
[MPI 8/9] Map 3, rank 43, beam 0, simulating beta 0.9
[MPI 0/9] Map 3, rank 43, beam 0, simulating beta 0.1
[MPI 6/9] Map 3, rank 43, beam 1, simulating beta 0.7
[MPI 8/9] Map 3, rank 43, beam 1, simulating beta 0.9
[MPI 3/9] Map 3, rank 43, beam 1, simulating beta 0.4
[MPI 7/9] Map 3, rank 43, beam 1, simulating beta 0.8
[MPI 4/9] Map 3, rank 43, beam 1, simulating beta 0.5
[MPI 0/9] Map 3, rank 43, beam 1, simulating beta 0.1
[MPI 1/9] Map 3, rank 43, beam 1, simulating beta 0.2
[MPI 2/9] Map 3, rank 43, beam 1, simulating beta 0.3
[MPI 5/9] Map 3, rank 43, beam 1, simulating beta 0.6
[MPI 6/9] Map 3, rank 43, beam 2, simulating beta 0.7
[MPI 8/9] Map 3, rank 43, beam 2, simulating beta 0.9
[MPI 7/9] Map 3, rank 43, beam 2, simulating beta 0.8
[MPI 3/9] Map 3, rank 43, beam 2, simulating beta 0.4
[MPI 4/9] Map 3, rank 43, beam 2, simulating beta 0.5
[MPI 1/9] Map 3, rank 43, beam 2, simulating beta 0.2
[MPI 2/9] Map 3, rank 43, beam 2, simulating beta 0.3
[MPI 0/9] Map 3, rank 43, beam 2, simulating beta 0.1
[MPI 5/9] Map 3, rank 43, beam 2, simulating beta 0.6
Map 3, rank 43: best beta=0.1, parent beam=0, weighted RMSE 7.5613 -> 7.5290, beam size=3, recorded samples=3
[MPI 6/9] Map 3, rank 44, beam 0, simulating beta 0.7
[MPI 5/9] Map 3, rank 44, beam 0, simulating beta 0.6
[MPI 1/9] Map 3, rank 44, beam 0, simulating beta 0.2
[MPI 3/9] Map 3, rank 44, beam 0, simulating beta 0.4
[MPI 4/9] Map 3, rank 44, beam 0, simulating beta 0.5
[MPI 7/9] Map 3, rank 44, beam 0, simulating beta 0.8
[MPI 2/9] Map 3, rank 44, beam 0, simulating beta 0.3
[MPI 8/9] Map 3, rank 44, beam 0, simulating beta 0.9
[MPI 0/9] Map 3, rank 44, beam 0, simulating beta 0.1
[MPI 6/9] Map 3, rank 44, beam 1, simulating beta 0.7
[MPI 8/9] Map 3, rank 44, beam 1, simulating beta 0.9
[MPI 3/9] Map 3, rank 44, beam 1, simulating beta 0.4
[MPI 7/9] Map 3, rank 44, beam 1, simulating beta 0.8
[MPI 4/9] Map 3, rank 44, beam 1, simulating beta 0.5
[MPI 1/9] Map 3, rank 44, beam 1, simulating beta 0.2
[MPI 0/9] Map 3, rank 44, beam 1, simulating beta 0.1
[MPI 2/9] Map 3, rank 44, beam 1, simulating beta 0.3
[MPI 5/9] Map 3, rank 44, beam 1, simulating beta 0.6
[MPI 6/9] Map 3, rank 44, beam 2, simulating beta 0.7
[MPI 8/9] Map 3, rank 44, beam 2, simulating beta 0.9
[MPI 3/9] Map 3, rank 44, beam 2, simulating beta 0.4
[MPI 4/9] Map 3, rank 44, beam 2, simulating beta 0.5
[MPI 7/9] Map 3, rank 44, beam 2, simulating beta 0.8
[MPI 0/9] Map 3, rank 44, beam 2, simulating beta 0.1
[MPI 1/9] Map 3, rank 44, beam 2, simulating beta 0.2
[MPI 5/9] Map 3, rank 44, beam 2, simulating beta 0.6
[MPI 2/9] Map 3, rank 44, beam 2, simulating beta 0.3
Map 3, rank 44: best beta=0.1, parent beam=0, weighted RMSE 7.5290 -> 7.3536, beam size=3, recorded samples=3
[MPI 3/9] Map 3, rank 45, beam 0, simulating beta 0.4
[MPI 5/9] Map 3, rank 45, beam 0, simulating beta 0.6
[MPI 6/9] Map 3, rank 45, beam 0, simulating beta 0.7
[MPI 7/9] Map 3, rank 45, beam 0, simulating beta 0.8
[MPI 2/9] Map 3, rank 45, beam 0, simulating beta 0.3
[MPI 0/9] Map 3, rank 45, beam 0, simulating beta 0.1
[MPI 1/9] Map 3, rank 45, beam 0, simulating beta 0.2
[MPI 4/9] Map 3, rank 45, beam 0, simulating beta 0.5
[MPI 8/9] Map 3, rank 45, beam 0, simulating beta 0.9
[MPI 3/9] Map 3, rank 45, beam 1, simulating beta 0.4
[MPI 6/9] Map 3, rank 45, beam 1, simulating beta 0.7
[MPI 8/9] Map 3, rank 45, beam 1, simulating beta 0.9
[MPI 7/9] Map 3, rank 45, beam 1, simulating beta 0.8
[MPI 1/9] Map 3, rank 45, beam 1, simulating beta 0.2
[MPI 4/9] Map 3, rank 45, beam 1, simulating beta 0.5
[MPI 0/9] Map 3, rank 45, beam 1, simulating beta 0.1
[MPI 2/9] Map 3, rank 45, beam 1, simulating beta 0.3
[MPI 5/9] Map 3, rank 45, beam 1, simulating beta 0.6
[MPI 3/9] Map 3, rank 45, beam 2, simulating beta 0.4
[MPI 6/9] Map 3, rank 45, beam 2, simulating beta 0.7
[MPI 8/9] Map 3, rank 45, beam 2, simulating beta 0.9
[MPI 7/9] Map 3, rank 45, beam 2, simulating beta 0.8
[MPI 1/9] Map 3, rank 45, beam 2, simulating beta 0.2
[MPI 0/9] Map 3, rank 45, beam 2, simulating beta 0.1
[MPI 2/9] Map 3, rank 45, beam 2, simulating beta 0.3
[MPI 4/9] Map 3, rank 45, beam 2, simulating beta 0.5
[MPI 5/9] Map 3, rank 45, beam 2, simulating beta 0.6
Map 3, rank 45: best beta=0.7, parent beam=0, weighted RMSE 7.3536 -> 7.3008, beam size=3, recorded samples=4
[MPI 6/9] Map 3, rank 46, beam 0, simulating beta 0.7
[MPI 7/9] Map 3, rank 46, beam 0, simulating beta 0.8
[MPI 3/9] Map 3, rank 46, beam 0, simulating beta 0.4
[MPI 8/9] Map 3, rank 46, beam 0, simulating beta 0.9
[MPI 1/9] Map 3, rank 46, beam 0, simulating beta 0.2
[MPI 0/9] Map 3, rank 46, beam 0, simulating beta 0.1
[MPI 2/9] Map 3, rank 46, beam 0, simulating beta 0.3
[MPI 4/9] Map 3, rank 46, beam 0, simulating beta 0.5
[MPI 5/9] Map 3, rank 46, beam 0, simulating beta 0.6
[MPI 6/9] Map 3, rank 46, beam 1, simulating beta 0.7
[MPI 7/9] Map 3, rank 46, beam 1, simulating beta 0.8
[MPI 8/9] Map 3, rank 46, beam 1, simulating beta 0.9
[MPI 0/9] Map 3, rank 46, beam 1, simulating beta 0.1
[MPI 2/9] Map 3, rank 46, beam 1, simulating beta 0.3
[MPI 3/9] Map 3, rank 46, beam 1, simulating beta 0.4
[MPI 4/9] Map 3, rank 46, beam 1, simulating beta 0.5
[MPI 1/9] Map 3, rank 46, beam 1, simulating beta 0.2
[MPI 5/9] Map 3, rank 46, beam 1, simulating beta 0.6
[MPI 8/9] Map 3, rank 46, beam 2, simulating beta 0.9
[MPI 6/9] Map 3, rank 46, beam 2, simulating beta 0.7
[MPI 7/9] Map 3, rank 46, beam 2, simulating beta 0.8
[MPI 5/9] Map 3, rank 46, beam 2, simulating beta 0.6
[MPI 3/9] Map 3, rank 46, beam 2, simulating beta 0.4
[MPI 0/9] Map 3, rank 46, beam 2, simulating beta 0.1
[MPI 1/9] Map 3, rank 46, beam 2, simulating beta 0.2
[MPI 2/9] Map 3, rank 46, beam 2, simulating beta 0.3
[MPI 4/9] Map 3, rank 46, beam 2, simulating beta 0.5
Map 3, rank 46: best beta=0.1, parent beam=1, weighted RMSE 7.3011 -> 7.1585, beam size=3, recorded samples=3
[MPI 6/9] Map 3, rank 47, beam 0, simulating beta 0.7
[MPI 7/9] Map 3, rank 47, beam 0, simulating beta 0.8
[MPI 1/9] Map 3, rank 47, beam 0, simulating beta 0.2
[MPI 3/9] Map 3, rank 47, beam 0, simulating beta 0.4
[MPI 8/9] Map 3, rank 47, beam 0, simulating beta 0.9
[MPI 4/9] Map 3, rank 47, beam 0, simulating beta 0.5
[MPI 5/9] Map 3, rank 47, beam 0, simulating beta 0.6
[MPI 2/9] Map 3, rank 47, beam 0, simulating beta 0.3
[MPI 0/9] Map 3, rank 47, beam 0, simulating beta 0.1
[MPI 6/9] Map 3, rank 47, beam 1, simulating beta 0.7
[MPI 8/9] Map 3, rank 47, beam 1, simulating beta 0.9
[MPI 3/9] Map 3, rank 47, beam 1, simulating beta 0.4
[MPI 7/9] Map 3, rank 47, beam 1, simulating beta 0.8
[MPI 0/9] Map 3, rank 47, beam 1, simulating beta 0.1
[MPI 4/9] Map 3, rank 47, beam 1, simulating beta 0.5
[MPI 2/9] Map 3, rank 47, beam 1, simulating beta 0.3
[MPI 1/9] Map 3, rank 47, beam 1, simulating beta 0.2
[MPI 5/9] Map 3, rank 47, beam 1, simulating beta 0.6
[MPI 6/9] Map 3, rank 47, beam 2, simulating beta 0.7
[MPI 8/9] Map 3, rank 47, beam 2, simulating beta 0.9
[MPI 3/9] Map 3, rank 47, beam 2, simulating beta 0.4
[MPI 7/9] Map 3, rank 47, beam 2, simulating beta 0.8
[MPI 0/9] Map 3, rank 47, beam 2, simulating beta 0.1
[MPI 4/9] Map 3, rank 47, beam 2, simulating beta 0.5
[MPI 5/9] Map 3, rank 47, beam 2, simulating beta 0.6
[MPI 1/9] Map 3, rank 47, beam 2, simulating beta 0.2
[MPI 2/9] Map 3, rank 47, beam 2, simulating beta 0.3
Map 3, rank 47: best beta=0.3, parent beam=0, weighted RMSE 7.1585 -> 7.0477, beam size=3, recorded samples=6
[MPI 6/9] Map 3, rank 48, beam 0, simulating beta 0.7
[MPI 5/9] Map 3, rank 48, beam 0, simulating beta 0.6
[MPI 7/9] Map 3, rank 48, beam 0, simulating beta 0.8
[MPI 3/9] Map 3, rank 48, beam 0, simulating beta 0.4
[MPI 8/9] Map 3, rank 48, beam 0, simulating beta 0.9
[MPI 1/9] Map 3, rank 48, beam 0, simulating beta 0.2
[MPI 2/9] Map 3, rank 48, beam 0, simulating beta 0.3
[MPI 4/9] Map 3, rank 48, beam 0, simulating beta 0.5
[MPI 0/9] Map 3, rank 48, beam 0, simulating beta 0.1
[MPI 8/9] Map 3, rank 48, beam 1, simulating beta 0.9
[MPI 6/9] Map 3, rank 48, beam 1, simulating beta 0.7
[MPI 3/9] Map 3, rank 48, beam 1, simulating beta 0.4
[MPI 0/9] Map 3, rank 48, beam 1, simulating beta 0.1
[MPI 7/9] Map 3, rank 48, beam 1, simulating beta 0.8
[MPI 1/9] Map 3, rank 48, beam 1, simulating beta 0.2
[MPI 2/9] Map 3, rank 48, beam 1, simulating beta 0.3
[MPI 4/9] Map 3, rank 48, beam 1, simulating beta 0.5
[MPI 5/9] Map 3, rank 48, beam 1, simulating beta 0.6
[MPI 8/9] Map 3, rank 48, beam 2, simulating beta 0.9
[MPI 6/9] Map 3, rank 48, beam 2, simulating beta 0.7
[MPI 3/9] Map 3, rank 48, beam 2, simulating beta 0.4
[MPI 0/9] Map 3, rank 48, beam 2, simulating beta 0.1
[MPI 7/9] Map 3, rank 48, beam 2, simulating beta 0.8
[MPI 2/9] Map 3, rank 48, beam 2, simulating beta 0.3
[MPI 4/9] Map 3, rank 48, beam 2, simulating beta 0.5
[MPI 1/9] Map 3, rank 48, beam 2, simulating beta 0.2
[MPI 5/9] Map 3, rank 48, beam 2, simulating beta 0.6
Map 3, rank 48: best beta=0.6, parent beam=1, weighted RMSE 7.0843 -> 6.9563, beam size=3, recorded samples=3
[MPI 6/9] Map 3, rank 49, beam 0, simulating beta 0.7
[MPI 0/9] Map 3, rank 49, beam 0, simulating beta 0.1
[MPI 1/9] Map 3, rank 49, beam 0, simulating beta 0.2
[MPI 2/9] Map 3, rank 49, beam 0, simulating beta 0.3
[MPI 3/9] Map 3, rank 49, beam 0, simulating beta 0.4
[MPI 4/9] Map 3, rank 49, beam 0, simulating beta 0.5
[MPI 5/9] Map 3, rank 49, beam 0, simulating beta 0.6
[MPI 7/9] Map 3, rank 49, beam 0, simulating beta 0.8
[MPI 8/9] Map 3, rank 49, beam 0, simulating beta 0.9
[MPI 8/9] Map 3, rank 49, beam 1, simulating beta 0.9
[MPI 6/9] Map 3, rank 49, beam 1, simulating beta 0.7
[MPI 3/9] Map 3, rank 49, beam 1, simulating beta 0.4
[MPI 7/9] Map 3, rank 49, beam 1, simulating beta 0.8
[MPI 0/9] Map 3, rank 49, beam 1, simulating beta 0.1
[MPI 2/9] Map 3, rank 49, beam 1, simulating beta 0.3
[MPI 4/9] Map 3, rank 49, beam 1, simulating beta 0.5
[MPI 1/9] Map 3, rank 49, beam 1, simulating beta 0.2
[MPI 5/9] Map 3, rank 49, beam 1, simulating beta 0.6
[MPI 8/9] Map 3, rank 49, beam 2, simulating beta 0.9
[MPI 6/9] Map 3, rank 49, beam 2, simulating beta 0.7
[MPI 3/9] Map 3, rank 49, beam 2, simulating beta 0.4
[MPI 7/9] Map 3, rank 49, beam 2, simulating beta 0.8
[MPI 0/9] Map 3, rank 49, beam 2, simulating beta 0.1
[MPI 1/9] Map 3, rank 49, beam 2, simulating beta 0.2
[MPI 4/9] Map 3, rank 49, beam 2, simulating beta 0.5
[MPI 2/9] Map 3, rank 49, beam 2, simulating beta 0.3
[MPI 5/9] Map 3, rank 49, beam 2, simulating beta 0.6
Map 3, rank 49: best beta=0.3, parent beam=0, weighted RMSE 6.9563 -> 6.9351, beam size=3, recorded samples=3
[MPI 7/9] Map 3, rank 50, beam 0, simulating beta 0.8
[MPI 1/9] Map 3, rank 50, beam 0, simulating beta 0.2
[MPI 6/9] Map 3, rank 50, beam 0, simulating beta 0.7
[MPI 8/9] Map 3, rank 50, beam 0, simulating beta 0.9
[MPI 3/9] Map 3, rank 50, beam 0, simulating beta 0.4
[MPI 5/9] Map 3, rank 50, beam 0, simulating beta 0.6
[MPI 0/9] Map 3, rank 50, beam 0, simulating beta 0.1
[MPI 2/9] Map 3, rank 50, beam 0, simulating beta 0.3
[MPI 4/9] Map 3, rank 50, beam 0, simulating beta 0.5
[MPI 3/9] Map 3, rank 50, beam 1, simulating beta 0.4
[MPI 6/9] Map 3, rank 50, beam 1, simulating beta 0.7
[MPI 8/9] Map 3, rank 50, beam 1, simulating beta 0.9
[MPI 0/9] Map 3, rank 50, beam 1, simulating beta 0.1
[MPI 2/9] Map 3, rank 50, beam 1, simulating beta 0.3
[MPI 7/9] Map 3, rank 50, beam 1, simulating beta 0.8
[MPI 4/9] Map 3, rank 50, beam 1, simulating beta 0.5
[MPI 5/9] Map 3, rank 50, beam 1, simulating beta 0.6
[MPI 1/9] Map 3, rank 50, beam 1, simulating beta 0.2
[MPI 8/9] Map 3, rank 50, beam 2, simulating beta 0.9
[MPI 6/9] Map 3, rank 50, beam 2, simulating beta 0.7
[MPI 3/9] Map 3, rank 50, beam 2, simulating beta 0.4
[MPI 0/9] Map 3, rank 50, beam 2, simulating beta 0.1
[MPI 7/9] Map 3, rank 50, beam 2, simulating beta 0.8
[MPI 4/9] Map 3, rank 50, beam 2, simulating beta 0.5
[MPI 2/9] Map 3, rank 50, beam 2, simulating beta 0.3
[MPI 1/9] Map 3, rank 50, beam 2, simulating beta 0.2
[MPI 5/9] Map 3, rank 50, beam 2, simulating beta 0.6
Map 3, rank 50: best beta=0.1, parent beam=1, weighted RMSE 6.9473 -> 6.8301, beam size=3, recorded samples=4
[MPI 7/9] Map 3, rank 51, beam 0, simulating beta 0.8
[MPI 2/9] Map 3, rank 51, beam 0, simulating beta 0.3
[MPI 3/9] Map 3, rank 51, beam 0, simulating beta 0.4
[MPI 6/9] Map 3, rank 51, beam 0, simulating beta 0.7
[MPI 8/9] Map 3, rank 51, beam 0, simulating beta 0.9
[MPI 1/9] Map 3, rank 51, beam 0, simulating beta 0.2
[MPI 4/9] Map 3, rank 51, beam 0, simulating beta 0.5
[MPI 5/9] Map 3, rank 51, beam 0, simulating beta 0.6
[MPI 0/9] Map 3, rank 51, beam 0, simulating beta 0.1
[MPI 6/9] Map 3, rank 51, beam 1, simulating beta 0.7
[MPI 8/9] Map 3, rank 51, beam 1, simulating beta 0.9
[MPI 0/9] Map 3, rank 51, beam 1, simulating beta 0.1
[MPI 1/9] Map 3, rank 51, beam 1, simulating beta 0.2
[MPI 3/9] Map 3, rank 51, beam 1, simulating beta 0.4
[MPI 7/9] Map 3, rank 51, beam 1, simulating beta 0.8
[MPI 2/9] Map 3, rank 51, beam 1, simulating beta 0.3
[MPI 4/9] Map 3, rank 51, beam 1, simulating beta 0.5
[MPI 5/9] Map 3, rank 51, beam 1, simulating beta 0.6
[MPI 6/9] Map 3, rank 51, beam 2, simulating beta 0.7
[MPI 8/9] Map 3, rank 51, beam 2, simulating beta 0.9
[MPI 3/9] Map 3, rank 51, beam 2, simulating beta 0.4
[MPI 1/9] Map 3, rank 51, beam 2, simulating beta 0.2
[MPI 0/9] Map 3, rank 51, beam 2, simulating beta 0.1
[MPI 7/9] Map 3, rank 51, beam 2, simulating beta 0.8
[MPI 2/9] Map 3, rank 51, beam 2, simulating beta 0.3
[MPI 5/9] Map 3, rank 51, beam 2, simulating beta 0.6
[MPI 4/9] Map 3, rank 51, beam 2, simulating beta 0.5
Map 3, rank 51: best beta=0.3, parent beam=0, weighted RMSE 6.8301 -> 6.6957, beam size=3, recorded samples=3
[MPI 7/9] Map 3, rank 52, beam 0, simulating beta 0.8
[MPI 8/9] Map 3, rank 52, beam 0, simulating beta 0.9
[MPI 1/9] Map 3, rank 52, beam 0, simulating beta 0.2
[MPI 2/9] Map 3, rank 52, beam 0, simulating beta 0.3
[MPI 3/9] Map 3, rank 52, beam 0, simulating beta 0.4
[MPI 4/9] Map 3, rank 52, beam 0, simulating beta 0.5
[MPI 5/9] Map 3, rank 52, beam 0, simulating beta 0.6
[MPI 6/9] Map 3, rank 52, beam 0, simulating beta 0.7
[MPI 0/9] Map 3, rank 52, beam 0, simulating beta 0.1
[MPI 3/9] Map 3, rank 52, beam 1, simulating beta 0.4
[MPI 8/9] Map 3, rank 52, beam 1, simulating beta 0.9
[MPI 6/9] Map 3, rank 52, beam 1, simulating beta 0.7
[MPI 7/9] Map 3, rank 52, beam 1, simulating beta 0.8
[MPI 0/9] Map 3, rank 52, beam 1, simulating beta 0.1
[MPI 1/9] Map 3, rank 52, beam 1, simulating beta 0.2
[MPI 2/9] Map 3, rank 52, beam 1, simulating beta 0.3
[MPI 5/9] Map 3, rank 52, beam 1, simulating beta 0.6
[MPI 4/9] Map 3, rank 52, beam 1, simulating beta 0.5
[MPI 8/9] Map 3, rank 52, beam 2, simulating beta 0.9
[MPI 3/9] Map 3, rank 52, beam 2, simulating beta 0.4
[MPI 6/9] Map 3, rank 52, beam 2, simulating beta 0.7
[MPI 7/9] Map 3, rank 52, beam 2, simulating beta 0.8
[MPI 4/9] Map 3, rank 52, beam 2, simulating beta 0.5
[MPI 5/9] Map 3, rank 52, beam 2, simulating beta 0.6
[MPI 1/9] Map 3, rank 52, beam 2, simulating beta 0.2
[MPI 0/9] Map 3, rank 52, beam 2, simulating beta 0.1
[MPI 2/9] Map 3, rank 52, beam 2, simulating beta 0.3
Map 3, rank 52: best beta=0.8, parent beam=0, weighted RMSE 6.6957 -> 6.6869, beam size=3, recorded samples=3
[MPI 6/9] Map 3, rank 53, beam 0, simulating beta 0.7
[MPI 5/9] Map 3, rank 53, beam 0, simulating beta 0.6
[MPI 1/9] Map 3, rank 53, beam 0, simulating beta 0.2
[MPI 3/9] Map 3, rank 53, beam 0, simulating beta 0.4
[MPI 4/9] Map 3, rank 53, beam 0, simulating beta 0.5
[MPI 7/9] Map 3, rank 53, beam 0, simulating beta 0.8
[MPI 8/9] Map 3, rank 53, beam 0, simulating beta 0.9
[MPI 2/9] Map 3, rank 53, beam 0, simulating beta 0.3
[MPI 0/9] Map 3, rank 53, beam 0, simulating beta 0.1
[MPI 6/9] Map 3, rank 53, beam 1, simulating beta 0.7
[MPI 8/9] Map 3, rank 53, beam 1, simulating beta 0.9
[MPI 7/9] Map 3, rank 53, beam 1, simulating beta 0.8
[MPI 3/9] Map 3, rank 53, beam 1, simulating beta 0.4
[MPI 4/9] Map 3, rank 53, beam 1, simulating beta 0.5
[MPI 0/9] Map 3, rank 53, beam 1, simulating beta 0.1
[MPI 1/9] Map 3, rank 53, beam 1, simulating beta 0.2
[MPI 2/9] Map 3, rank 53, beam 1, simulating beta 0.3
[MPI 5/9] Map 3, rank 53, beam 1, simulating beta 0.6
[MPI 6/9] Map 3, rank 53, beam 2, simulating beta 0.7
[MPI 8/9] Map 3, rank 53, beam 2, simulating beta 0.9
[MPI 7/9] Map 3, rank 53, beam 2, simulating beta 0.8
[MPI 3/9] Map 3, rank 53, beam 2, simulating beta 0.4
[MPI 4/9] Map 3, rank 53, beam 2, simulating beta 0.5
[MPI 0/9] Map 3, rank 53, beam 2, simulating beta 0.1
[MPI 1/9] Map 3, rank 53, beam 2, simulating beta 0.2
[MPI 2/9] Map 3, rank 53, beam 2, simulating beta 0.3
[MPI 5/9] Map 3, rank 53, beam 2, simulating beta 0.6
Map 3, rank 53: best beta=0.2, parent beam=1, weighted RMSE 6.6875 -> 6.6611, beam size=3, recorded samples=3
[MPI 0/9] Map 3, rank 54, beam 0, simulating beta 0.1
[MPI 1/9] Map 3, rank 54, beam 0, simulating beta 0.2
[MPI 2/9] Map 3, rank 54, beam 0, simulating beta 0.3
[MPI 3/9] Map 3, rank 54, beam 0, simulating beta 0.4
[MPI 4/9] Map 3, rank 54, beam 0, simulating beta 0.5
[MPI 5/9] Map 3, rank 54, beam 0, simulating beta 0.6
[MPI 6/9] Map 3, rank 54, beam 0, simulating beta 0.7
[MPI 7/9] Map 3, rank 54, beam 0, simulating beta 0.8
[MPI 8/9] Map 3, rank 54, beam 0, simulating beta 0.9
[MPI 6/9] Map 3, rank 54, beam 1, simulating beta 0.7
[MPI 3/9] Map 3, rank 54, beam 1, simulating beta 0.4
[MPI 8/9] Map 3, rank 54, beam 1, simulating beta 0.9
[MPI 0/9] Map 3, rank 54, beam 1, simulating beta 0.1
[MPI 1/9] Map 3, rank 54, beam 1, simulating beta 0.2
[MPI 2/9] Map 3, rank 54, beam 1, simulating beta 0.3
[MPI 7/9] Map 3, rank 54, beam 1, simulating beta 0.8
[MPI 4/9] Map 3, rank 54, beam 1, simulating beta 0.5
[MPI 5/9] Map 3, rank 54, beam 1, simulating beta 0.6
[MPI 6/9] Map 3, rank 54, beam 2, simulating beta 0.7
[MPI 3/9] Map 3, rank 54, beam 2, simulating beta 0.4
[MPI 8/9] Map 3, rank 54, beam 2, simulating beta 0.9
[MPI 0/9] Map 3, rank 54, beam 2, simulating beta 0.1
[MPI 1/9] Map 3, rank 54, beam 2, simulating beta 0.2
[MPI 2/9] Map 3, rank 54, beam 2, simulating beta 0.3
[MPI 7/9] Map 3, rank 54, beam 2, simulating beta 0.8
[MPI 4/9] Map 3, rank 54, beam 2, simulating beta 0.5
[MPI 5/9] Map 3, rank 54, beam 2, simulating beta 0.6
Map 3, rank 54: best beta=0.1, parent beam=0, weighted RMSE 6.6611 -> 6.6138, beam size=3, recorded samples=3
[MPI 6/9] Map 3, rank 55, beam 0, simulating beta 0.7
[MPI 7/9] Map 3, rank 55, beam 0, simulating beta 0.8
[MPI 8/9] Map 3, rank 55, beam 0, simulating beta 0.9
[MPI 1/9] Map 3, rank 55, beam 0, simulating beta 0.2
[MPI 0/9] Map 3, rank 55, beam 0, simulating beta 0.1
[MPI 2/9] Map 3, rank 55, beam 0, simulating beta 0.3
[MPI 3/9] Map 3, rank 55, beam 0, simulating beta 0.4
[MPI 4/9] Map 3, rank 55, beam 0, simulating beta 0.5
[MPI 5/9] Map 3, rank 55, beam 0, simulating beta 0.6
[MPI 8/9] Map 3, rank 55, beam 1, simulating beta 0.9
[MPI 6/9] Map 3, rank 55, beam 1, simulating beta 0.7
[MPI 0/9] Map 3, rank 55, beam 1, simulating beta 0.1
[MPI 7/9] Map 3, rank 55, beam 1, simulating beta 0.8
[MPI 3/9] Map 3, rank 55, beam 1, simulating beta 0.4
[MPI 2/9] Map 3, rank 55, beam 1, simulating beta 0.3
[MPI 1/9] Map 3, rank 55, beam 1, simulating beta 0.2
[MPI 4/9] Map 3, rank 55, beam 1, simulating beta 0.5
[MPI 5/9] Map 3, rank 55, beam 1, simulating beta 0.6
[MPI 8/9] Map 3, rank 55, beam 2, simulating beta 0.9
[MPI 6/9] Map 3, rank 55, beam 2, simulating beta 0.7
[MPI 0/9] Map 3, rank 55, beam 2, simulating beta 0.1
[MPI 3/9] Map 3, rank 55, beam 2, simulating beta 0.4
[MPI 7/9] Map 3, rank 55, beam 2, simulating beta 0.8
[MPI 2/9] Map 3, rank 55, beam 2, simulating beta 0.3
[MPI 1/9] Map 3, rank 55, beam 2, simulating beta 0.2
[MPI 5/9] Map 3, rank 55, beam 2, simulating beta 0.6
[MPI 4/9] Map 3, rank 55, beam 2, simulating beta 0.5
Map 3, rank 55: best beta=0.1, parent beam=0, weighted RMSE 6.6138 -> 6.6024, beam size=3, recorded samples=3
[MPI 6/9] Map 3, rank 56, beam 0, simulating beta 0.7
[MPI 7/9] Map 3, rank 56, beam 0, simulating beta 0.8
[MPI 3/9] Map 3, rank 56, beam 0, simulating beta 0.4
[MPI 8/9] Map 3, rank 56, beam 0, simulating beta 0.9
[MPI 1/9] Map 3, rank 56, beam 0, simulating beta 0.2
[MPI 2/9] Map 3, rank 56, beam 0, simulating beta 0.3
[MPI 4/9] Map 3, rank 56, beam 0, simulating beta 0.5
[MPI 5/9] Map 3, rank 56, beam 0, simulating beta 0.6
[MPI 0/9] Map 3, rank 56, beam 0, simulating beta 0.1
[MPI 8/9] Map 3, rank 56, beam 1, simulating beta 0.9
[MPI 6/9] Map 3, rank 56, beam 1, simulating beta 0.7
[MPI 0/9] Map 3, rank 56, beam 1, simulating beta 0.1
[MPI 3/9] Map 3, rank 56, beam 1, simulating beta 0.4
[MPI 4/9] Map 3, rank 56, beam 1, simulating beta 0.5
[MPI 1/9] Map 3, rank 56, beam 1, simulating beta 0.2
[MPI 2/9] Map 3, rank 56, beam 1, simulating beta 0.3
[MPI 5/9] Map 3, rank 56, beam 1, simulating beta 0.6
[MPI 7/9] Map 3, rank 56, beam 1, simulating beta 0.8
[MPI 8/9] Map 3, rank 56, beam 2, simulating beta 0.9
[MPI 6/9] Map 3, rank 56, beam 2, simulating beta 0.7
[MPI 0/9] Map 3, rank 56, beam 2, simulating beta 0.1
[MPI 3/9] Map 3, rank 56, beam 2, simulating beta 0.4
[MPI 4/9] Map 3, rank 56, beam 2, simulating beta 0.5
[MPI 1/9] Map 3, rank 56, beam 2, simulating beta 0.2
[MPI 2/9] Map 3, rank 56, beam 2, simulating beta 0.3
[MPI 5/9] Map 3, rank 56, beam 2, simulating beta 0.6
[MPI 7/9] Map 3, rank 56, beam 2, simulating beta 0.8
Map 3, rank 56: best beta=0.1, parent beam=1, weighted RMSE 6.6069 -> 6.5835, beam size=3, recorded samples=3
[MPI 3/9] Map 3, rank 57, beam 0, simulating beta 0.4
[MPI 7/9] Map 3, rank 57, beam 0, simulating beta 0.8
[MPI 1/9] Map 3, rank 57, beam 0, simulating beta 0.2
[MPI 4/9] Map 3, rank 57, beam 0, simulating beta 0.5
[MPI 5/9] Map 3, rank 57, beam 0, simulating beta 0.6
[MPI 6/9] Map 3, rank 57, beam 0, simulating beta 0.7
[MPI 8/9] Map 3, rank 57, beam 0, simulating beta 0.9
[MPI 0/9] Map 3, rank 57, beam 0, simulating beta 0.1
[MPI 2/9] Map 3, rank 57, beam 0, simulating beta 0.3
[MPI 8/9] Map 3, rank 57, beam 1, simulating beta 0.9
[MPI 3/9] Map 3, rank 57, beam 1, simulating beta 0.4
[MPI 6/9] Map 3, rank 57, beam 1, simulating beta 0.7
[MPI 1/9] Map 3, rank 57, beam 1, simulating beta 0.2
[MPI 4/9] Map 3, rank 57, beam 1, simulating beta 0.5
[MPI 0/9] Map 3, rank 57, beam 1, simulating beta 0.1
[MPI 2/9] Map 3, rank 57, beam 1, simulating beta 0.3
[MPI 5/9] Map 3, rank 57, beam 1, simulating beta 0.6
[MPI 7/9] Map 3, rank 57, beam 1, simulating beta 0.8
[MPI 8/9] Map 3, rank 57, beam 2, simulating beta 0.9
[MPI 6/9] Map 3, rank 57, beam 2, simulating beta 0.7
[MPI 3/9] Map 3, rank 57, beam 2, simulating beta 0.4
[MPI 1/9] Map 3, rank 57, beam 2, simulating beta 0.2
[MPI 0/9] Map 3, rank 57, beam 2, simulating beta 0.1
[MPI 4/9] Map 3, rank 57, beam 2, simulating beta 0.5
[MPI 2/9] Map 3, rank 57, beam 2, simulating beta 0.3
[MPI 5/9] Map 3, rank 57, beam 2, simulating beta 0.6
[MPI 7/9] Map 3, rank 57, beam 2, simulating beta 0.8
Map 3, rank 57: best beta=0.1, parent beam=2, weighted RMSE 6.5872 -> 6.5648, beam size=3, recorded samples=3
[MPI 1/9] Map 3, rank 58, beam 0, simulating beta 0.2
[MPI 5/9] Map 3, rank 58, beam 0, simulating beta 0.6
[MPI 6/9] Map 3, rank 58, beam 0, simulating beta 0.7
[MPI 7/9] Map 3, rank 58, beam 0, simulating beta 0.8
[MPI 4/9] Map 3, rank 58, beam 0, simulating beta 0.5
[MPI 3/9] Map 3, rank 58, beam 0, simulating beta 0.4
[MPI 0/9] Map 3, rank 58, beam 0, simulating beta 0.1
[MPI 2/9] Map 3, rank 58, beam 0, simulating beta 0.3
[MPI 8/9] Map 3, rank 58, beam 0, simulating beta 0.9
[MPI 8/9] Map 3, rank 58, beam 1, simulating beta 0.9
[MPI 6/9] Map 3, rank 58, beam 1, simulating beta 0.7
[MPI 4/9] Map 3, rank 58, beam 1, simulating beta 0.5
[MPI 0/9] Map 3, rank 58, beam 1, simulating beta 0.1
[MPI 2/9] Map 3, rank 58, beam 1, simulating beta 0.3
[MPI 3/9] Map 3, rank 58, beam 1, simulating beta 0.4
[MPI 7/9] Map 3, rank 58, beam 1, simulating beta 0.8
[MPI 1/9] Map 3, rank 58, beam 1, simulating beta 0.2
[MPI 5/9] Map 3, rank 58, beam 1, simulating beta 0.6
[MPI 8/9] Map 3, rank 58, beam 2, simulating beta 0.9
[MPI 6/9] Map 3, rank 58, beam 2, simulating beta 0.7
[MPI 4/9] Map 3, rank 58, beam 2, simulating beta 0.5
[MPI 1/9] Map 3, rank 58, beam 2, simulating beta 0.2
[MPI 5/9] Map 3, rank 58, beam 2, simulating beta 0.6
[MPI 3/9] Map 3, rank 58, beam 2, simulating beta 0.4
[MPI 2/9] Map 3, rank 58, beam 2, simulating beta 0.3
[MPI 0/9] Map 3, rank 58, beam 2, simulating beta 0.1
[MPI 7/9] Map 3, rank 58, beam 2, simulating beta 0.8
Map 3, rank 58: best beta=0.2, parent beam=1, weighted RMSE 6.5720 -> 6.5088, beam size=3, recorded samples=3
[MPI 1/9] Map 3, rank 59, beam 0, simulating beta 0.2
[MPI 3/9] Map 3, rank 59, beam 0, simulating beta 0.4
[MPI 4/9] Map 3, rank 59, beam 0, simulating beta 0.5
[MPI 5/9] Map 3, rank 59, beam 0, simulating beta 0.6
[MPI 6/9] Map 3, rank 59, beam 0, simulating beta 0.7
[MPI 8/9] Map 3, rank 59, beam 0, simulating beta 0.9
[MPI 0/9] Map 3, rank 59, beam 0, simulating beta 0.1
[MPI 2/9] Map 3, rank 59, beam 0, simulating beta 0.3
[MPI 7/9] Map 3, rank 59, beam 0, simulating beta 0.8
[MPI 3/9] Map 3, rank 59, beam 1, simulating beta 0.4
[MPI 8/9] Map 3, rank 59, beam 1, simulating beta 0.9
[MPI 6/9] Map 3, rank 59, beam 1, simulating beta 0.7
[MPI 0/9] Map 3, rank 59, beam 1, simulating beta 0.1
[MPI 2/9] Map 3, rank 59, beam 1, simulating beta 0.3
[MPI 4/9] Map 3, rank 59, beam 1, simulating beta 0.5
[MPI 1/9] Map 3, rank 59, beam 1, simulating beta 0.2
[MPI 5/9] Map 3, rank 59, beam 1, simulating beta 0.6
[MPI 7/9] Map 3, rank 59, beam 1, simulating beta 0.8
[MPI 6/9] Map 3, rank 59, beam 2, simulating beta 0.7
[MPI 8/9] Map 3, rank 59, beam 2, simulating beta 0.9
[MPI 3/9] Map 3, rank 59, beam 2, simulating beta 0.4
[MPI 0/9] Map 3, rank 59, beam 2, simulating beta 0.1
[MPI 4/9] Map 3, rank 59, beam 2, simulating beta 0.5
[MPI 1/9] Map 3, rank 59, beam 2, simulating beta 0.2
[MPI 2/9] Map 3, rank 59, beam 2, simulating beta 0.3
[MPI 5/9] Map 3, rank 59, beam 2, simulating beta 0.6
[MPI 7/9] Map 3, rank 59, beam 2, simulating beta 0.8
Map 3, rank 59: best beta=0.1, parent beam=0, weighted RMSE 6.5088 -> 6.4586, beam size=3, recorded samples=3
Saved chunk /scratch/ajain3/aipp/CMAES_beamsearch_dataset_chunks/map_003_ranked.pt with 191 samples

Collecting ranked CMA-ES data for map 4
[MPI 6/9] Map 4, rank 0, beam 0, simulating beta 0.7
[MPI 0/9] Map 4, rank 0, beam 0, simulating beta 0.1
[MPI 1/9] Map 4, rank 0, beam 0, simulating beta 0.2
[MPI 2/9] Map 4, rank 0, beam 0, simulating beta 0.3
[MPI 3/9] Map 4, rank 0, beam 0, simulating beta 0.4
[MPI 4/9] Map 4, rank 0, beam 0, simulating beta 0.5
[MPI 5/9] Map 4, rank 0, beam 0, simulating beta 0.6
[MPI 7/9] Map 4, rank 0, beam 0, simulating beta 0.8
[MPI 8/9] Map 4, rank 0, beam 0, simulating beta 0.9
Map 4, rank 0: best beta=0.8, parent beam=0, weighted RMSE 219.9678 -> 215.5019, beam size=3, recorded samples=1
[MPI 6/9] Map 4, rank 1, beam 0, simulating beta 0.7
[MPI 7/9] Map 4, rank 1, beam 0, simulating beta 0.8
[MPI 3/9] Map 4, rank 1, beam 0, simulating beta 0.4
[MPI 1/9] Map 4, rank 1, beam 0, simulating beta 0.2
[MPI 2/9] Map 4, rank 1, beam 0, simulating beta 0.3
[MPI 5/9] Map 4, rank 1, beam 0, simulating beta 0.6
[MPI 8/9] Map 4, rank 1, beam 0, simulating beta 0.9
[MPI 4/9] Map 4, rank 1, beam 0, simulating beta 0.5
[MPI 0/9] Map 4, rank 1, beam 0, simulating beta 0.1
[MPI 6/9] Map 4, rank 1, beam 1, simulating beta 0.7
[MPI 3/9] Map 4, rank 1, beam 1, simulating beta 0.4
[MPI 8/9] Map 4, rank 1, beam 1, simulating beta 0.9
[MPI 0/9] Map 4, rank 1, beam 1, simulating beta 0.1
[MPI 5/9] Map 4, rank 1, beam 1, simulating beta 0.6
[MPI 1/9] Map 4, rank 1, beam 1, simulating beta 0.2
[MPI 2/9] Map 4, rank 1, beam 1, simulating beta 0.3
[MPI 4/9] Map 4, rank 1, beam 1, simulating beta 0.5
[MPI 7/9] Map 4, rank 1, beam 1, simulating beta 0.8
[MPI 6/9] Map 4, rank 1, beam 2, simulating beta 0.7
[MPI 8/9] Map 4, rank 1, beam 2, simulating beta 0.9
[MPI 5/9] Map 4, rank 1, beam 2, simulating beta 0.6
[MPI 7/9] Map 4, rank 1, beam 2, simulating beta 0.8
[MPI 3/9] Map 4, rank 1, beam 2, simulating beta 0.4
[MPI 4/9] Map 4, rank 1, beam 2, simulating beta 0.5
[MPI 0/9] Map 4, rank 1, beam 2, simulating beta 0.1
[MPI 1/9] Map 4, rank 1, beam 2, simulating beta 0.2
[MPI 2/9] Map 4, rank 1, beam 2, simulating beta 0.3
Map 4, rank 1: best beta=0.4, parent beam=0, weighted RMSE 215.5019 -> 88.1436, beam size=3, recorded samples=4
[MPI 1/9] Map 4, rank 2, beam 0, simulating beta 0.2
[MPI 3/9] Map 4, rank 2, beam 0, simulating beta 0.4
[MPI 5/9] Map 4, rank 2, beam 0, simulating beta 0.6
[MPI 6/9] Map 4, rank 2, beam 0, simulating beta 0.7
[MPI 7/9] Map 4, rank 2, beam 0, simulating beta 0.8
[MPI 8/9] Map 4, rank 2, beam 0, simulating beta 0.9
[MPI 4/9] Map 4, rank 2, beam 0, simulating beta 0.5
[MPI 2/9] Map 4, rank 2, beam 0, simulating beta 0.3
[MPI 0/9] Map 4, rank 2, beam 0, simulating beta 0.1
[MPI 6/9] Map 4, rank 2, beam 1, simulating beta 0.7
[MPI 8/9] Map 4, rank 2, beam 1, simulating beta 0.9
[MPI 0/9] Map 4, rank 2, beam 1, simulating beta 0.1
[MPI 2/9] Map 4, rank 2, beam 1, simulating beta 0.3
[MPI 7/9] Map 4, rank 2, beam 1, simulating beta 0.8
[MPI 4/9] Map 4, rank 2, beam 1, simulating beta 0.5
[MPI 1/9] Map 4, rank 2, beam 1, simulating beta 0.2
[MPI 3/9] Map 4, rank 2, beam 1, simulating beta 0.4
[MPI 5/9] Map 4, rank 2, beam 1, simulating beta 0.6
[MPI 6/9] Map 4, rank 2, beam 2, simulating beta 0.7
[MPI 8/9] Map 4, rank 2, beam 2, simulating beta 0.9
[MPI 3/9] Map 4, rank 2, beam 2, simulating beta 0.4
[MPI 7/9] Map 4, rank 2, beam 2, simulating beta 0.8
[MPI 4/9] Map 4, rank 2, beam 2, simulating beta 0.5
[MPI 0/9] Map 4, rank 2, beam 2, simulating beta 0.1
[MPI 2/9] Map 4, rank 2, beam 2, simulating beta 0.3
[MPI 5/9] Map 4, rank 2, beam 2, simulating beta 0.6
[MPI 1/9] Map 4, rank 2, beam 2, simulating beta 0.2
Map 4, rank 2: best beta=0.8, parent beam=0, weighted RMSE 88.1436 -> 66.6650, beam size=3, recorded samples=3
[MPI 6/9] Map 4, rank 3, beam 0, simulating beta 0.7
[MPI 1/9] Map 4, rank 3, beam 0, simulating beta 0.2
[MPI 3/9] Map 4, rank 3, beam 0, simulating beta 0.4
[MPI 5/9] Map 4, rank 3, beam 0, simulating beta 0.6
[MPI 7/9] Map 4, rank 3, beam 0, simulating beta 0.8
[MPI 8/9] Map 4, rank 3, beam 0, simulating beta 0.9
[MPI 0/9] Map 4, rank 3, beam 0, simulating beta 0.1
[MPI 2/9] Map 4, rank 3, beam 0, simulating beta 0.3
[MPI 4/9] Map 4, rank 3, beam 0, simulating beta 0.5
[MPI 6/9] Map 4, rank 3, beam 1, simulating beta 0.7
[MPI 3/9] Map 4, rank 3, beam 1, simulating beta 0.4
[MPI 8/9] Map 4, rank 3, beam 1, simulating beta 0.9
[MPI 5/9] Map 4, rank 3, beam 1, simulating beta 0.6
[MPI 7/9] Map 4, rank 3, beam 1, simulating beta 0.8
[MPI 4/9] Map 4, rank 3, beam 1, simulating beta 0.5
[MPI 0/9] Map 4, rank 3, beam 1, simulating beta 0.1
[MPI 1/9] Map 4, rank 3, beam 1, simulating beta 0.2
[MPI 2/9] Map 4, rank 3, beam 1, simulating beta 0.3
[MPI 6/9] Map 4, rank 3, beam 2, simulating beta 0.7
[MPI 3/9] Map 4, rank 3, beam 2, simulating beta 0.4
[MPI 8/9] Map 4, rank 3, beam 2, simulating beta 0.9
[MPI 7/9] Map 4, rank 3, beam 2, simulating beta 0.8
[MPI 5/9] Map 4, rank 3, beam 2, simulating beta 0.6
[MPI 2/9] Map 4, rank 3, beam 2, simulating beta 0.3
[MPI 0/9] Map 4, rank 3, beam 2, simulating beta 0.1
[MPI 4/9] Map 4, rank 3, beam 2, simulating beta 0.5
[MPI 1/9] Map 4, rank 3, beam 2, simulating beta 0.2
Map 4, rank 3: best beta=0.4, parent beam=0, weighted RMSE 66.6650 -> 52.7404, beam size=3, recorded samples=4
[MPI 3/9] Map 4, rank 4, beam 0, simulating beta 0.4
[MPI 5/9] Map 4, rank 4, beam 0, simulating beta 0.6
[MPI 6/9] Map 4, rank 4, beam 0, simulating beta 0.7
[MPI 8/9] Map 4, rank 4, beam 0, simulating beta 0.9
[MPI 4/9] Map 4, rank 4, beam 0, simulating beta 0.5
[MPI 7/9] Map 4, rank 4, beam 0, simulating beta 0.8
[MPI 0/9] Map 4, rank 4, beam 0, simulating beta 0.1
[MPI 1/9] Map 4, rank 4, beam 0, simulating beta 0.2
[MPI 2/9] Map 4, rank 4, beam 0, simulating beta 0.3
[MPI 8/9] Map 4, rank 4, beam 1, simulating beta 0.9
[MPI 4/9] Map 4, rank 4, beam 1, simulating beta 0.5
[MPI 6/9] Map 4, rank 4, beam 1, simulating beta 0.7
[MPI 7/9] Map 4, rank 4, beam 1, simulating beta 0.8
[MPI 0/9] Map 4, rank 4, beam 1, simulating beta 0.1
[MPI 3/9] Map 4, rank 4, beam 1, simulating beta 0.4
[MPI 2/9] Map 4, rank 4, beam 1, simulating beta 0.3
[MPI 1/9] Map 4, rank 4, beam 1, simulating beta 0.2
[MPI 5/9] Map 4, rank 4, beam 1, simulating beta 0.6
[MPI 8/9] Map 4, rank 4, beam 2, simulating beta 0.9
[MPI 6/9] Map 4, rank 4, beam 2, simulating beta 0.7
[MPI 4/9] Map 4, rank 4, beam 2, simulating beta 0.5
[MPI 7/9] Map 4, rank 4, beam 2, simulating beta 0.8
[MPI 0/9] Map 4, rank 4, beam 2, simulating beta 0.1
[MPI 3/9] Map 4, rank 4, beam 2, simulating beta 0.4
[MPI 2/9] Map 4, rank 4, beam 2, simulating beta 0.3
[MPI 5/9] Map 4, rank 4, beam 2, simulating beta 0.6
[MPI 1/9] Map 4, rank 4, beam 2, simulating beta 0.2
Map 4, rank 4: best beta=0.9, parent beam=1, weighted RMSE 52.9960 -> 50.5620, beam size=3, recorded samples=5
[MPI 6/9] Map 4, rank 5, beam 0, simulating beta 0.7
[MPI 3/9] Map 4, rank 5, beam 0, simulating beta 0.4
[MPI 2/9] Map 4, rank 5, beam 0, simulating beta 0.3
[MPI 5/9] Map 4, rank 5, beam 0, simulating beta 0.6
[MPI 8/9] Map 4, rank 5, beam 0, simulating beta 0.9
[MPI 4/9] Map 4, rank 5, beam 0, simulating beta 0.5
[MPI 7/9] Map 4, rank 5, beam 0, simulating beta 0.8
[MPI 0/9] Map 4, rank 5, beam 0, simulating beta 0.1
[MPI 1/9] Map 4, rank 5, beam 0, simulating beta 0.2
[MPI 3/9] Map 4, rank 5, beam 1, simulating beta 0.4
[MPI 8/9] Map 4, rank 5, beam 1, simulating beta 0.9
[MPI 6/9] Map 4, rank 5, beam 1, simulating beta 0.7
[MPI 7/9] Map 4, rank 5, beam 1, simulating beta 0.8
[MPI 4/9] Map 4, rank 5, beam 1, simulating beta 0.5
[MPI 5/9] Map 4, rank 5, beam 1, simulating beta 0.6
[MPI 0/9] Map 4, rank 5, beam 1, simulating beta 0.1
[MPI 2/9] Map 4, rank 5, beam 1, simulating beta 0.3
[MPI 1/9] Map 4, rank 5, beam 1, simulating beta 0.2
[MPI 8/9] Map 4, rank 5, beam 2, simulating beta 0.9
[MPI 3/9] Map 4, rank 5, beam 2, simulating beta 0.4
[MPI 7/9] Map 4, rank 5, beam 2, simulating beta 0.8
[MPI 6/9] Map 4, rank 5, beam 2, simulating beta 0.7
[MPI 4/9] Map 4, rank 5, beam 2, simulating beta 0.5
[MPI 5/9] Map 4, rank 5, beam 2, simulating beta 0.6
[MPI 2/9] Map 4, rank 5, beam 2, simulating beta 0.3
[MPI 0/9] Map 4, rank 5, beam 2, simulating beta 0.1
[MPI 1/9] Map 4, rank 5, beam 2, simulating beta 0.2
Map 4, rank 5: best beta=0.8, parent beam=2, weighted RMSE 50.7098 -> 46.9638, beam size=3, recorded samples=3
[MPI 1/9] Map 4, rank 6, beam 0, simulating beta 0.2
[MPI 3/9] Map 4, rank 6, beam 0, simulating beta 0.4
[MPI 6/9] Map 4, rank 6, beam 0, simulating beta 0.7
[MPI 7/9] Map 4, rank 6, beam 0, simulating beta 0.8
[MPI 5/9] Map 4, rank 6, beam 0, simulating beta 0.6
[MPI 0/9] Map 4, rank 6, beam 0, simulating beta 0.1
[MPI 2/9] Map 4, rank 6, beam 0, simulating beta 0.3
[MPI 4/9] Map 4, rank 6, beam 0, simulating beta 0.5
[MPI 8/9] Map 4, rank 6, beam 0, simulating beta 0.9
[MPI 3/9] Map 4, rank 6, beam 1, simulating beta 0.4
[MPI 0/9] Map 4, rank 6, beam 1, simulating beta 0.1
[MPI 6/9] Map 4, rank 6, beam 1, simulating beta 0.7
[MPI 8/9] Map 4, rank 6, beam 1, simulating beta 0.9
[MPI 7/9] Map 4, rank 6, beam 1, simulating beta 0.8
[MPI 2/9] Map 4, rank 6, beam 1, simulating beta 0.3
[MPI 4/9] Map 4, rank 6, beam 1, simulating beta 0.5
[MPI 5/9] Map 4, rank 6, beam 1, simulating beta 0.6
[MPI 1/9] Map 4, rank 6, beam 1, simulating beta 0.2
[MPI 0/9] Map 4, rank 6, beam 2, simulating beta 0.1
[MPI 3/9] Map 4, rank 6, beam 2, simulating beta 0.4
[MPI 6/9] Map 4, rank 6, beam 2, simulating beta 0.7
[MPI 8/9] Map 4, rank 6, beam 2, simulating beta 0.9
[MPI 7/9] Map 4, rank 6, beam 2, simulating beta 0.8
[MPI 4/9] Map 4, rank 6, beam 2, simulating beta 0.5
[MPI 2/9] Map 4, rank 6, beam 2, simulating beta 0.3
[MPI 5/9] Map 4, rank 6, beam 2, simulating beta 0.6
[MPI 1/9] Map 4, rank 6, beam 2, simulating beta 0.2
Map 4, rank 6: best beta=0.9, parent beam=2, weighted RMSE 49.4736 -> 36.8358, beam size=3, recorded samples=3
[MPI 6/9] Map 4, rank 7, beam 0, simulating beta 0.7
[MPI 8/9] Map 4, rank 7, beam 0, simulating beta 0.9
[MPI 7/9] Map 4, rank 7, beam 0, simulating beta 0.8
[MPI 1/9] Map 4, rank 7, beam 0, simulating beta 0.2
[MPI 2/9] Map 4, rank 7, beam 0, simulating beta 0.3
[MPI 3/9] Map 4, rank 7, beam 0, simulating beta 0.4
[MPI 5/9] Map 4, rank 7, beam 0, simulating beta 0.6
[MPI 4/9] Map 4, rank 7, beam 0, simulating beta 0.5
[MPI 0/9] Map 4, rank 7, beam 0, simulating beta 0.1
[MPI 3/9] Map 4, rank 7, beam 1, simulating beta 0.4
[MPI 4/9] Map 4, rank 7, beam 1, simulating beta 0.5
[MPI 6/9] Map 4, rank 7, beam 1, simulating beta 0.7
[MPI 1/9] Map 4, rank 7, beam 1, simulating beta 0.2
[MPI 8/9] Map 4, rank 7, beam 1, simulating beta 0.9
[MPI 7/9] Map 4, rank 7, beam 1, simulating beta 0.8
[MPI 0/9] Map 4, rank 7, beam 1, simulating beta 0.1
[MPI 2/9] Map 4, rank 7, beam 1, simulating beta 0.3
[MPI 5/9] Map 4, rank 7, beam 1, simulating beta 0.6
[MPI 3/9] Map 4, rank 7, beam 2, simulating beta 0.4
[MPI 4/9] Map 4, rank 7, beam 2, simulating beta 0.5
[MPI 6/9] Map 4, rank 7, beam 2, simulating beta 0.7
[MPI 8/9] Map 4, rank 7, beam 2, simulating beta 0.9
[MPI 1/9] Map 4, rank 7, beam 2, simulating beta 0.2
[MPI 2/9] Map 4, rank 7, beam 2, simulating beta 0.3
[MPI 0/9] Map 4, rank 7, beam 2, simulating beta 0.1
[MPI 5/9] Map 4, rank 7, beam 2, simulating beta 0.6
[MPI 7/9] Map 4, rank 7, beam 2, simulating beta 0.8
Map 4, rank 7: best beta=0.3, parent beam=1, weighted RMSE 40.3130 -> 23.5861, beam size=3, recorded samples=4
[MPI 3/9] Map 4, rank 8, beam 0, simulating beta 0.4
[MPI 7/9] Map 4, rank 8, beam 0, simulating beta 0.8
[MPI 8/9] Map 4, rank 8, beam 0, simulating beta 0.9
[MPI 6/9] Map 4, rank 8, beam 0, simulating beta 0.7
[MPI 0/9] Map 4, rank 8, beam 0, simulating beta 0.1
[MPI 1/9] Map 4, rank 8, beam 0, simulating beta 0.2
[MPI 2/9] Map 4, rank 8, beam 0, simulating beta 0.3
[MPI 4/9] Map 4, rank 8, beam 0, simulating beta 0.5
[MPI 5/9] Map 4, rank 8, beam 0, simulating beta 0.6
[MPI 5/9] Map 4, rank 8, beam 1, simulating beta 0.6
[MPI 3/9] Map 4, rank 8, beam 1, simulating beta 0.4
[MPI 8/9] Map 4, rank 8, beam 1, simulating beta 0.9
[MPI 0/9] Map 4, rank 8, beam 1, simulating beta 0.1
[MPI 6/9] Map 4, rank 8, beam 1, simulating beta 0.7
[MPI 4/9] Map 4, rank 8, beam 1, simulating beta 0.5
[MPI 1/9] Map 4, rank 8, beam 1, simulating beta 0.2
[MPI 2/9] Map 4, rank 8, beam 1, simulating beta 0.3
[MPI 7/9] Map 4, rank 8, beam 1, simulating beta 0.8
[MPI 5/9] Map 4, rank 8, beam 2, simulating beta 0.6
[MPI 3/9] Map 4, rank 8, beam 2, simulating beta 0.4
[MPI 8/9] Map 4, rank 8, beam 2, simulating beta 0.9
[MPI 0/9] Map 4, rank 8, beam 2, simulating beta 0.1
[MPI 6/9] Map 4, rank 8, beam 2, simulating beta 0.7
[MPI 1/9] Map 4, rank 8, beam 2, simulating beta 0.2
[MPI 7/9] Map 4, rank 8, beam 2, simulating beta 0.8
[MPI 4/9] Map 4, rank 8, beam 2, simulating beta 0.5
[MPI 2/9] Map 4, rank 8, beam 2, simulating beta 0.3
Map 4, rank 8: best beta=0.7, parent beam=1, weighted RMSE 23.6732 -> 22.2800, beam size=3, recorded samples=3
[MPI 3/9] Map 4, rank 9, beam 0, simulating beta 0.4
[MPI 6/9] Map 4, rank 9, beam 0, simulating beta 0.7
[MPI 7/9] Map 4, rank 9, beam 0, simulating beta 0.8
[MPI 1/9] Map 4, rank 9, beam 0, simulating beta 0.2
[MPI 2/9] Map 4, rank 9, beam 0, simulating beta 0.3
[MPI 5/9] Map 4, rank 9, beam 0, simulating beta 0.6
[MPI 8/9] Map 4, rank 9, beam 0, simulating beta 0.9
[MPI 4/9] Map 4, rank 9, beam 0, simulating beta 0.5
[MPI 0/9] Map 4, rank 9, beam 0, simulating beta 0.1
[MPI 6/9] Map 4, rank 9, beam 1, simulating beta 0.7
[MPI 7/9] Map 4, rank 9, beam 1, simulating beta 0.8
[MPI 8/9] Map 4, rank 9, beam 1, simulating beta 0.9
[MPI 3/9] Map 4, rank 9, beam 1, simulating beta 0.4
[MPI 4/9] Map 4, rank 9, beam 1, simulating beta 0.5
[MPI 1/9] Map 4, rank 9, beam 1, simulating beta 0.2
[MPI 5/9] Map 4, rank 9, beam 1, simulating beta 0.6
[MPI 0/9] Map 4, rank 9, beam 1, simulating beta 0.1
[MPI 2/9] Map 4, rank 9, beam 1, simulating beta 0.3
[MPI 6/9] Map 4, rank 9, beam 2, simulating beta 0.7
[MPI 7/9] Map 4, rank 9, beam 2, simulating beta 0.8
[MPI 8/9] Map 4, rank 9, beam 2, simulating beta 0.9
[MPI 3/9] Map 4, rank 9, beam 2, simulating beta 0.4
[MPI 4/9] Map 4, rank 9, beam 2, simulating beta 0.5
[MPI 1/9] Map 4, rank 9, beam 2, simulating beta 0.2
[MPI 0/9] Map 4, rank 9, beam 2, simulating beta 0.1
[MPI 2/9] Map 4, rank 9, beam 2, simulating beta 0.3
[MPI 5/9] Map 4, rank 9, beam 2, simulating beta 0.6
Map 4, rank 9: best beta=0.1, parent beam=1, weighted RMSE 22.4079 -> 21.9219, beam size=3, recorded samples=3
[MPI 1/9] Map 4, rank 10, beam 0, simulating beta 0.2
[MPI 3/9] Map 4, rank 10, beam 0, simulating beta 0.4
[MPI 4/9] Map 4, rank 10, beam 0, simulating beta 0.5
[MPI 6/9] Map 4, rank 10, beam 0, simulating beta 0.7
[MPI 7/9] Map 4, rank 10, beam 0, simulating beta 0.8
[MPI 8/9] Map 4, rank 10, beam 0, simulating beta 0.9
[MPI 2/9] Map 4, rank 10, beam 0, simulating beta 0.3
[MPI 5/9] Map 4, rank 10, beam 0, simulating beta 0.6
[MPI 0/9] Map 4, rank 10, beam 0, simulating beta 0.1
[MPI 3/9] Map 4, rank 10, beam 1, simulating beta 0.4
[MPI 4/9] Map 4, rank 10, beam 1, simulating beta 0.5
[MPI 7/9] Map 4, rank 10, beam 1, simulating beta 0.8
[MPI 8/9] Map 4, rank 10, beam 1, simulating beta 0.9
[MPI 6/9] Map 4, rank 10, beam 1, simulating beta 0.7
[MPI 2/9] Map 4, rank 10, beam 1, simulating beta 0.3
[MPI 5/9] Map 4, rank 10, beam 1, simulating beta 0.6
[MPI 0/9] Map 4, rank 10, beam 1, simulating beta 0.1
[MPI 1/9] Map 4, rank 10, beam 1, simulating beta 0.2
[MPI 3/9] Map 4, rank 10, beam 2, simulating beta 0.4
[MPI 4/9] Map 4, rank 10, beam 2, simulating beta 0.5
[MPI 7/9] Map 4, rank 10, beam 2, simulating beta 0.8
[MPI 8/9] Map 4, rank 10, beam 2, simulating beta 0.9
[MPI 6/9] Map 4, rank 10, beam 2, simulating beta 0.7
[MPI 5/9] Map 4, rank 10, beam 2, simulating beta 0.6
[MPI 0/9] Map 4, rank 10, beam 2, simulating beta 0.1
[MPI 1/9] Map 4, rank 10, beam 2, simulating beta 0.2
[MPI 2/9] Map 4, rank 10, beam 2, simulating beta 0.3
Map 4, rank 10: best beta=0.1, parent beam=0, weighted RMSE 21.9219 -> 21.7687, beam size=3, recorded samples=3
[MPI 3/9] Map 4, rank 11, beam 0, simulating beta 0.4
[MPI 6/9] Map 4, rank 11, beam 0, simulating beta 0.7
[MPI 8/9] Map 4, rank 11, beam 0, simulating beta 0.9
[MPI 5/9] Map 4, rank 11, beam 0, simulating beta 0.6
[MPI 7/9] Map 4, rank 11, beam 0, simulating beta 0.8
[MPI 4/9] Map 4, rank 11, beam 0, simulating beta 0.5
[MPI 0/9] Map 4, rank 11, beam 0, simulating beta 0.1
[MPI 1/9] Map 4, rank 11, beam 0, simulating beta 0.2
[MPI 2/9] Map 4, rank 11, beam 0, simulating beta 0.3
[MPI 3/9] Map 4, rank 11, beam 1, simulating beta 0.4
[MPI 8/9] Map 4, rank 11, beam 1, simulating beta 0.9
[MPI 7/9] Map 4, rank 11, beam 1, simulating beta 0.8
[MPI 6/9] Map 4, rank 11, beam 1, simulating beta 0.7
[MPI 4/9] Map 4, rank 11, beam 1, simulating beta 0.5
[MPI 0/9] Map 4, rank 11, beam 1, simulating beta 0.1
[MPI 1/9] Map 4, rank 11, beam 1, simulating beta 0.2
[MPI 2/9] Map 4, rank 11, beam 1, simulating beta 0.3
[MPI 5/9] Map 4, rank 11, beam 1, simulating beta 0.6
[MPI 3/9] Map 4, rank 11, beam 2, simulating beta 0.4
[MPI 8/9] Map 4, rank 11, beam 2, simulating beta 0.9
[MPI 7/9] Map 4, rank 11, beam 2, simulating beta 0.8
[MPI 6/9] Map 4, rank 11, beam 2, simulating beta 0.7
[MPI 4/9] Map 4, rank 11, beam 2, simulating beta 0.5
[MPI 2/9] Map 4, rank 11, beam 2, simulating beta 0.3
[MPI 1/9] Map 4, rank 11, beam 2, simulating beta 0.2
[MPI 0/9] Map 4, rank 11, beam 2, simulating beta 0.1
[MPI 5/9] Map 4, rank 11, beam 2, simulating beta 0.6
Map 4, rank 11: best beta=0.1, parent beam=0, weighted RMSE 21.7687 -> 21.3399, beam size=3, recorded samples=4
[MPI 7/9] Map 4, rank 12, beam 0, simulating beta 0.8
[MPI 5/9] Map 4, rank 12, beam 0, simulating beta 0.6
[MPI 8/9] Map 4, rank 12, beam 0, simulating beta 0.9
[MPI 6/9] Map 4, rank 12, beam 0, simulating beta 0.7
[MPI 1/9] Map 4, rank 12, beam 0, simulating beta 0.2
[MPI 3/9] Map 4, rank 12, beam 0, simulating beta 0.4
[MPI 4/9] Map 4, rank 12, beam 0, simulating beta 0.5
[MPI 2/9] Map 4, rank 12, beam 0, simulating beta 0.3
[MPI 0/9] Map 4, rank 12, beam 0, simulating beta 0.1
[MPI 3/9] Map 4, rank 12, beam 1, simulating beta 0.4
[MPI 4/9] Map 4, rank 12, beam 1, simulating beta 0.5
[MPI 8/9] Map 4, rank 12, beam 1, simulating beta 0.9
[MPI 7/9] Map 4, rank 12, beam 1, simulating beta 0.8
[MPI 6/9] Map 4, rank 12, beam 1, simulating beta 0.7
[MPI 2/9] Map 4, rank 12, beam 1, simulating beta 0.3
[MPI 5/9] Map 4, rank 12, beam 1, simulating beta 0.6
[MPI 0/9] Map 4, rank 12, beam 1, simulating beta 0.1
[MPI 1/9] Map 4, rank 12, beam 1, simulating beta 0.2
[MPI 3/9] Map 4, rank 12, beam 2, simulating beta 0.4
[MPI 4/9] Map 4, rank 12, beam 2, simulating beta 0.5
[MPI 8/9] Map 4, rank 12, beam 2, simulating beta 0.9
[MPI 6/9] Map 4, rank 12, beam 2, simulating beta 0.7
[MPI 7/9] Map 4, rank 12, beam 2, simulating beta 0.8
[MPI 2/9] Map 4, rank 12, beam 2, simulating beta 0.3
[MPI 5/9] Map 4, rank 12, beam 2, simulating beta 0.6
[MPI 0/9] Map 4, rank 12, beam 2, simulating beta 0.1
[MPI 1/9] Map 4, rank 12, beam 2, simulating beta 0.2
Map 4, rank 12: best beta=0.1, parent beam=0, weighted RMSE 21.3399 -> 20.1818, beam size=3, recorded samples=3
[MPI 6/9] Map 4, rank 13, beam 0, simulating beta 0.7
[MPI 8/9] Map 4, rank 13, beam 0, simulating beta 0.9
[MPI 2/9] Map 4, rank 13, beam 0, simulating beta 0.3
[MPI 0/9] Map 4, rank 13, beam 0, simulating beta 0.1
[MPI 1/9] Map 4, rank 13, beam 0, simulating beta 0.2
[MPI 3/9] Map 4, rank 13, beam 0, simulating beta 0.4
[MPI 4/9] Map 4, rank 13, beam 0, simulating beta 0.5
[MPI 5/9] Map 4, rank 13, beam 0, simulating beta 0.6
[MPI 7/9] Map 4, rank 13, beam 0, simulating beta 0.8
[MPI 6/9] Map 4, rank 13, beam 1, simulating beta 0.7
[MPI 8/9] Map 4, rank 13, beam 1, simulating beta 0.9
[MPI 3/9] Map 4, rank 13, beam 1, simulating beta 0.4
[MPI 7/9] Map 4, rank 13, beam 1, simulating beta 0.8
[MPI 4/9] Map 4, rank 13, beam 1, simulating beta 0.5
[MPI 2/9] Map 4, rank 13, beam 1, simulating beta 0.3
[MPI 0/9] Map 4, rank 13, beam 1, simulating beta 0.1
[MPI 1/9] Map 4, rank 13, beam 1, simulating beta 0.2
[MPI 5/9] Map 4, rank 13, beam 1, simulating beta 0.6
[MPI 6/9] Map 4, rank 13, beam 2, simulating beta 0.7
[MPI 8/9] Map 4, rank 13, beam 2, simulating beta 0.9
[MPI 3/9] Map 4, rank 13, beam 2, simulating beta 0.4
[MPI 7/9] Map 4, rank 13, beam 2, simulating beta 0.8
[MPI 4/9] Map 4, rank 13, beam 2, simulating beta 0.5
[MPI 2/9] Map 4, rank 13, beam 2, simulating beta 0.3
[MPI 0/9] Map 4, rank 13, beam 2, simulating beta 0.1
[MPI 1/9] Map 4, rank 13, beam 2, simulating beta 0.2
[MPI 5/9] Map 4, rank 13, beam 2, simulating beta 0.6
Map 4, rank 13: best beta=0.9, parent beam=0, weighted RMSE 20.1818 -> 17.8362, beam size=3, recorded samples=3
[MPI 6/9] Map 4, rank 14, beam 0, simulating beta 0.7
[MPI 7/9] Map 4, rank 14, beam 0, simulating beta 0.8
[MPI 1/9] Map 4, rank 14, beam 0, simulating beta 0.2
[MPI 2/9] Map 4, rank 14, beam 0, simulating beta 0.3
[MPI 3/9] Map 4, rank 14, beam 0, simulating beta 0.4
[MPI 4/9] Map 4, rank 14, beam 0, simulating beta 0.5
[MPI 5/9] Map 4, rank 14, beam 0, simulating beta 0.6
[MPI 8/9] Map 4, rank 14, beam 0, simulating beta 0.9
[MPI 0/9] Map 4, rank 14, beam 0, simulating beta 0.1
[MPI 3/9] Map 4, rank 14, beam 1, simulating beta 0.4
[MPI 8/9] Map 4, rank 14, beam 1, simulating beta 0.9
[MPI 6/9] Map 4, rank 14, beam 1, simulating beta 0.7
[MPI 7/9] Map 4, rank 14, beam 1, simulating beta 0.8
[MPI 4/9] Map 4, rank 14, beam 1, simulating beta 0.5
[MPI 2/9] Map 4, rank 14, beam 1, simulating beta 0.3
[MPI 0/9] Map 4, rank 14, beam 1, simulating beta 0.1
[MPI 5/9] Map 4, rank 14, beam 1, simulating beta 0.6
[MPI 1/9] Map 4, rank 14, beam 1, simulating beta 0.2
[MPI 8/9] Map 4, rank 14, beam 2, simulating beta 0.9
[MPI 6/9] Map 4, rank 14, beam 2, simulating beta 0.7
[MPI 3/9] Map 4, rank 14, beam 2, simulating beta 0.4
[MPI 7/9] Map 4, rank 14, beam 2, simulating beta 0.8
[MPI 4/9] Map 4, rank 14, beam 2, simulating beta 0.5
[MPI 2/9] Map 4, rank 14, beam 2, simulating beta 0.3
[MPI 5/9] Map 4, rank 14, beam 2, simulating beta 0.6
[MPI 1/9] Map 4, rank 14, beam 2, simulating beta 0.2
[MPI 0/9] Map 4, rank 14, beam 2, simulating beta 0.1
Map 4, rank 14: best beta=0.2, parent beam=0, weighted RMSE 17.8362 -> 17.2148, beam size=3, recorded samples=3
[MPI 1/9] Map 4, rank 15, beam 0, simulating beta 0.2
[MPI 7/9] Map 4, rank 15, beam 0, simulating beta 0.8
[MPI 3/9] Map 4, rank 15, beam 0, simulating beta 0.4
[MPI 6/9] Map 4, rank 15, beam 0, simulating beta 0.7
[MPI 0/9] Map 4, rank 15, beam 0, simulating beta 0.1
[MPI 8/9] Map 4, rank 15, beam 0, simulating beta 0.9
[MPI 4/9] Map 4, rank 15, beam 0, simulating beta 0.5
[MPI 2/9] Map 4, rank 15, beam 0, simulating beta 0.3
[MPI 5/9] Map 4, rank 15, beam 0, simulating beta 0.6
[MPI 3/9] Map 4, rank 15, beam 1, simulating beta 0.4
[MPI 8/9] Map 4, rank 15, beam 1, simulating beta 0.9
[MPI 7/9] Map 4, rank 15, beam 1, simulating beta 0.8
[MPI 6/9] Map 4, rank 15, beam 1, simulating beta 0.7
[MPI 2/9] Map 4, rank 15, beam 1, simulating beta 0.3
[MPI 0/9] Map 4, rank 15, beam 1, simulating beta 0.1
[MPI 1/9] Map 4, rank 15, beam 1, simulating beta 0.2
[MPI 4/9] Map 4, rank 15, beam 1, simulating beta 0.5
[MPI 5/9] Map 4, rank 15, beam 1, simulating beta 0.6
[MPI 8/9] Map 4, rank 15, beam 2, simulating beta 0.9
[MPI 3/9] Map 4, rank 15, beam 2, simulating beta 0.4
[MPI 7/9] Map 4, rank 15, beam 2, simulating beta 0.8
[MPI 6/9] Map 4, rank 15, beam 2, simulating beta 0.7
[MPI 2/9] Map 4, rank 15, beam 2, simulating beta 0.3
[MPI 4/9] Map 4, rank 15, beam 2, simulating beta 0.5
[MPI 0/9] Map 4, rank 15, beam 2, simulating beta 0.1
[MPI 1/9] Map 4, rank 15, beam 2, simulating beta 0.2
[MPI 5/9] Map 4, rank 15, beam 2, simulating beta 0.6
Map 4, rank 15: best beta=0.2, parent beam=1, weighted RMSE 17.4391 -> 15.3818, beam size=3, recorded samples=3
[MPI 6/9] Map 4, rank 16, beam 0, simulating beta 0.7
[MPI 7/9] Map 4, rank 16, beam 0, simulating beta 0.8
[MPI 0/9] Map 4, rank 16, beam 0, simulating beta 0.1
[MPI 1/9] Map 4, rank 16, beam 0, simulating beta 0.2
[MPI 2/9] Map 4, rank 16, beam 0, simulating beta 0.3
[MPI 3/9] Map 4, rank 16, beam 0, simulating beta 0.4
[MPI 4/9] Map 4, rank 16, beam 0, simulating beta 0.5
[MPI 5/9] Map 4, rank 16, beam 0, simulating beta 0.6
[MPI 8/9] Map 4, rank 16, beam 0, simulating beta 0.9
[MPI 6/9] Map 4, rank 16, beam 1, simulating beta 0.7
[MPI 8/9] Map 4, rank 16, beam 1, simulating beta 0.9
[MPI 2/9] Map 4, rank 16, beam 1, simulating beta 0.3
[MPI 0/9] Map 4, rank 16, beam 1, simulating beta 0.1
[MPI 1/9] Map 4, rank 16, beam 1, simulating beta 0.2
[MPI 3/9] Map 4, rank 16, beam 1, simulating beta 0.4
[MPI 4/9] Map 4, rank 16, beam 1, simulating beta 0.5
[MPI 7/9] Map 4, rank 16, beam 1, simulating beta 0.8
[MPI 5/9] Map 4, rank 16, beam 1, simulating beta 0.6
[MPI 6/9] Map 4, rank 16, beam 2, simulating beta 0.7
[MPI 8/9] Map 4, rank 16, beam 2, simulating beta 0.9
[MPI 2/9] Map 4, rank 16, beam 2, simulating beta 0.3
[MPI 3/9] Map 4, rank 16, beam 2, simulating beta 0.4
[MPI 0/9] Map 4, rank 16, beam 2, simulating beta 0.1
[MPI 7/9] Map 4, rank 16, beam 2, simulating beta 0.8
[MPI 1/9] Map 4, rank 16, beam 2, simulating beta 0.2
[MPI 4/9] Map 4, rank 16, beam 2, simulating beta 0.5
[MPI 5/9] Map 4, rank 16, beam 2, simulating beta 0.6
Map 4, rank 16: best beta=0.7, parent beam=0, weighted RMSE 15.3818 -> 15.1368, beam size=3, recorded samples=3
[MPI 1/9] Map 4, rank 17, beam 0, simulating beta 0.2
[MPI 7/9] Map 4, rank 17, beam 0, simulating beta 0.8
[MPI 5/9] Map 4, rank 17, beam 0, simulating beta 0.6
[MPI 0/9] Map 4, rank 17, beam 0, simulating beta 0.1
[MPI 8/9] Map 4, rank 17, beam 0, simulating beta 0.9
[MPI 2/9] Map 4, rank 17, beam 0, simulating beta 0.3
[MPI 3/9] Map 4, rank 17, beam 0, simulating beta 0.4
[MPI 4/9] Map 4, rank 17, beam 0, simulating beta 0.5
[MPI 6/9] Map 4, rank 17, beam 0, simulating beta 0.7
[MPI 7/9] Map 4, rank 17, beam 1, simulating beta 0.8
[MPI 6/9] Map 4, rank 17, beam 1, simulating beta 0.7
[MPI 8/9] Map 4, rank 17, beam 1, simulating beta 0.9
[MPI 0/9] Map 4, rank 17, beam 1, simulating beta 0.1
[MPI 1/9] Map 4, rank 17, beam 1, simulating beta 0.2
[MPI 2/9] Map 4, rank 17, beam 1, simulating beta 0.3
[MPI 3/9] Map 4, rank 17, beam 1, simulating beta 0.4
[MPI 4/9] Map 4, rank 17, beam 1, simulating beta 0.5
[MPI 5/9] Map 4, rank 17, beam 1, simulating beta 0.6
[MPI 7/9] Map 4, rank 17, beam 2, simulating beta 0.8
[MPI 8/9] Map 4, rank 17, beam 2, simulating beta 0.9
[MPI 6/9] Map 4, rank 17, beam 2, simulating beta 0.7
[MPI 4/9] Map 4, rank 17, beam 2, simulating beta 0.5
[MPI 3/9] Map 4, rank 17, beam 2, simulating beta 0.4
[MPI 2/9] Map 4, rank 17, beam 2, simulating beta 0.3
[MPI 5/9] Map 4, rank 17, beam 2, simulating beta 0.6
[MPI 1/9] Map 4, rank 17, beam 2, simulating beta 0.2
[MPI 0/9] Map 4, rank 17, beam 2, simulating beta 0.1
Map 4, rank 17: best beta=0.1, parent beam=2, weighted RMSE 15.1478 -> 14.2389, beam size=3, recorded samples=3
[MPI 2/9] Map 4, rank 18, beam 0, simulating beta 0.3
[MPI 6/9] Map 4, rank 18, beam 0, simulating beta 0.7
[MPI 1/9] Map 4, rank 18, beam 0, simulating beta 0.2
[MPI 3/9] Map 4, rank 18, beam 0, simulating beta 0.4
[MPI 4/9] Map 4, rank 18, beam 0, simulating beta 0.5
[MPI 5/9] Map 4, rank 18, beam 0, simulating beta 0.6
[MPI 7/9] Map 4, rank 18, beam 0, simulating beta 0.8
[MPI 8/9] Map 4, rank 18, beam 0, simulating beta 0.9
[MPI 0/9] Map 4, rank 18, beam 0, simulating beta 0.1
[MPI 7/9] Map 4, rank 18, beam 1, simulating beta 0.8
[MPI 6/9] Map 4, rank 18, beam 1, simulating beta 0.7
[MPI 8/9] Map 4, rank 18, beam 1, simulating beta 0.9
[MPI 4/9] Map 4, rank 18, beam 1, simulating beta 0.5
[MPI 5/9] Map 4, rank 18, beam 1, simulating beta 0.6
[MPI 2/9] Map 4, rank 18, beam 1, simulating beta 0.3
[MPI 0/9] Map 4, rank 18, beam 1, simulating beta 0.1
[MPI 1/9] Map 4, rank 18, beam 1, simulating beta 0.2
[MPI 3/9] Map 4, rank 18, beam 1, simulating beta 0.4
[MPI 7/9] Map 4, rank 18, beam 2, simulating beta 0.8
[MPI 6/9] Map 4, rank 18, beam 2, simulating beta 0.7
[MPI 8/9] Map 4, rank 18, beam 2, simulating beta 0.9
[MPI 4/9] Map 4, rank 18, beam 2, simulating beta 0.5
[MPI 2/9] Map 4, rank 18, beam 2, simulating beta 0.3
[MPI 5/9] Map 4, rank 18, beam 2, simulating beta 0.6
[MPI 3/9] Map 4, rank 18, beam 2, simulating beta 0.4
[MPI 0/9] Map 4, rank 18, beam 2, simulating beta 0.1
[MPI 1/9] Map 4, rank 18, beam 2, simulating beta 0.2
Map 4, rank 18: best beta=0.8, parent beam=0, weighted RMSE 14.2389 -> 14.1739, beam size=3, recorded samples=4
[MPI 6/9] Map 4, rank 19, beam 0, simulating beta 0.7
[MPI 3/9] Map 4, rank 19, beam 0, simulating beta 0.4
[MPI 7/9] Map 4, rank 19, beam 0, simulating beta 0.8
[MPI 8/9] Map 4, rank 19, beam 0, simulating beta 0.9
[MPI 2/9] Map 4, rank 19, beam 0, simulating beta 0.3
[MPI 1/9] Map 4, rank 19, beam 0, simulating beta 0.2
[MPI 4/9] Map 4, rank 19, beam 0, simulating beta 0.5
[MPI 5/9] Map 4, rank 19, beam 0, simulating beta 0.6
[MPI 0/9] Map 4, rank 19, beam 0, simulating beta 0.1
[MPI 8/9] Map 4, rank 19, beam 1, simulating beta 0.9
[MPI 6/9] Map 4, rank 19, beam 1, simulating beta 0.7
[MPI 7/9] Map 4, rank 19, beam 1, simulating beta 0.8
[MPI 4/9] Map 4, rank 19, beam 1, simulating beta 0.5
[MPI 3/9] Map 4, rank 19, beam 1, simulating beta 0.4
[MPI 5/9] Map 4, rank 19, beam 1, simulating beta 0.6
[MPI 0/9] Map 4, rank 19, beam 1, simulating beta 0.1
[MPI 2/9] Map 4, rank 19, beam 1, simulating beta 0.3
[MPI 1/9] Map 4, rank 19, beam 1, simulating beta 0.2
[MPI 8/9] Map 4, rank 19, beam 2, simulating beta 0.9
[MPI 6/9] Map 4, rank 19, beam 2, simulating beta 0.7
[MPI 7/9] Map 4, rank 19, beam 2, simulating beta 0.8
[MPI 4/9] Map 4, rank 19, beam 2, simulating beta 0.5
[MPI 3/9] Map 4, rank 19, beam 2, simulating beta 0.4
[MPI 5/9] Map 4, rank 19, beam 2, simulating beta 0.6
[MPI 2/9] Map 4, rank 19, beam 2, simulating beta 0.3
[MPI 0/9] Map 4, rank 19, beam 2, simulating beta 0.1
[MPI 1/9] Map 4, rank 19, beam 2, simulating beta 0.2
Map 4, rank 19: best beta=0.3, parent beam=2, weighted RMSE 14.1868 -> 13.9658, beam size=3, recorded samples=3
[MPI 7/9] Map 4, rank 20, beam 0, simulating beta 0.8
[MPI 3/9] Map 4, rank 20, beam 0, simulating beta 0.4
[MPI 5/9] Map 4, rank 20, beam 0, simulating beta 0.6
[MPI 6/9] Map 4, rank 20, beam 0, simulating beta 0.7
[MPI 8/9] Map 4, rank 20, beam 0, simulating beta 0.9
[MPI 1/9] Map 4, rank 20, beam 0, simulating beta 0.2
[MPI 0/9] Map 4, rank 20, beam 0, simulating beta 0.1
[MPI 2/9] Map 4, rank 20, beam 0, simulating beta 0.3
[MPI 4/9] Map 4, rank 20, beam 0, simulating beta 0.5
[MPI 7/9] Map 4, rank 20, beam 1, simulating beta 0.8
[MPI 8/9] Map 4, rank 20, beam 1, simulating beta 0.9
[MPI 4/9] Map 4, rank 20, beam 1, simulating beta 0.5
[MPI 6/9] Map 4, rank 20, beam 1, simulating beta 0.7
[MPI 3/9] Map 4, rank 20, beam 1, simulating beta 0.4
[MPI 0/9] Map 4, rank 20, beam 1, simulating beta 0.1
[MPI 2/9] Map 4, rank 20, beam 1, simulating beta 0.3
[MPI 1/9] Map 4, rank 20, beam 1, simulating beta 0.2
[MPI 5/9] Map 4, rank 20, beam 1, simulating beta 0.6
[MPI 7/9] Map 4, rank 20, beam 2, simulating beta 0.8
[MPI 8/9] Map 4, rank 20, beam 2, simulating beta 0.9
[MPI 4/9] Map 4, rank 20, beam 2, simulating beta 0.5
[MPI 6/9] Map 4, rank 20, beam 2, simulating beta 0.7
[MPI 3/9] Map 4, rank 20, beam 2, simulating beta 0.4
[MPI 5/9] Map 4, rank 20, beam 2, simulating beta 0.6
[MPI 2/9] Map 4, rank 20, beam 2, simulating beta 0.3
[MPI 0/9] Map 4, rank 20, beam 2, simulating beta 0.1
[MPI 1/9] Map 4, rank 20, beam 2, simulating beta 0.2
Map 4, rank 20: best beta=0.9, parent beam=0, weighted RMSE 13.9658 -> 13.7078, beam size=3, recorded samples=3
[MPI 3/9] Map 4, rank 21, beam 0, simulating beta 0.4
[MPI 6/9] Map 4, rank 21, beam 0, simulating beta 0.7
[MPI 1/9] Map 4, rank 21, beam 0, simulating beta 0.2
[MPI 7/9] Map 4, rank 21, beam 0, simulating beta 0.8
[MPI 0/9] Map 4, rank 21, beam 0, simulating beta 0.1
[MPI 2/9] Map 4, rank 21, beam 0, simulating beta 0.3
[MPI 5/9] Map 4, rank 21, beam 0, simulating beta 0.6
[MPI 8/9] Map 4, rank 21, beam 0, simulating beta 0.9
[MPI 4/9] Map 4, rank 21, beam 0, simulating beta 0.5
[MPI 6/9] Map 4, rank 21, beam 1, simulating beta 0.7
[MPI 7/9] Map 4, rank 21, beam 1, simulating beta 0.8
[MPI 8/9] Map 4, rank 21, beam 1, simulating beta 0.9
[MPI 4/9] Map 4, rank 21, beam 1, simulating beta 0.5
[MPI 3/9] Map 4, rank 21, beam 1, simulating beta 0.4
[MPI 5/9] Map 4, rank 21, beam 1, simulating beta 0.6
[MPI 1/9] Map 4, rank 21, beam 1, simulating beta 0.2
[MPI 0/9] Map 4, rank 21, beam 1, simulating beta 0.1
[MPI 2/9] Map 4, rank 21, beam 1, simulating beta 0.3
[MPI 6/9] Map 4, rank 21, beam 2, simulating beta 0.7
[MPI 8/9] Map 4, rank 21, beam 2, simulating beta 0.9
[MPI 7/9] Map 4, rank 21, beam 2, simulating beta 0.8
[MPI 4/9] Map 4, rank 21, beam 2, simulating beta 0.5
[MPI 3/9] Map 4, rank 21, beam 2, simulating beta 0.4
[MPI 0/9] Map 4, rank 21, beam 2, simulating beta 0.1
[MPI 2/9] Map 4, rank 21, beam 2, simulating beta 0.3
[MPI 5/9] Map 4, rank 21, beam 2, simulating beta 0.6
[MPI 1/9] Map 4, rank 21, beam 2, simulating beta 0.2
Map 4, rank 21: best beta=0.2, parent beam=0, weighted RMSE 13.7078 -> 13.6895, beam size=3, recorded samples=3
[MPI 3/9] Map 4, rank 22, beam 0, simulating beta 0.4
[MPI 6/9] Map 4, rank 22, beam 0, simulating beta 0.7
[MPI 1/9] Map 4, rank 22, beam 0, simulating beta 0.2
[MPI 5/9] Map 4, rank 22, beam 0, simulating beta 0.6
[MPI 7/9] Map 4, rank 22, beam 0, simulating beta 0.8
[MPI 8/9] Map 4, rank 22, beam 0, simulating beta 0.9
[MPI 0/9] Map 4, rank 22, beam 0, simulating beta 0.1
[MPI 2/9] Map 4, rank 22, beam 0, simulating beta 0.3
[MPI 4/9] Map 4, rank 22, beam 0, simulating beta 0.5
[MPI 8/9] Map 4, rank 22, beam 1, simulating beta 0.9
[MPI 7/9] Map 4, rank 22, beam 1, simulating beta 0.8
[MPI 4/9] Map 4, rank 22, beam 1, simulating beta 0.5
[MPI 3/9] Map 4, rank 22, beam 1, simulating beta 0.4
[MPI 6/9] Map 4, rank 22, beam 1, simulating beta 0.7
[MPI 5/9] Map 4, rank 22, beam 1, simulating beta 0.6
[MPI 0/9] Map 4, rank 22, beam 1, simulating beta 0.1
[MPI 1/9] Map 4, rank 22, beam 1, simulating beta 0.2
[MPI 2/9] Map 4, rank 22, beam 1, simulating beta 0.3
[MPI 8/9] Map 4, rank 22, beam 2, simulating beta 0.9
[MPI 7/9] Map 4, rank 22, beam 2, simulating beta 0.8
[MPI 4/9] Map 4, rank 22, beam 2, simulating beta 0.5
[MPI 6/9] Map 4, rank 22, beam 2, simulating beta 0.7
[MPI 3/9] Map 4, rank 22, beam 2, simulating beta 0.4
[MPI 5/9] Map 4, rank 22, beam 2, simulating beta 0.6
[MPI 0/9] Map 4, rank 22, beam 2, simulating beta 0.1
[MPI 1/9] Map 4, rank 22, beam 2, simulating beta 0.2
[MPI 2/9] Map 4, rank 22, beam 2, simulating beta 0.3
Map 4, rank 22: best beta=0.1, parent beam=0, weighted RMSE 13.6895 -> 13.6336, beam size=3, recorded samples=3
[MPI 6/9] Map 4, rank 23, beam 0, simulating beta 0.7
[MPI 1/9] Map 4, rank 23, beam 0, simulating beta 0.2
[MPI 3/9] Map 4, rank 23, beam 0, simulating beta 0.4
[MPI 7/9] Map 4, rank 23, beam 0, simulating beta 0.8
[MPI 5/9] Map 4, rank 23, beam 0, simulating beta 0.6
[MPI 8/9] Map 4, rank 23, beam 0, simulating beta 0.9
[MPI 2/9] Map 4, rank 23, beam 0, simulating beta 0.3
[MPI 0/9] Map 4, rank 23, beam 0, simulating beta 0.1
[MPI 4/9] Map 4, rank 23, beam 0, simulating beta 0.5
[MPI 8/9] Map 4, rank 23, beam 1, simulating beta 0.9
[MPI 7/9] Map 4, rank 23, beam 1, simulating beta 0.8
[MPI 6/9] Map 4, rank 23, beam 1, simulating beta 0.7
[MPI 5/9] Map 4, rank 23, beam 1, simulating beta 0.6
[MPI 3/9] Map 4, rank 23, beam 1, simulating beta 0.4
[MPI 0/9] Map 4, rank 23, beam 1, simulating beta 0.1
[MPI 2/9] Map 4, rank 23, beam 1, simulating beta 0.3
[MPI 1/9] Map 4, rank 23, beam 1, simulating beta 0.2
[MPI 4/9] Map 4, rank 23, beam 1, simulating beta 0.5
[MPI 8/9] Map 4, rank 23, beam 2, simulating beta 0.9
[MPI 7/9] Map 4, rank 23, beam 2, simulating beta 0.8
[MPI 6/9] Map 4, rank 23, beam 2, simulating beta 0.7
[MPI 5/9] Map 4, rank 23, beam 2, simulating beta 0.6
[MPI 3/9] Map 4, rank 23, beam 2, simulating beta 0.4
[MPI 1/9] Map 4, rank 23, beam 2, simulating beta 0.2
[MPI 0/9] Map 4, rank 23, beam 2, simulating beta 0.1
[MPI 2/9] Map 4, rank 23, beam 2, simulating beta 0.3
[MPI 4/9] Map 4, rank 23, beam 2, simulating beta 0.5
Map 4, rank 23: best beta=0.1, parent beam=1, weighted RMSE 13.6369 -> 13.5344, beam size=3, recorded samples=3
[MPI 7/9] Map 4, rank 24, beam 0, simulating beta 0.8
[MPI 1/9] Map 4, rank 24, beam 0, simulating beta 0.2
[MPI 3/9] Map 4, rank 24, beam 0, simulating beta 0.4
[MPI 6/9] Map 4, rank 24, beam 0, simulating beta 0.7
[MPI 5/9] Map 4, rank 24, beam 0, simulating beta 0.6
[MPI 8/9] Map 4, rank 24, beam 0, simulating beta 0.9
[MPI 2/9] Map 4, rank 24, beam 0, simulating beta 0.3
[MPI 4/9] Map 4, rank 24, beam 0, simulating beta 0.5
[MPI 0/9] Map 4, rank 24, beam 0, simulating beta 0.1
[MPI 3/9] Map 4, rank 24, beam 1, simulating beta 0.4
[MPI 6/9] Map 4, rank 24, beam 1, simulating beta 0.7
[MPI 8/9] Map 4, rank 24, beam 1, simulating beta 0.9
[MPI 4/9] Map 4, rank 24, beam 1, simulating beta 0.5
[MPI 7/9] Map 4, rank 24, beam 1, simulating beta 0.8
[MPI 0/9] Map 4, rank 24, beam 1, simulating beta 0.1
[MPI 1/9] Map 4, rank 24, beam 1, simulating beta 0.2
[MPI 2/9] Map 4, rank 24, beam 1, simulating beta 0.3
[MPI 5/9] Map 4, rank 24, beam 1, simulating beta 0.6
[MPI 3/9] Map 4, rank 24, beam 2, simulating beta 0.4
[MPI 6/9] Map 4, rank 24, beam 2, simulating beta 0.7
[MPI 8/9] Map 4, rank 24, beam 2, simulating beta 0.9
[MPI 4/9] Map 4, rank 24, beam 2, simulating beta 0.5
[MPI 7/9] Map 4, rank 24, beam 2, simulating beta 0.8
[MPI 2/9] Map 4, rank 24, beam 2, simulating beta 0.3
[MPI 5/9] Map 4, rank 24, beam 2, simulating beta 0.6
[MPI 0/9] Map 4, rank 24, beam 2, simulating beta 0.1
[MPI 1/9] Map 4, rank 24, beam 2, simulating beta 0.2
Map 4, rank 24: best beta=0.1, parent beam=0, weighted RMSE 13.5344 -> 13.5057, beam size=3, recorded samples=3
[MPI 6/9] Map 4, rank 25, beam 0, simulating beta 0.7
[MPI 1/9] Map 4, rank 25, beam 0, simulating beta 0.2
[MPI 8/9] Map 4, rank 25, beam 0, simulating beta 0.9
[MPI 2/9] Map 4, rank 25, beam 0, simulating beta 0.3
[MPI 3/9] Map 4, rank 25, beam 0, simulating beta 0.4
[MPI 4/9] Map 4, rank 25, beam 0, simulating beta 0.5
[MPI 5/9] Map 4, rank 25, beam 0, simulating beta 0.6
[MPI 7/9] Map 4, rank 25, beam 0, simulating beta 0.8
[MPI 0/9] Map 4, rank 25, beam 0, simulating beta 0.1
[MPI 3/9] Map 4, rank 25, beam 1, simulating beta 0.4
[MPI 8/9] Map 4, rank 25, beam 1, simulating beta 0.9
[MPI 6/9] Map 4, rank 25, beam 1, simulating beta 0.7
[MPI 2/9] Map 4, rank 25, beam 1, simulating beta 0.3
[MPI 4/9] Map 4, rank 25, beam 1, simulating beta 0.5
[MPI 0/9] Map 4, rank 25, beam 1, simulating beta 0.1
[MPI 1/9] Map 4, rank 25, beam 1, simulating beta 0.2
[MPI 5/9] Map 4, rank 25, beam 1, simulating beta 0.6
[MPI 7/9] Map 4, rank 25, beam 1, simulating beta 0.8
[MPI 3/9] Map 4, rank 25, beam 2, simulating beta 0.4
[MPI 8/9] Map 4, rank 25, beam 2, simulating beta 0.9
[MPI 6/9] Map 4, rank 25, beam 2, simulating beta 0.7
[MPI 2/9] Map 4, rank 25, beam 2, simulating beta 0.3
[MPI 4/9] Map 4, rank 25, beam 2, simulating beta 0.5
[MPI 0/9] Map 4, rank 25, beam 2, simulating beta 0.1
[MPI 1/9] Map 4, rank 25, beam 2, simulating beta 0.2
[MPI 5/9] Map 4, rank 25, beam 2, simulating beta 0.6
[MPI 7/9] Map 4, rank 25, beam 2, simulating beta 0.8
Map 4, rank 25: best beta=0.1, parent beam=2, weighted RMSE 13.5030 -> 13.4457, beam size=3, recorded samples=4
[MPI 3/9] Map 4, rank 26, beam 0, simulating beta 0.4
[MPI 6/9] Map 4, rank 26, beam 0, simulating beta 0.7
[MPI 8/9] Map 4, rank 26, beam 0, simulating beta 0.9
[MPI 1/9] Map 4, rank 26, beam 0, simulating beta 0.2
[MPI 7/9] Map 4, rank 26, beam 0, simulating beta 0.8
[MPI 0/9] Map 4, rank 26, beam 0, simulating beta 0.1
[MPI 2/9] Map 4, rank 26, beam 0, simulating beta 0.3
[MPI 4/9] Map 4, rank 26, beam 0, simulating beta 0.5
[MPI 5/9] Map 4, rank 26, beam 0, simulating beta 0.6
[MPI 6/9] Map 4, rank 26, beam 1, simulating beta 0.7
[MPI 3/9] Map 4, rank 26, beam 1, simulating beta 0.4
[MPI 4/9] Map 4, rank 26, beam 1, simulating beta 0.5
[MPI 8/9] Map 4, rank 26, beam 1, simulating beta 0.9
[MPI 7/9] Map 4, rank 26, beam 1, simulating beta 0.8
[MPI 5/9] Map 4, rank 26, beam 1, simulating beta 0.6
[MPI 2/9] Map 4, rank 26, beam 1, simulating beta 0.3
[MPI 0/9] Map 4, rank 26, beam 1, simulating beta 0.1
[MPI 1/9] Map 4, rank 26, beam 1, simulating beta 0.2
[MPI 6/9] Map 4, rank 26, beam 2, simulating beta 0.7
[MPI 8/9] Map 4, rank 26, beam 2, simulating beta 0.9
[MPI 3/9] Map 4, rank 26, beam 2, simulating beta 0.4
[MPI 4/9] Map 4, rank 26, beam 2, simulating beta 0.5
[MPI 7/9] Map 4, rank 26, beam 2, simulating beta 0.8
[MPI 2/9] Map 4, rank 26, beam 2, simulating beta 0.3
[MPI 1/9] Map 4, rank 26, beam 2, simulating beta 0.2
[MPI 0/9] Map 4, rank 26, beam 2, simulating beta 0.1
[MPI 5/9] Map 4, rank 26, beam 2, simulating beta 0.6
Map 4, rank 26: best beta=0.1, parent beam=0, weighted RMSE 13.4457 -> 13.4177, beam size=3, recorded samples=3
[MPI 6/9] Map 4, rank 27, beam 0, simulating beta 0.7
[MPI 5/9] Map 4, rank 27, beam 0, simulating beta 0.6
[MPI 7/9] Map 4, rank 27, beam 0, simulating beta 0.8
[MPI 8/9] Map 4, rank 27, beam 0, simulating beta 0.9
[MPI 1/9] Map 4, rank 27, beam 0, simulating beta 0.2
[MPI 3/9] Map 4, rank 27, beam 0, simulating beta 0.4
[MPI 4/9] Map 4, rank 27, beam 0, simulating beta 0.5
[MPI 2/9] Map 4, rank 27, beam 0, simulating beta 0.3
[MPI 0/9] Map 4, rank 27, beam 0, simulating beta 0.1
[MPI 3/9] Map 4, rank 27, beam 1, simulating beta 0.4
[MPI 6/9] Map 4, rank 27, beam 1, simulating beta 0.7
[MPI 8/9] Map 4, rank 27, beam 1, simulating beta 0.9
[MPI 4/9] Map 4, rank 27, beam 1, simulating beta 0.5
[MPI 5/9] Map 4, rank 27, beam 1, simulating beta 0.6
[MPI 7/9] Map 4, rank 27, beam 1, simulating beta 0.8
[MPI 0/9] Map 4, rank 27, beam 1, simulating beta 0.1
[MPI 2/9] Map 4, rank 27, beam 1, simulating beta 0.3
[MPI 1/9] Map 4, rank 27, beam 1, simulating beta 0.2
[MPI 3/9] Map 4, rank 27, beam 2, simulating beta 0.4
[MPI 6/9] Map 4, rank 27, beam 2, simulating beta 0.7
[MPI 8/9] Map 4, rank 27, beam 2, simulating beta 0.9
[MPI 4/9] Map 4, rank 27, beam 2, simulating beta 0.5
[MPI 7/9] Map 4, rank 27, beam 2, simulating beta 0.8
[MPI 0/9] Map 4, rank 27, beam 2, simulating beta 0.1
[MPI 5/9] Map 4, rank 27, beam 2, simulating beta 0.6
[MPI 2/9] Map 4, rank 27, beam 2, simulating beta 0.3
[MPI 1/9] Map 4, rank 27, beam 2, simulating beta 0.2
Map 4, rank 27: best beta=0.1, parent beam=0, weighted RMSE 13.4177 -> 13.4121, beam size=3, recorded samples=3
[MPI 1/9] Map 4, rank 28, beam 0, simulating beta 0.2
[MPI 3/9] Map 4, rank 28, beam 0, simulating beta 0.4
[MPI 6/9] Map 4, rank 28, beam 0, simulating beta 0.7
[MPI 8/9] Map 4, rank 28, beam 0, simulating beta 0.9
[MPI 5/9] Map 4, rank 28, beam 0, simulating beta 0.6
[MPI 7/9] Map 4, rank 28, beam 0, simulating beta 0.8
[MPI 2/9] Map 4, rank 28, beam 0, simulating beta 0.3
[MPI 4/9] Map 4, rank 28, beam 0, simulating beta 0.5
[MPI 0/9] Map 4, rank 28, beam 0, simulating beta 0.1
[MPI 3/9] Map 4, rank 28, beam 1, simulating beta 0.4
[MPI 6/9] Map 4, rank 28, beam 1, simulating beta 0.7
[MPI 8/9] Map 4, rank 28, beam 1, simulating beta 0.9
[MPI 4/9] Map 4, rank 28, beam 1, simulating beta 0.5
[MPI 7/9] Map 4, rank 28, beam 1, simulating beta 0.8
[MPI 5/9] Map 4, rank 28, beam 1, simulating beta 0.6
[MPI 2/9] Map 4, rank 28, beam 1, simulating beta 0.3
[MPI 0/9] Map 4, rank 28, beam 1, simulating beta 0.1
[MPI 1/9] Map 4, rank 28, beam 1, simulating beta 0.2
[MPI 3/9] Map 4, rank 28, beam 2, simulating beta 0.4
[MPI 6/9] Map 4, rank 28, beam 2, simulating beta 0.7
[MPI 8/9] Map 4, rank 28, beam 2, simulating beta 0.9
[MPI 4/9] Map 4, rank 28, beam 2, simulating beta 0.5
[MPI 7/9] Map 4, rank 28, beam 2, simulating beta 0.8
[MPI 5/9] Map 4, rank 28, beam 2, simulating beta 0.6
[MPI 0/9] Map 4, rank 28, beam 2, simulating beta 0.1
[MPI 1/9] Map 4, rank 28, beam 2, simulating beta 0.2
[MPI 2/9] Map 4, rank 28, beam 2, simulating beta 0.3
Map 4, rank 28: best beta=0.2, parent beam=0, weighted RMSE 13.4121 -> 13.3920, beam size=3, recorded samples=3
[MPI 0/9] Map 4, rank 29, beam 0, simulating beta 0.1
[MPI 1/9] Map 4, rank 29, beam 0, simulating beta 0.2
[MPI 3/9] Map 4, rank 29, beam 0, simulating beta 0.4
[MPI 6/9] Map 4, rank 29, beam 0, simulating beta 0.7
[MPI 8/9] Map 4, rank 29, beam 0, simulating beta 0.9
[MPI 4/9] Map 4, rank 29, beam 0, simulating beta 0.5
[MPI 5/9] Map 4, rank 29, beam 0, simulating beta 0.6
[MPI 7/9] Map 4, rank 29, beam 0, simulating beta 0.8
[MPI 2/9] Map 4, rank 29, beam 0, simulating beta 0.3
[MPI 6/9] Map 4, rank 29, beam 1, simulating beta 0.7
[MPI 8/9] Map 4, rank 29, beam 1, simulating beta 0.9
[MPI 3/9] Map 4, rank 29, beam 1, simulating beta 0.4
[MPI 4/9] Map 4, rank 29, beam 1, simulating beta 0.5
[MPI 7/9] Map 4, rank 29, beam 1, simulating beta 0.8
[MPI 5/9] Map 4, rank 29, beam 1, simulating beta 0.6
[MPI 0/9] Map 4, rank 29, beam 1, simulating beta 0.1
[MPI 1/9] Map 4, rank 29, beam 1, simulating beta 0.2
[MPI 2/9] Map 4, rank 29, beam 1, simulating beta 0.3
[MPI 8/9] Map 4, rank 29, beam 2, simulating beta 0.9
[MPI 6/9] Map 4, rank 29, beam 2, simulating beta 0.7
[MPI 3/9] Map 4, rank 29, beam 2, simulating beta 0.4
[MPI 4/9] Map 4, rank 29, beam 2, simulating beta 0.5
[MPI 7/9] Map 4, rank 29, beam 2, simulating beta 0.8
[MPI 5/9] Map 4, rank 29, beam 2, simulating beta 0.6
[MPI 2/9] Map 4, rank 29, beam 2, simulating beta 0.3
[MPI 0/9] Map 4, rank 29, beam 2, simulating beta 0.1
[MPI 1/9] Map 4, rank 29, beam 2, simulating beta 0.2
Map 4, rank 29: best beta=0.1, parent beam=0, weighted RMSE 13.3920 -> 13.3857, beam size=3, recorded samples=3
[MPI 6/9] Map 4, rank 30, beam 0, simulating beta 0.7
[MPI 1/9] Map 4, rank 30, beam 0, simulating beta 0.2
[MPI 3/9] Map 4, rank 30, beam 0, simulating beta 0.4
[MPI 7/9] Map 4, rank 30, beam 0, simulating beta 0.8
[MPI 8/9] Map 4, rank 30, beam 0, simulating beta 0.9
[MPI 2/9] Map 4, rank 30, beam 0, simulating beta 0.3
[MPI 4/9] Map 4, rank 30, beam 0, simulating beta 0.5
[MPI 5/9] Map 4, rank 30, beam 0, simulating beta 0.6
[MPI 0/9] Map 4, rank 30, beam 0, simulating beta 0.1
[MPI 6/9] Map 4, rank 30, beam 1, simulating beta 0.7
[MPI 3/9] Map 4, rank 30, beam 1, simulating beta 0.4
[MPI 8/9] Map 4, rank 30, beam 1, simulating beta 0.9
[MPI 4/9] Map 4, rank 30, beam 1, simulating beta 0.5
[MPI 0/9] Map 4, rank 30, beam 1, simulating beta 0.1
[MPI 5/9] Map 4, rank 30, beam 1, simulating beta 0.6
[MPI 1/9] Map 4, rank 30, beam 1, simulating beta 0.2
[MPI 2/9] Map 4, rank 30, beam 1, simulating beta 0.3
[MPI 7/9] Map 4, rank 30, beam 1, simulating beta 0.8
[MPI 6/9] Map 4, rank 30, beam 2, simulating beta 0.7
[MPI 3/9] Map 4, rank 30, beam 2, simulating beta 0.4
[MPI 8/9] Map 4, rank 30, beam 2, simulating beta 0.9
[MPI 4/9] Map 4, rank 30, beam 2, simulating beta 0.5
[MPI 0/9] Map 4, rank 30, beam 2, simulating beta 0.1
[MPI 5/9] Map 4, rank 30, beam 2, simulating beta 0.6
[MPI 7/9] Map 4, rank 30, beam 2, simulating beta 0.8
[MPI 2/9] Map 4, rank 30, beam 2, simulating beta 0.3
[MPI 1/9] Map 4, rank 30, beam 2, simulating beta 0.2
Map 4, rank 30: best beta=0.1, parent beam=0, weighted RMSE 13.3857 -> 13.3594, beam size=3, recorded samples=3
[MPI 8/9] Map 4, rank 31, beam 0, simulating beta 0.9
[MPI 3/9] Map 4, rank 31, beam 0, simulating beta 0.4
[MPI 6/9] Map 4, rank 31, beam 0, simulating beta 0.7
[MPI 1/9] Map 4, rank 31, beam 0, simulating beta 0.2
[MPI 5/9] Map 4, rank 31, beam 0, simulating beta 0.6
[MPI 7/9] Map 4, rank 31, beam 0, simulating beta 0.8
[MPI 2/9] Map 4, rank 31, beam 0, simulating beta 0.3
[MPI 4/9] Map 4, rank 31, beam 0, simulating beta 0.5
[MPI 0/9] Map 4, rank 31, beam 0, simulating beta 0.1
[MPI 3/9] Map 4, rank 31, beam 1, simulating beta 0.4
[MPI 8/9] Map 4, rank 31, beam 1, simulating beta 0.9
[MPI 6/9] Map 4, rank 31, beam 1, simulating beta 0.7
[MPI 4/9] Map 4, rank 31, beam 1, simulating beta 0.5
[MPI 7/9] Map 4, rank 31, beam 1, simulating beta 0.8
[MPI 0/9] Map 4, rank 31, beam 1, simulating beta 0.1
[MPI 1/9] Map 4, rank 31, beam 1, simulating beta 0.2
[MPI 5/9] Map 4, rank 31, beam 1, simulating beta 0.6
[MPI 2/9] Map 4, rank 31, beam 1, simulating beta 0.3
[MPI 3/9] Map 4, rank 31, beam 2, simulating beta 0.4
[MPI 8/9] Map 4, rank 31, beam 2, simulating beta 0.9
[MPI 6/9] Map 4, rank 31, beam 2, simulating beta 0.7
[MPI 4/9] Map 4, rank 31, beam 2, simulating beta 0.5
[MPI 7/9] Map 4, rank 31, beam 2, simulating beta 0.8
[MPI 5/9] Map 4, rank 31, beam 2, simulating beta 0.6
[MPI 1/9] Map 4, rank 31, beam 2, simulating beta 0.2
[MPI 0/9] Map 4, rank 31, beam 2, simulating beta 0.1
[MPI 2/9] Map 4, rank 31, beam 2, simulating beta 0.3
Map 4, rank 31: best beta=0.1, parent beam=0, weighted RMSE 13.3594 -> 12.6929, beam size=3, recorded samples=3
[MPI 6/9] Map 4, rank 32, beam 0, simulating beta 0.7
[MPI 1/9] Map 4, rank 32, beam 0, simulating beta 0.2
[MPI 3/9] Map 4, rank 32, beam 0, simulating beta 0.4
[MPI 7/9] Map 4, rank 32, beam 0, simulating beta 0.8
[MPI 4/9] Map 4, rank 32, beam 0, simulating beta 0.5
[MPI 5/9] Map 4, rank 32, beam 0, simulating beta 0.6
[MPI 8/9] Map 4, rank 32, beam 0, simulating beta 0.9
[MPI 0/9] Map 4, rank 32, beam 0, simulating beta 0.1
[MPI 2/9] Map 4, rank 32, beam 0, simulating beta 0.3
[MPI 6/9] Map 4, rank 32, beam 1, simulating beta 0.7
[MPI 8/9] Map 4, rank 32, beam 1, simulating beta 0.9
[MPI 3/9] Map 4, rank 32, beam 1, simulating beta 0.4
[MPI 7/9] Map 4, rank 32, beam 1, simulating beta 0.8
[MPI 4/9] Map 4, rank 32, beam 1, simulating beta 0.5
[MPI 5/9] Map 4, rank 32, beam 1, simulating beta 0.6
[MPI 0/9] Map 4, rank 32, beam 1, simulating beta 0.1
[MPI 1/9] Map 4, rank 32, beam 1, simulating beta 0.2
[MPI 2/9] Map 4, rank 32, beam 1, simulating beta 0.3
[MPI 6/9] Map 4, rank 32, beam 2, simulating beta 0.7
[MPI 8/9] Map 4, rank 32, beam 2, simulating beta 0.9
[MPI 3/9] Map 4, rank 32, beam 2, simulating beta 0.4
[MPI 7/9] Map 4, rank 32, beam 2, simulating beta 0.8
[MPI 4/9] Map 4, rank 32, beam 2, simulating beta 0.5
[MPI 5/9] Map 4, rank 32, beam 2, simulating beta 0.6
[MPI 1/9] Map 4, rank 32, beam 2, simulating beta 0.2
[MPI 0/9] Map 4, rank 32, beam 2, simulating beta 0.1
[MPI 2/9] Map 4, rank 32, beam 2, simulating beta 0.3
Map 4, rank 32: best beta=0.1, parent beam=0, weighted RMSE 12.6929 -> 12.0428, beam size=3, recorded samples=3
[MPI 1/9] Map 4, rank 33, beam 0, simulating beta 0.2
[MPI 3/9] Map 4, rank 33, beam 0, simulating beta 0.4
[MPI 6/9] Map 4, rank 33, beam 0, simulating beta 0.7
[MPI 5/9] Map 4, rank 33, beam 0, simulating beta 0.6
[MPI 0/9] Map 4, rank 33, beam 0, simulating beta 0.1
[MPI 2/9] Map 4, rank 33, beam 0, simulating beta 0.3
[MPI 4/9] Map 4, rank 33, beam 0, simulating beta 0.5
[MPI 7/9] Map 4, rank 33, beam 0, simulating beta 0.8
[MPI 8/9] Map 4, rank 33, beam 0, simulating beta 0.9
[MPI 3/9] Map 4, rank 33, beam 1, simulating beta 0.4
[MPI 6/9] Map 4, rank 33, beam 1, simulating beta 0.7
[MPI 8/9] Map 4, rank 33, beam 1, simulating beta 0.9
[MPI 4/9] Map 4, rank 33, beam 1, simulating beta 0.5
[MPI 0/9] Map 4, rank 33, beam 1, simulating beta 0.1
[MPI 7/9] Map 4, rank 33, beam 1, simulating beta 0.8
[MPI 1/9] Map 4, rank 33, beam 1, simulating beta 0.2
[MPI 2/9] Map 4, rank 33, beam 1, simulating beta 0.3
[MPI 5/9] Map 4, rank 33, beam 1, simulating beta 0.6
[MPI 3/9] Map 4, rank 33, beam 2, simulating beta 0.4
[MPI 6/9] Map 4, rank 33, beam 2, simulating beta 0.7
[MPI 8/9] Map 4, rank 33, beam 2, simulating beta 0.9
[MPI 4/9] Map 4, rank 33, beam 2, simulating beta 0.5
[MPI 7/9] Map 4, rank 33, beam 2, simulating beta 0.8
[MPI 5/9] Map 4, rank 33, beam 2, simulating beta 0.6
[MPI 0/9] Map 4, rank 33, beam 2, simulating beta 0.1
[MPI 1/9] Map 4, rank 33, beam 2, simulating beta 0.2
[MPI 2/9] Map 4, rank 33, beam 2, simulating beta 0.3
Map 4, rank 33: best beta=0.1, parent beam=0, weighted RMSE 12.0428 -> 11.3827, beam size=3, recorded samples=3
[MPI 6/9] Map 4, rank 34, beam 0, simulating beta 0.7
[MPI 7/9] Map 4, rank 34, beam 0, simulating beta 0.8
[MPI 1/9] Map 4, rank 34, beam 0, simulating beta 0.2
[MPI 3/9] Map 4, rank 34, beam 0, simulating beta 0.4
[MPI 5/9] Map 4, rank 34, beam 0, simulating beta 0.6
[MPI 2/9] Map 4, rank 34, beam 0, simulating beta 0.3
[MPI 4/9] Map 4, rank 34, beam 0, simulating beta 0.5
[MPI 8/9] Map 4, rank 34, beam 0, simulating beta 0.9
[MPI 0/9] Map 4, rank 34, beam 0, simulating beta 0.1
[MPI 0/9] Map 4, rank 34, beam 1, simulating beta 0.1
[MPI 6/9] Map 4, rank 34, beam 1, simulating beta 0.7
[MPI 1/9] Map 4, rank 34, beam 1, simulating beta 0.2
[MPI 8/9] Map 4, rank 34, beam 1, simulating beta 0.9
[MPI 2/9] Map 4, rank 34, beam 1, simulating beta 0.3
[MPI 3/9] Map 4, rank 34, beam 1, simulating beta 0.4
[MPI 4/9] Map 4, rank 34, beam 1, simulating beta 0.5
[MPI 7/9] Map 4, rank 34, beam 1, simulating beta 0.8
[MPI 5/9] Map 4, rank 34, beam 1, simulating beta 0.6
[MPI 6/9] Map 4, rank 34, beam 2, simulating beta 0.7
[MPI 0/9] Map 4, rank 34, beam 2, simulating beta 0.1
[MPI 8/9] Map 4, rank 34, beam 2, simulating beta 0.9
[MPI 1/9] Map 4, rank 34, beam 2, simulating beta 0.2
[MPI 3/9] Map 4, rank 34, beam 2, simulating beta 0.4
[MPI 2/9] Map 4, rank 34, beam 2, simulating beta 0.3
[MPI 4/9] Map 4, rank 34, beam 2, simulating beta 0.5
[MPI 5/9] Map 4, rank 34, beam 2, simulating beta 0.6
[MPI 7/9] Map 4, rank 34, beam 2, simulating beta 0.8
Map 4, rank 34: best beta=0.6, parent beam=0, weighted RMSE 11.3827 -> 11.2498, beam size=3, recorded samples=7
[MPI 6/9] Map 4, rank 35, beam 0, simulating beta 0.7
[MPI 1/9] Map 4, rank 35, beam 0, simulating beta 0.2
[MPI 3/9] Map 4, rank 35, beam 0, simulating beta 0.4
[MPI 5/9] Map 4, rank 35, beam 0, simulating beta 0.6
[MPI 7/9] Map 4, rank 35, beam 0, simulating beta 0.8
[MPI 8/9] Map 4, rank 35, beam 0, simulating beta 0.9
[MPI 0/9] Map 4, rank 35, beam 0, simulating beta 0.1
[MPI 2/9] Map 4, rank 35, beam 0, simulating beta 0.3
[MPI 4/9] Map 4, rank 35, beam 0, simulating beta 0.5
[MPI 6/9] Map 4, rank 35, beam 1, simulating beta 0.7
[MPI 8/9] Map 4, rank 35, beam 1, simulating beta 0.9
[MPI 1/9] Map 4, rank 35, beam 1, simulating beta 0.2
[MPI 3/9] Map 4, rank 35, beam 1, simulating beta 0.4
[MPI 2/9] Map 4, rank 35, beam 1, simulating beta 0.3
[MPI 0/9] Map 4, rank 35, beam 1, simulating beta 0.1
[MPI 4/9] Map 4, rank 35, beam 1, simulating beta 0.5
[MPI 5/9] Map 4, rank 35, beam 1, simulating beta 0.6
[MPI 7/9] Map 4, rank 35, beam 1, simulating beta 0.8
[MPI 6/9] Map 4, rank 35, beam 2, simulating beta 0.7
[MPI 8/9] Map 4, rank 35, beam 2, simulating beta 0.9
[MPI 1/9] Map 4, rank 35, beam 2, simulating beta 0.2
[MPI 2/9] Map 4, rank 35, beam 2, simulating beta 0.3
[MPI 3/9] Map 4, rank 35, beam 2, simulating beta 0.4
[MPI 0/9] Map 4, rank 35, beam 2, simulating beta 0.1
[MPI 4/9] Map 4, rank 35, beam 2, simulating beta 0.5
[MPI 5/9] Map 4, rank 35, beam 2, simulating beta 0.6
[MPI 7/9] Map 4, rank 35, beam 2, simulating beta 0.8
Map 4, rank 35: best beta=0.1, parent beam=2, weighted RMSE 11.2505 -> 11.1781, beam size=3, recorded samples=3
[MPI 6/9] Map 4, rank 36, beam 0, simulating beta 0.7
[MPI 8/9] Map 4, rank 36, beam 0, simulating beta 0.9
[MPI 3/9] Map 4, rank 36, beam 0, simulating beta 0.4
[MPI 7/9] Map 4, rank 36, beam 0, simulating beta 0.8
[MPI 1/9] Map 4, rank 36, beam 0, simulating beta 0.2
[MPI 5/9] Map 4, rank 36, beam 0, simulating beta 0.6
[MPI 0/9] Map 4, rank 36, beam 0, simulating beta 0.1
[MPI 2/9] Map 4, rank 36, beam 0, simulating beta 0.3
[MPI 4/9] Map 4, rank 36, beam 0, simulating beta 0.5
[MPI 6/9] Map 4, rank 36, beam 1, simulating beta 0.7
[MPI 3/9] Map 4, rank 36, beam 1, simulating beta 0.4
[MPI 8/9] Map 4, rank 36, beam 1, simulating beta 0.9
[MPI 0/9] Map 4, rank 36, beam 1, simulating beta 0.1
[MPI 2/9] Map 4, rank 36, beam 1, simulating beta 0.3
[MPI 1/9] Map 4, rank 36, beam 1, simulating beta 0.2
[MPI 4/9] Map 4, rank 36, beam 1, simulating beta 0.5
[MPI 5/9] Map 4, rank 36, beam 1, simulating beta 0.6
[MPI 7/9] Map 4, rank 36, beam 1, simulating beta 0.8
[MPI 6/9] Map 4, rank 36, beam 2, simulating beta 0.7
[MPI 8/9] Map 4, rank 36, beam 2, simulating beta 0.9
[MPI 3/9] Map 4, rank 36, beam 2, simulating beta 0.4
[MPI 0/9] Map 4, rank 36, beam 2, simulating beta 0.1
[MPI 2/9] Map 4, rank 36, beam 2, simulating beta 0.3
[MPI 1/9] Map 4, rank 36, beam 2, simulating beta 0.2
[MPI 4/9] Map 4, rank 36, beam 2, simulating beta 0.5
[MPI 5/9] Map 4, rank 36, beam 2, simulating beta 0.6
[MPI 7/9] Map 4, rank 36, beam 2, simulating beta 0.8
Map 4, rank 36: best beta=0.1, parent beam=0, weighted RMSE 11.1781 -> 11.1694, beam size=3, recorded samples=3
[MPI 6/9] Map 4, rank 37, beam 0, simulating beta 0.7
[MPI 7/9] Map 4, rank 37, beam 0, simulating beta 0.8
[MPI 1/9] Map 4, rank 37, beam 0, simulating beta 0.2
[MPI 3/9] Map 4, rank 37, beam 0, simulating beta 0.4
[MPI 8/9] Map 4, rank 37, beam 0, simulating beta 0.9
[MPI 5/9] Map 4, rank 37, beam 0, simulating beta 0.6
[MPI 2/9] Map 4, rank 37, beam 0, simulating beta 0.3
[MPI 4/9] Map 4, rank 37, beam 0, simulating beta 0.5
[MPI 0/9] Map 4, rank 37, beam 0, simulating beta 0.1
[MPI 8/9] Map 4, rank 37, beam 1, simulating beta 0.9
[MPI 6/9] Map 4, rank 37, beam 1, simulating beta 0.7
[MPI 0/9] Map 4, rank 37, beam 1, simulating beta 0.1
[MPI 3/9] Map 4, rank 37, beam 1, simulating beta 0.4
[MPI 2/9] Map 4, rank 37, beam 1, simulating beta 0.3
[MPI 4/9] Map 4, rank 37, beam 1, simulating beta 0.5
[MPI 1/9] Map 4, rank 37, beam 1, simulating beta 0.2
[MPI 5/9] Map 4, rank 37, beam 1, simulating beta 0.6
[MPI 7/9] Map 4, rank 37, beam 1, simulating beta 0.8
[MPI 8/9] Map 4, rank 37, beam 2, simulating beta 0.9
[MPI 6/9] Map 4, rank 37, beam 2, simulating beta 0.7
[MPI 3/9] Map 4, rank 37, beam 2, simulating beta 0.4
[MPI 4/9] Map 4, rank 37, beam 2, simulating beta 0.5
[MPI 2/9] Map 4, rank 37, beam 2, simulating beta 0.3
[MPI 0/9] Map 4, rank 37, beam 2, simulating beta 0.1
[MPI 1/9] Map 4, rank 37, beam 2, simulating beta 0.2
[MPI 7/9] Map 4, rank 37, beam 2, simulating beta 0.8
[MPI 5/9] Map 4, rank 37, beam 2, simulating beta 0.6
Map 4, rank 37: best beta=0.1, parent beam=2, weighted RMSE 11.1784 -> 11.1400, beam size=3, recorded samples=3
[MPI 6/9] Map 4, rank 38, beam 0, simulating beta 0.7
[MPI 2/9] Map 4, rank 38, beam 0, simulating beta 0.3
[MPI 7/9] Map 4, rank 38, beam 0, simulating beta 0.8
[MPI 3/9] Map 4, rank 38, beam 0, simulating beta 0.4
[MPI 8/9] Map 4, rank 38, beam 0, simulating beta 0.9
[MPI 0/9] Map 4, rank 38, beam 0, simulating beta 0.1
[MPI 1/9] Map 4, rank 38, beam 0, simulating beta 0.2
[MPI 4/9] Map 4, rank 38, beam 0, simulating beta 0.5
[MPI 5/9] Map 4, rank 38, beam 0, simulating beta 0.6
[MPI 6/9] Map 4, rank 38, beam 1, simulating beta 0.7
[MPI 3/9] Map 4, rank 38, beam 1, simulating beta 0.4
[MPI 8/9] Map 4, rank 38, beam 1, simulating beta 0.9
[MPI 2/9] Map 4, rank 38, beam 1, simulating beta 0.3
[MPI 0/9] Map 4, rank 38, beam 1, simulating beta 0.1
[MPI 1/9] Map 4, rank 38, beam 1, simulating beta 0.2
[MPI 4/9] Map 4, rank 38, beam 1, simulating beta 0.5
[MPI 5/9] Map 4, rank 38, beam 1, simulating beta 0.6
[MPI 7/9] Map 4, rank 38, beam 1, simulating beta 0.8
[MPI 6/9] Map 4, rank 38, beam 2, simulating beta 0.7
[MPI 3/9] Map 4, rank 38, beam 2, simulating beta 0.4
[MPI 8/9] Map 4, rank 38, beam 2, simulating beta 0.9
[MPI 2/9] Map 4, rank 38, beam 2, simulating beta 0.3
[MPI 1/9] Map 4, rank 38, beam 2, simulating beta 0.2
[MPI 4/9] Map 4, rank 38, beam 2, simulating beta 0.5
[MPI 0/9] Map 4, rank 38, beam 2, simulating beta 0.1
[MPI 5/9] Map 4, rank 38, beam 2, simulating beta 0.6
[MPI 7/9] Map 4, rank 38, beam 2, simulating beta 0.8
Map 4, rank 38: best beta=0.1, parent beam=0, weighted RMSE 11.1400 -> 11.1121, beam size=3, recorded samples=8
[MPI 6/9] Map 4, rank 39, beam 0, simulating beta 0.7
[MPI 3/9] Map 4, rank 39, beam 0, simulating beta 0.4
[MPI 7/9] Map 4, rank 39, beam 0, simulating beta 0.8
[MPI 8/9] Map 4, rank 39, beam 0, simulating beta 0.9
[MPI 1/9] Map 4, rank 39, beam 0, simulating beta 0.2
[MPI 4/9] Map 4, rank 39, beam 0, simulating beta 0.5
[MPI 5/9] Map 4, rank 39, beam 0, simulating beta 0.6
[MPI 0/9] Map 4, rank 39, beam 0, simulating beta 0.1
[MPI 2/9] Map 4, rank 39, beam 0, simulating beta 0.3
[MPI 3/9] Map 4, rank 39, beam 1, simulating beta 0.4
[MPI 8/9] Map 4, rank 39, beam 1, simulating beta 0.9
[MPI 6/9] Map 4, rank 39, beam 1, simulating beta 0.7
[MPI 4/9] Map 4, rank 39, beam 1, simulating beta 0.5
[MPI 7/9] Map 4, rank 39, beam 1, simulating beta 0.8
[MPI 0/9] Map 4, rank 39, beam 1, simulating beta 0.1
[MPI 1/9] Map 4, rank 39, beam 1, simulating beta 0.2
[MPI 2/9] Map 4, rank 39, beam 1, simulating beta 0.3
[MPI 5/9] Map 4, rank 39, beam 1, simulating beta 0.6
[MPI 3/9] Map 4, rank 39, beam 2, simulating beta 0.4
[MPI 8/9] Map 4, rank 39, beam 2, simulating beta 0.9
[MPI 6/9] Map 4, rank 39, beam 2, simulating beta 0.7
[MPI 1/9] Map 4, rank 39, beam 2, simulating beta 0.2
[MPI 2/9] Map 4, rank 39, beam 2, simulating beta 0.3
[MPI 4/9] Map 4, rank 39, beam 2, simulating beta 0.5
[MPI 0/9] Map 4, rank 39, beam 2, simulating beta 0.1
[MPI 5/9] Map 4, rank 39, beam 2, simulating beta 0.6
[MPI 7/9] Map 4, rank 39, beam 2, simulating beta 0.8
Map 4, rank 39: best beta=0.1, parent beam=2, weighted RMSE 11.1125 -> 11.0999, beam size=3, recorded samples=3
[MPI 3/9] Map 4, rank 40, beam 0, simulating beta 0.4
[MPI 6/9] Map 4, rank 40, beam 0, simulating beta 0.7
[MPI 8/9] Map 4, rank 40, beam 0, simulating beta 0.9
[MPI 1/9] Map 4, rank 40, beam 0, simulating beta 0.2
[MPI 7/9] Map 4, rank 40, beam 0, simulating beta 0.8
[MPI 4/9] Map 4, rank 40, beam 0, simulating beta 0.5
[MPI 5/9] Map 4, rank 40, beam 0, simulating beta 0.6
[MPI 2/9] Map 4, rank 40, beam 0, simulating beta 0.3
[MPI 0/9] Map 4, rank 40, beam 0, simulating beta 0.1
[MPI 3/9] Map 4, rank 40, beam 1, simulating beta 0.4
[MPI 6/9] Map 4, rank 40, beam 1, simulating beta 0.7
[MPI 4/9] Map 4, rank 40, beam 1, simulating beta 0.5
[MPI 8/9] Map 4, rank 40, beam 1, simulating beta 0.9
[MPI 5/9] Map 4, rank 40, beam 1, simulating beta 0.6
[MPI 0/9] Map 4, rank 40, beam 1, simulating beta 0.1
[MPI 1/9] Map 4, rank 40, beam 1, simulating beta 0.2
[MPI 2/9] Map 4, rank 40, beam 1, simulating beta 0.3
[MPI 7/9] Map 4, rank 40, beam 1, simulating beta 0.8
[MPI 3/9] Map 4, rank 40, beam 2, simulating beta 0.4
[MPI 6/9] Map 4, rank 40, beam 2, simulating beta 0.7
[MPI 8/9] Map 4, rank 40, beam 2, simulating beta 0.9
[MPI 4/9] Map 4, rank 40, beam 2, simulating beta 0.5
[MPI 5/9] Map 4, rank 40, beam 2, simulating beta 0.6
[MPI 7/9] Map 4, rank 40, beam 2, simulating beta 0.8
[MPI 0/9] Map 4, rank 40, beam 2, simulating beta 0.1
[MPI 2/9] Map 4, rank 40, beam 2, simulating beta 0.3
[MPI 1/9] Map 4, rank 40, beam 2, simulating beta 0.2
Map 4, rank 40: best beta=0.1, parent beam=1, weighted RMSE 11.1021 -> 11.0936, beam size=3, recorded samples=3
[MPI 7/9] Map 4, rank 41, beam 0, simulating beta 0.8
[MPI 1/9] Map 4, rank 41, beam 0, simulating beta 0.2
[MPI 6/9] Map 4, rank 41, beam 0, simulating beta 0.7
[MPI 8/9] Map 4, rank 41, beam 0, simulating beta 0.9
[MPI 0/9] Map 4, rank 41, beam 0, simulating beta 0.1
[MPI 3/9] Map 4, rank 41, beam 0, simulating beta 0.4
[MPI 5/9] Map 4, rank 41, beam 0, simulating beta 0.6
[MPI 2/9] Map 4, rank 41, beam 0, simulating beta 0.3
[MPI 4/9] Map 4, rank 41, beam 0, simulating beta 0.5
[MPI 3/9] Map 4, rank 41, beam 1, simulating beta 0.4
[MPI 6/9] Map 4, rank 41, beam 1, simulating beta 0.7
[MPI 8/9] Map 4, rank 41, beam 1, simulating beta 0.9
[MPI 4/9] Map 4, rank 41, beam 1, simulating beta 0.5
[MPI 0/9] Map 4, rank 41, beam 1, simulating beta 0.1
[MPI 1/9] Map 4, rank 41, beam 1, simulating beta 0.2
[MPI 2/9] Map 4, rank 41, beam 1, simulating beta 0.3
[MPI 7/9] Map 4, rank 41, beam 1, simulating beta 0.8
[MPI 5/9] Map 4, rank 41, beam 1, simulating beta 0.6
[MPI 3/9] Map 4, rank 41, beam 2, simulating beta 0.4
[MPI 6/9] Map 4, rank 41, beam 2, simulating beta 0.7
[MPI 8/9] Map 4, rank 41, beam 2, simulating beta 0.9
[MPI 4/9] Map 4, rank 41, beam 2, simulating beta 0.5
[MPI 7/9] Map 4, rank 41, beam 2, simulating beta 0.8
[MPI 5/9] Map 4, rank 41, beam 2, simulating beta 0.6
[MPI 2/9] Map 4, rank 41, beam 2, simulating beta 0.3
[MPI 0/9] Map 4, rank 41, beam 2, simulating beta 0.1
[MPI 1/9] Map 4, rank 41, beam 2, simulating beta 0.2
Map 4, rank 41: best beta=0.1, parent beam=1, weighted RMSE 11.0958 -> 11.0915, beam size=3, recorded samples=3
[MPI 3/9] Map 4, rank 42, beam 0, simulating beta 0.4
[MPI 6/9] Map 4, rank 42, beam 0, simulating beta 0.7
[MPI 1/9] Map 4, rank 42, beam 0, simulating beta 0.2
[MPI 7/9] Map 4, rank 42, beam 0, simulating beta 0.8
[MPI 0/9] Map 4, rank 42, beam 0, simulating beta 0.1
[MPI 2/9] Map 4, rank 42, beam 0, simulating beta 0.3
[MPI 4/9] Map 4, rank 42, beam 0, simulating beta 0.5
[MPI 5/9] Map 4, rank 42, beam 0, simulating beta 0.6
[MPI 8/9] Map 4, rank 42, beam 0, simulating beta 0.9
[MPI 6/9] Map 4, rank 42, beam 1, simulating beta 0.7
[MPI 3/9] Map 4, rank 42, beam 1, simulating beta 0.4
[MPI 8/9] Map 4, rank 42, beam 1, simulating beta 0.9
[MPI 7/9] Map 4, rank 42, beam 1, simulating beta 0.8
[MPI 4/9] Map 4, rank 42, beam 1, simulating beta 0.5
[MPI 5/9] Map 4, rank 42, beam 1, simulating beta 0.6
[MPI 1/9] Map 4, rank 42, beam 1, simulating beta 0.2
[MPI 2/9] Map 4, rank 42, beam 1, simulating beta 0.3
[MPI 0/9] Map 4, rank 42, beam 1, simulating beta 0.1
[MPI 6/9] Map 4, rank 42, beam 2, simulating beta 0.7
[MPI 8/9] Map 4, rank 42, beam 2, simulating beta 0.9
[MPI 7/9] Map 4, rank 42, beam 2, simulating beta 0.8
[MPI 4/9] Map 4, rank 42, beam 2, simulating beta 0.5
[MPI 3/9] Map 4, rank 42, beam 2, simulating beta 0.4
[MPI 5/9] Map 4, rank 42, beam 2, simulating beta 0.6
[MPI 1/9] Map 4, rank 42, beam 2, simulating beta 0.2
[MPI 0/9] Map 4, rank 42, beam 2, simulating beta 0.1
[MPI 2/9] Map 4, rank 42, beam 2, simulating beta 0.3
Map 4, rank 42: best beta=0.1, parent beam=2, weighted RMSE 11.0919 -> 11.0551, beam size=3, recorded samples=3
[MPI 1/9] Map 4, rank 43, beam 0, simulating beta 0.2
[MPI 3/9] Map 4, rank 43, beam 0, simulating beta 0.4
[MPI 6/9] Map 4, rank 43, beam 0, simulating beta 0.7
[MPI 7/9] Map 4, rank 43, beam 0, simulating beta 0.8
[MPI 8/9] Map 4, rank 43, beam 0, simulating beta 0.9
[MPI 2/9] Map 4, rank 43, beam 0, simulating beta 0.3
[MPI 4/9] Map 4, rank 43, beam 0, simulating beta 0.5
[MPI 0/9] Map 4, rank 43, beam 0, simulating beta 0.1
[MPI 5/9] Map 4, rank 43, beam 0, simulating beta 0.6
[MPI 3/9] Map 4, rank 43, beam 1, simulating beta 0.4
[MPI 8/9] Map 4, rank 43, beam 1, simulating beta 0.9
[MPI 6/9] Map 4, rank 43, beam 1, simulating beta 0.7
[MPI 7/9] Map 4, rank 43, beam 1, simulating beta 0.8
[MPI 5/9] Map 4, rank 43, beam 1, simulating beta 0.6
[MPI 4/9] Map 4, rank 43, beam 1, simulating beta 0.5
[MPI 0/9] Map 4, rank 43, beam 1, simulating beta 0.1
[MPI 1/9] Map 4, rank 43, beam 1, simulating beta 0.2
[MPI 2/9] Map 4, rank 43, beam 1, simulating beta 0.3
[MPI 3/9] Map 4, rank 43, beam 2, simulating beta 0.4
[MPI 8/9] Map 4, rank 43, beam 2, simulating beta 0.9
[MPI 6/9] Map 4, rank 43, beam 2, simulating beta 0.7
[MPI 7/9] Map 4, rank 43, beam 2, simulating beta 0.8
[MPI 0/9] Map 4, rank 43, beam 2, simulating beta 0.1
[MPI 4/9] Map 4, rank 43, beam 2, simulating beta 0.5
[MPI 5/9] Map 4, rank 43, beam 2, simulating beta 0.6
[MPI 2/9] Map 4, rank 43, beam 2, simulating beta 0.3
[MPI 1/9] Map 4, rank 43, beam 2, simulating beta 0.2
Map 4, rank 43: best beta=0.1, parent beam=1, weighted RMSE 11.0806 -> 10.9737, beam size=3, recorded samples=3
[MPI 6/9] Map 4, rank 44, beam 0, simulating beta 0.7
[MPI 7/9] Map 4, rank 44, beam 0, simulating beta 0.8
[MPI 1/9] Map 4, rank 44, beam 0, simulating beta 0.2
[MPI 3/9] Map 4, rank 44, beam 0, simulating beta 0.4
[MPI 5/9] Map 4, rank 44, beam 0, simulating beta 0.6
[MPI 8/9] Map 4, rank 44, beam 0, simulating beta 0.9
[MPI 0/9] Map 4, rank 44, beam 0, simulating beta 0.1
[MPI 2/9] Map 4, rank 44, beam 0, simulating beta 0.3
[MPI 4/9] Map 4, rank 44, beam 0, simulating beta 0.5
[MPI 6/9] Map 4, rank 44, beam 1, simulating beta 0.7
[MPI 3/9] Map 4, rank 44, beam 1, simulating beta 0.4
[MPI 8/9] Map 4, rank 44, beam 1, simulating beta 0.9
[MPI 7/9] Map 4, rank 44, beam 1, simulating beta 0.8
[MPI 1/9] Map 4, rank 44, beam 1, simulating beta 0.2
[MPI 4/9] Map 4, rank 44, beam 1, simulating beta 0.5
[MPI 5/9] Map 4, rank 44, beam 1, simulating beta 0.6
[MPI 0/9] Map 4, rank 44, beam 1, simulating beta 0.1
[MPI 2/9] Map 4, rank 44, beam 1, simulating beta 0.3
[MPI 6/9] Map 4, rank 44, beam 2, simulating beta 0.7
[MPI 8/9] Map 4, rank 44, beam 2, simulating beta 0.9
[MPI 3/9] Map 4, rank 44, beam 2, simulating beta 0.4
[MPI 7/9] Map 4, rank 44, beam 2, simulating beta 0.8
[MPI 4/9] Map 4, rank 44, beam 2, simulating beta 0.5
[MPI 0/9] Map 4, rank 44, beam 2, simulating beta 0.1
[MPI 1/9] Map 4, rank 44, beam 2, simulating beta 0.2
[MPI 2/9] Map 4, rank 44, beam 2, simulating beta 0.3
[MPI 5/9] Map 4, rank 44, beam 2, simulating beta 0.6
Map 4, rank 44: best beta=0.1, parent beam=0, weighted RMSE 10.9737 -> 10.2687, beam size=3, recorded samples=3
[MPI 6/9] Map 4, rank 45, beam 0, simulating beta 0.7
[MPI 7/9] Map 4, rank 45, beam 0, simulating beta 0.8
[MPI 1/9] Map 4, rank 45, beam 0, simulating beta 0.2
[MPI 3/9] Map 4, rank 45, beam 0, simulating beta 0.4
[MPI 2/9] Map 4, rank 45, beam 0, simulating beta 0.3
[MPI 4/9] Map 4, rank 45, beam 0, simulating beta 0.5
[MPI 5/9] Map 4, rank 45, beam 0, simulating beta 0.6
[MPI 8/9] Map 4, rank 45, beam 0, simulating beta 0.9
[MPI 0/9] Map 4, rank 45, beam 0, simulating beta 0.1
[MPI 6/9] Map 4, rank 45, beam 1, simulating beta 0.7
[MPI 3/9] Map 4, rank 45, beam 1, simulating beta 0.4
[MPI 7/9] Map 4, rank 45, beam 1, simulating beta 0.8
[MPI 8/9] Map 4, rank 45, beam 1, simulating beta 0.9
[MPI 4/9] Map 4, rank 45, beam 1, simulating beta 0.5
[MPI 2/9] Map 4, rank 45, beam 1, simulating beta 0.3
[MPI 0/9] Map 4, rank 45, beam 1, simulating beta 0.1
[MPI 1/9] Map 4, rank 45, beam 1, simulating beta 0.2
[MPI 5/9] Map 4, rank 45, beam 1, simulating beta 0.6
[MPI 6/9] Map 4, rank 45, beam 2, simulating beta 0.7
[MPI 3/9] Map 4, rank 45, beam 2, simulating beta 0.4
[MPI 8/9] Map 4, rank 45, beam 2, simulating beta 0.9
[MPI 7/9] Map 4, rank 45, beam 2, simulating beta 0.8
[MPI 4/9] Map 4, rank 45, beam 2, simulating beta 0.5
[MPI 5/9] Map 4, rank 45, beam 2, simulating beta 0.6
[MPI 0/9] Map 4, rank 45, beam 2, simulating beta 0.1
[MPI 2/9] Map 4, rank 45, beam 2, simulating beta 0.3
[MPI 1/9] Map 4, rank 45, beam 2, simulating beta 0.2
Map 4, rank 45: best beta=0.1, parent beam=0, weighted RMSE 10.2687 -> 9.9849, beam size=3, recorded samples=3
[MPI 6/9] Map 4, rank 46, beam 0, simulating beta 0.7
[MPI 7/9] Map 4, rank 46, beam 0, simulating beta 0.8
[MPI 1/9] Map 4, rank 46, beam 0, simulating beta 0.2
[MPI 2/9] Map 4, rank 46, beam 0, simulating beta 0.3
[MPI 3/9] Map 4, rank 46, beam 0, simulating beta 0.4
[MPI 5/9] Map 4, rank 46, beam 0, simulating beta 0.6
[MPI 8/9] Map 4, rank 46, beam 0, simulating beta 0.9
[MPI 4/9] Map 4, rank 46, beam 0, simulating beta 0.5
[MPI 0/9] Map 4, rank 46, beam 0, simulating beta 0.1
[MPI 8/9] Map 4, rank 46, beam 1, simulating beta 0.9
[MPI 6/9] Map 4, rank 46, beam 1, simulating beta 0.7
[MPI 3/9] Map 4, rank 46, beam 1, simulating beta 0.4
[MPI 7/9] Map 4, rank 46, beam 1, simulating beta 0.8
[MPI 4/9] Map 4, rank 46, beam 1, simulating beta 0.5
[MPI 1/9] Map 4, rank 46, beam 1, simulating beta 0.2
[MPI 2/9] Map 4, rank 46, beam 1, simulating beta 0.3
[MPI 0/9] Map 4, rank 46, beam 1, simulating beta 0.1
[MPI 5/9] Map 4, rank 46, beam 1, simulating beta 0.6
[MPI 8/9] Map 4, rank 46, beam 2, simulating beta 0.9
[MPI 6/9] Map 4, rank 46, beam 2, simulating beta 0.7
[MPI 7/9] Map 4, rank 46, beam 2, simulating beta 0.8
[MPI 3/9] Map 4, rank 46, beam 2, simulating beta 0.4
[MPI 4/9] Map 4, rank 46, beam 2, simulating beta 0.5
[MPI 5/9] Map 4, rank 46, beam 2, simulating beta 0.6
[MPI 2/9] Map 4, rank 46, beam 2, simulating beta 0.3
[MPI 0/9] Map 4, rank 46, beam 2, simulating beta 0.1
[MPI 1/9] Map 4, rank 46, beam 2, simulating beta 0.2
Map 4, rank 46: best beta=0.3, parent beam=0, weighted RMSE 9.9849 -> 9.7737, beam size=3, recorded samples=3
[MPI 7/9] Map 4, rank 47, beam 0, simulating beta 0.8
[MPI 1/9] Map 4, rank 47, beam 0, simulating beta 0.2
[MPI 3/9] Map 4, rank 47, beam 0, simulating beta 0.4
[MPI 5/9] Map 4, rank 47, beam 0, simulating beta 0.6
[MPI 6/9] Map 4, rank 47, beam 0, simulating beta 0.7
[MPI 4/9] Map 4, rank 47, beam 0, simulating beta 0.5
[MPI 8/9] Map 4, rank 47, beam 0, simulating beta 0.9
[MPI 0/9] Map 4, rank 47, beam 0, simulating beta 0.1
[MPI 2/9] Map 4, rank 47, beam 0, simulating beta 0.3
[MPI 6/9] Map 4, rank 47, beam 1, simulating beta 0.7
[MPI 3/9] Map 4, rank 47, beam 1, simulating beta 0.4
[MPI 8/9] Map 4, rank 47, beam 1, simulating beta 0.9
[MPI 4/9] Map 4, rank 47, beam 1, simulating beta 0.5
[MPI 7/9] Map 4, rank 47, beam 1, simulating beta 0.8
[MPI 5/9] Map 4, rank 47, beam 1, simulating beta 0.6
[MPI 1/9] Map 4, rank 47, beam 1, simulating beta 0.2
[MPI 2/9] Map 4, rank 47, beam 1, simulating beta 0.3
[MPI 0/9] Map 4, rank 47, beam 1, simulating beta 0.1
[MPI 6/9] Map 4, rank 47, beam 2, simulating beta 0.7
[MPI 3/9] Map 4, rank 47, beam 2, simulating beta 0.4
[MPI 8/9] Map 4, rank 47, beam 2, simulating beta 0.9
[MPI 4/9] Map 4, rank 47, beam 2, simulating beta 0.5
[MPI 7/9] Map 4, rank 47, beam 2, simulating beta 0.8
[MPI 5/9] Map 4, rank 47, beam 2, simulating beta 0.6
[MPI 1/9] Map 4, rank 47, beam 2, simulating beta 0.2
[MPI 2/9] Map 4, rank 47, beam 2, simulating beta 0.3
[MPI 0/9] Map 4, rank 47, beam 2, simulating beta 0.1
Map 4, rank 47: best beta=0.1, parent beam=0, weighted RMSE 9.7737 -> 9.6047, beam size=3, recorded samples=3
[MPI 6/9] Map 4, rank 48, beam 0, simulating beta 0.7
[MPI 3/9] Map 4, rank 48, beam 0, simulating beta 0.4
[MPI 7/9] Map 4, rank 48, beam 0, simulating beta 0.8
[MPI 8/9] Map 4, rank 48, beam 0, simulating beta 0.9
[MPI 1/9] Map 4, rank 48, beam 0, simulating beta 0.2
[MPI 0/9] Map 4, rank 48, beam 0, simulating beta 0.1
[MPI 2/9] Map 4, rank 48, beam 0, simulating beta 0.3
[MPI 4/9] Map 4, rank 48, beam 0, simulating beta 0.5
[MPI 5/9] Map 4, rank 48, beam 0, simulating beta 0.6
[MPI 8/9] Map 4, rank 48, beam 1, simulating beta 0.9
[MPI 3/9] Map 4, rank 48, beam 1, simulating beta 0.4
[MPI 6/9] Map 4, rank 48, beam 1, simulating beta 0.7
[MPI 7/9] Map 4, rank 48, beam 1, simulating beta 0.8
[MPI 4/9] Map 4, rank 48, beam 1, simulating beta 0.5
[MPI 5/9] Map 4, rank 48, beam 1, simulating beta 0.6
[MPI 0/9] Map 4, rank 48, beam 1, simulating beta 0.1
[MPI 1/9] Map 4, rank 48, beam 1, simulating beta 0.2
[MPI 2/9] Map 4, rank 48, beam 1, simulating beta 0.3
[MPI 3/9] Map 4, rank 48, beam 2, simulating beta 0.4
[MPI 6/9] Map 4, rank 48, beam 2, simulating beta 0.7
[MPI 8/9] Map 4, rank 48, beam 2, simulating beta 0.9
[MPI 7/9] Map 4, rank 48, beam 2, simulating beta 0.8
[MPI 4/9] Map 4, rank 48, beam 2, simulating beta 0.5
[MPI 5/9] Map 4, rank 48, beam 2, simulating beta 0.6
[MPI 0/9] Map 4, rank 48, beam 2, simulating beta 0.1
[MPI 1/9] Map 4, rank 48, beam 2, simulating beta 0.2
[MPI 2/9] Map 4, rank 48, beam 2, simulating beta 0.3
Map 4, rank 48: best beta=0.5, parent beam=0, weighted RMSE 9.6047 -> 9.5147, beam size=3, recorded samples=5
[MPI 8/9] Map 4, rank 49, beam 0, simulating beta 0.9
[MPI 3/9] Map 4, rank 49, beam 0, simulating beta 0.4
[MPI 6/9] Map 4, rank 49, beam 0, simulating beta 0.7
[MPI 5/9] Map 4, rank 49, beam 0, simulating beta 0.6
[MPI 7/9] Map 4, rank 49, beam 0, simulating beta 0.8
[MPI 1/9] Map 4, rank 49, beam 0, simulating beta 0.2
[MPI 0/9] Map 4, rank 49, beam 0, simulating beta 0.1
[MPI 2/9] Map 4, rank 49, beam 0, simulating beta 0.3
[MPI 4/9] Map 4, rank 49, beam 0, simulating beta 0.5
[MPI 3/9] Map 4, rank 49, beam 1, simulating beta 0.4
[MPI 4/9] Map 4, rank 49, beam 1, simulating beta 0.5
[MPI 6/9] Map 4, rank 49, beam 1, simulating beta 0.7
[MPI 8/9] Map 4, rank 49, beam 1, simulating beta 0.9
[MPI 2/9] Map 4, rank 49, beam 1, simulating beta 0.3
[MPI 0/9] Map 4, rank 49, beam 1, simulating beta 0.1
[MPI 1/9] Map 4, rank 49, beam 1, simulating beta 0.2
[MPI 5/9] Map 4, rank 49, beam 1, simulating beta 0.6
[MPI 7/9] Map 4, rank 49, beam 1, simulating beta 0.8
[MPI 3/9] Map 4, rank 49, beam 2, simulating beta 0.4
[MPI 4/9] Map 4, rank 49, beam 2, simulating beta 0.5
[MPI 6/9] Map 4, rank 49, beam 2, simulating beta 0.7
[MPI 8/9] Map 4, rank 49, beam 2, simulating beta 0.9
[MPI 2/9] Map 4, rank 49, beam 2, simulating beta 0.3
[MPI 7/9] Map 4, rank 49, beam 2, simulating beta 0.8
[MPI 5/9] Map 4, rank 49, beam 2, simulating beta 0.6
[MPI 0/9] Map 4, rank 49, beam 2, simulating beta 0.1
[MPI 1/9] Map 4, rank 49, beam 2, simulating beta 0.2
Map 4, rank 49: best beta=0.1, parent beam=0, weighted RMSE 9.5147 -> 9.5136, beam size=3, recorded samples=3
[MPI 6/9] Map 4, rank 50, beam 0, simulating beta 0.7
[MPI 3/9] Map 4, rank 50, beam 0, simulating beta 0.4
[MPI 7/9] Map 4, rank 50, beam 0, simulating beta 0.8
[MPI 8/9] Map 4, rank 50, beam 0, simulating beta 0.9
[MPI 5/9] Map 4, rank 50, beam 0, simulating beta 0.6
[MPI 0/9] Map 4, rank 50, beam 0, simulating beta 0.1
[MPI 1/9] Map 4, rank 50, beam 0, simulating beta 0.2
[MPI 2/9] Map 4, rank 50, beam 0, simulating beta 0.3
[MPI 4/9] Map 4, rank 50, beam 0, simulating beta 0.5
[MPI 4/9] Map 4, rank 50, beam 1, simulating beta 0.5
[MPI 6/9] Map 4, rank 50, beam 1, simulating beta 0.7
[MPI 3/9] Map 4, rank 50, beam 1, simulating beta 0.4
[MPI 8/9] Map 4, rank 50, beam 1, simulating beta 0.9
[MPI 2/9] Map 4, rank 50, beam 1, simulating beta 0.3
[MPI 7/9] Map 4, rank 50, beam 1, simulating beta 0.8
[MPI 0/9] Map 4, rank 50, beam 1, simulating beta 0.1
[MPI 1/9] Map 4, rank 50, beam 1, simulating beta 0.2
[MPI 5/9] Map 4, rank 50, beam 1, simulating beta 0.6
[MPI 4/9] Map 4, rank 50, beam 2, simulating beta 0.5
[MPI 6/9] Map 4, rank 50, beam 2, simulating beta 0.7
[MPI 3/9] Map 4, rank 50, beam 2, simulating beta 0.4
[MPI 8/9] Map 4, rank 50, beam 2, simulating beta 0.9
[MPI 2/9] Map 4, rank 50, beam 2, simulating beta 0.3
[MPI 7/9] Map 4, rank 50, beam 2, simulating beta 0.8
[MPI 0/9] Map 4, rank 50, beam 2, simulating beta 0.1
[MPI 1/9] Map 4, rank 50, beam 2, simulating beta 0.2
[MPI 5/9] Map 4, rank 50, beam 2, simulating beta 0.6
Map 4, rank 50: best beta=0.1, parent beam=0, weighted RMSE 9.5136 -> 9.5096, beam size=3, recorded samples=4
[MPI 6/9] Map 4, rank 51, beam 0, simulating beta 0.7
[MPI 1/9] Map 4, rank 51, beam 0, simulating beta 0.2
[MPI 7/9] Map 4, rank 51, beam 0, simulating beta 0.8
[MPI 2/9] Map 4, rank 51, beam 0, simulating beta 0.3
[MPI 3/9] Map 4, rank 51, beam 0, simulating beta 0.4
[MPI 5/9] Map 4, rank 51, beam 0, simulating beta 0.6
[MPI 8/9] Map 4, rank 51, beam 0, simulating beta 0.9
[MPI 4/9] Map 4, rank 51, beam 0, simulating beta 0.5
[MPI 0/9] Map 4, rank 51, beam 0, simulating beta 0.1
[MPI 3/9] Map 4, rank 51, beam 1, simulating beta 0.4
[MPI 4/9] Map 4, rank 51, beam 1, simulating beta 0.5
[MPI 6/9] Map 4, rank 51, beam 1, simulating beta 0.7
[MPI 2/9] Map 4, rank 51, beam 1, simulating beta 0.3
[MPI 7/9] Map 4, rank 51, beam 1, simulating beta 0.8
[MPI 0/9] Map 4, rank 51, beam 1, simulating beta 0.1
[MPI 1/9] Map 4, rank 51, beam 1, simulating beta 0.2
[MPI 8/9] Map 4, rank 51, beam 1, simulating beta 0.9
[MPI 5/9] Map 4, rank 51, beam 1, simulating beta 0.6
[MPI 3/9] Map 4, rank 51, beam 2, simulating beta 0.4
[MPI 4/9] Map 4, rank 51, beam 2, simulating beta 0.5
[MPI 6/9] Map 4, rank 51, beam 2, simulating beta 0.7
[MPI 2/9] Map 4, rank 51, beam 2, simulating beta 0.3
[MPI 7/9] Map 4, rank 51, beam 2, simulating beta 0.8
[MPI 8/9] Map 4, rank 51, beam 2, simulating beta 0.9
[MPI 5/9] Map 4, rank 51, beam 2, simulating beta 0.6
[MPI 0/9] Map 4, rank 51, beam 2, simulating beta 0.1
[MPI 1/9] Map 4, rank 51, beam 2, simulating beta 0.2
Map 4, rank 51: best beta=0.1, parent beam=0, weighted RMSE 9.5096 -> 9.5028, beam size=3, recorded samples=3
[MPI 1/9] Map 4, rank 52, beam 0, simulating beta 0.2
[MPI 3/9] Map 4, rank 52, beam 0, simulating beta 0.4
[MPI 5/9] Map 4, rank 52, beam 0, simulating beta 0.6
[MPI 6/9] Map 4, rank 52, beam 0, simulating beta 0.7
[MPI 8/9] Map 4, rank 52, beam 0, simulating beta 0.9
[MPI 7/9] Map 4, rank 52, beam 0, simulating beta 0.8
[MPI 4/9] Map 4, rank 52, beam 0, simulating beta 0.5
[MPI 0/9] Map 4, rank 52, beam 0, simulating beta 0.1
[MPI 2/9] Map 4, rank 52, beam 0, simulating beta 0.3
[MPI 4/9] Map 4, rank 52, beam 1, simulating beta 0.5
[MPI 3/9] Map 4, rank 52, beam 1, simulating beta 0.4
[MPI 6/9] Map 4, rank 52, beam 1, simulating beta 0.7
[MPI 2/9] Map 4, rank 52, beam 1, simulating beta 0.3
[MPI 8/9] Map 4, rank 52, beam 1, simulating beta 0.9
[MPI 1/9] Map 4, rank 52, beam 1, simulating beta 0.2
[MPI 0/9] Map 4, rank 52, beam 1, simulating beta 0.1
[MPI 7/9] Map 4, rank 52, beam 1, simulating beta 0.8
[MPI 5/9] Map 4, rank 52, beam 1, simulating beta 0.6
[MPI 4/9] Map 4, rank 52, beam 2, simulating beta 0.5
[MPI 3/9] Map 4, rank 52, beam 2, simulating beta 0.4
[MPI 6/9] Map 4, rank 52, beam 2, simulating beta 0.7
[MPI 2/9] Map 4, rank 52, beam 2, simulating beta 0.3
[MPI 8/9] Map 4, rank 52, beam 2, simulating beta 0.9
[MPI 0/9] Map 4, rank 52, beam 2, simulating beta 0.1
[MPI 1/9] Map 4, rank 52, beam 2, simulating beta 0.2
[MPI 7/9] Map 4, rank 52, beam 2, simulating beta 0.8
[MPI 5/9] Map 4, rank 52, beam 2, simulating beta 0.6
Map 4, rank 52: best beta=0.1, parent beam=0, weighted RMSE 9.5028 -> 9.4909, beam size=3, recorded samples=3
[MPI 3/9] Map 4, rank 53, beam 0, simulating beta 0.4
[MPI 5/9] Map 4, rank 53, beam 0, simulating beta 0.6
[MPI 6/9] Map 4, rank 53, beam 0, simulating beta 0.7
[MPI 8/9] Map 4, rank 53, beam 0, simulating beta 0.9
[MPI 1/9] Map 4, rank 53, beam 0, simulating beta 0.2
[MPI 2/9] Map 4, rank 53, beam 0, simulating beta 0.3
[MPI 4/9] Map 4, rank 53, beam 0, simulating beta 0.5
[MPI 7/9] Map 4, rank 53, beam 0, simulating beta 0.8
[MPI 0/9] Map 4, rank 53, beam 0, simulating beta 0.1
[MPI 6/9] Map 4, rank 53, beam 1, simulating beta 0.7
[MPI 4/9] Map 4, rank 53, beam 1, simulating beta 0.5
[MPI 8/9] Map 4, rank 53, beam 1, simulating beta 0.9
[MPI 5/9] Map 4, rank 53, beam 1, simulating beta 0.6
[MPI 7/9] Map 4, rank 53, beam 1, simulating beta 0.8
[MPI 3/9] Map 4, rank 53, beam 1, simulating beta 0.4
[MPI 0/9] Map 4, rank 53, beam 1, simulating beta 0.1
[MPI 1/9] Map 4, rank 53, beam 1, simulating beta 0.2
[MPI 2/9] Map 4, rank 53, beam 1, simulating beta 0.3
[MPI 6/9] Map 4, rank 53, beam 2, simulating beta 0.7
[MPI 8/9] Map 4, rank 53, beam 2, simulating beta 0.9
[MPI 4/9] Map 4, rank 53, beam 2, simulating beta 0.5
[MPI 3/9] Map 4, rank 53, beam 2, simulating beta 0.4
[MPI 7/9] Map 4, rank 53, beam 2, simulating beta 0.8
[MPI 5/9] Map 4, rank 53, beam 2, simulating beta 0.6
[MPI 0/9] Map 4, rank 53, beam 2, simulating beta 0.1
[MPI 2/9] Map 4, rank 53, beam 2, simulating beta 0.3
[MPI 1/9] Map 4, rank 53, beam 2, simulating beta 0.2
Map 4, rank 53: best beta=0.1, parent beam=0, weighted RMSE 9.4909 -> 9.4781, beam size=3, recorded samples=3
[MPI 1/9] Map 4, rank 54, beam 0, simulating beta 0.2
[MPI 3/9] Map 4, rank 54, beam 0, simulating beta 0.4
[MPI 5/9] Map 4, rank 54, beam 0, simulating beta 0.6
[MPI 6/9] Map 4, rank 54, beam 0, simulating beta 0.7
[MPI 7/9] Map 4, rank 54, beam 0, simulating beta 0.8
[MPI 8/9] Map 4, rank 54, beam 0, simulating beta 0.9
[MPI 0/9] Map 4, rank 54, beam 0, simulating beta 0.1
[MPI 2/9] Map 4, rank 54, beam 0, simulating beta 0.3
[MPI 4/9] Map 4, rank 54, beam 0, simulating beta 0.5
[MPI 6/9] Map 4, rank 54, beam 1, simulating beta 0.7
[MPI 4/9] Map 4, rank 54, beam 1, simulating beta 0.5
[MPI 8/9] Map 4, rank 54, beam 1, simulating beta 0.9
[MPI 7/9] Map 4, rank 54, beam 1, simulating beta 0.8
[MPI 5/9] Map 4, rank 54, beam 1, simulating beta 0.6
[MPI 2/9] Map 4, rank 54, beam 1, simulating beta 0.3
[MPI 3/9] Map 4, rank 54, beam 1, simulating beta 0.4
[MPI 0/9] Map 4, rank 54, beam 1, simulating beta 0.1
[MPI 1/9] Map 4, rank 54, beam 1, simulating beta 0.2
[MPI 6/9] Map 4, rank 54, beam 2, simulating beta 0.7
[MPI 4/9] Map 4, rank 54, beam 2, simulating beta 0.5
[MPI 8/9] Map 4, rank 54, beam 2, simulating beta 0.9
[MPI 7/9] Map 4, rank 54, beam 2, simulating beta 0.8
[MPI 3/9] Map 4, rank 54, beam 2, simulating beta 0.4
[MPI 5/9] Map 4, rank 54, beam 2, simulating beta 0.6
[MPI 2/9] Map 4, rank 54, beam 2, simulating beta 0.3
[MPI 1/9] Map 4, rank 54, beam 2, simulating beta 0.2
[MPI 0/9] Map 4, rank 54, beam 2, simulating beta 0.1
Map 4, rank 54: best beta=0.1, parent beam=0, weighted RMSE 9.4781 -> 9.4542, beam size=3, recorded samples=3
[MPI 3/9] Map 4, rank 55, beam 0, simulating beta 0.4
[MPI 6/9] Map 4, rank 55, beam 0, simulating beta 0.7
[MPI 5/9] Map 4, rank 55, beam 0, simulating beta 0.6
[MPI 8/9] Map 4, rank 55, beam 0, simulating beta 0.9
[MPI 1/9] Map 4, rank 55, beam 0, simulating beta 0.2
[MPI 2/9] Map 4, rank 55, beam 0, simulating beta 0.3
[MPI 4/9] Map 4, rank 55, beam 0, simulating beta 0.5
[MPI 7/9] Map 4, rank 55, beam 0, simulating beta 0.8
[MPI 0/9] Map 4, rank 55, beam 0, simulating beta 0.1
[MPI 4/9] Map 4, rank 55, beam 1, simulating beta 0.5
[MPI 6/9] Map 4, rank 55, beam 1, simulating beta 0.7
[MPI 8/9] Map 4, rank 55, beam 1, simulating beta 0.9
[MPI 0/9] Map 4, rank 55, beam 1, simulating beta 0.1
[MPI 1/9] Map 4, rank 55, beam 1, simulating beta 0.2
[MPI 2/9] Map 4, rank 55, beam 1, simulating beta 0.3
[MPI 3/9] Map 4, rank 55, beam 1, simulating beta 0.4
[MPI 5/9] Map 4, rank 55, beam 1, simulating beta 0.6
[MPI 7/9] Map 4, rank 55, beam 1, simulating beta 0.8
[MPI 4/9] Map 4, rank 55, beam 2, simulating beta 0.5
[MPI 6/9] Map 4, rank 55, beam 2, simulating beta 0.7
[MPI 8/9] Map 4, rank 55, beam 2, simulating beta 0.9
[MPI 7/9] Map 4, rank 55, beam 2, simulating beta 0.8
[MPI 1/9] Map 4, rank 55, beam 2, simulating beta 0.2
[MPI 5/9] Map 4, rank 55, beam 2, simulating beta 0.6
[MPI 0/9] Map 4, rank 55, beam 2, simulating beta 0.1
[MPI 3/9] Map 4, rank 55, beam 2, simulating beta 0.4
[MPI 2/9] Map 4, rank 55, beam 2, simulating beta 0.3
Map 4, rank 55: best beta=0.1, parent beam=0, weighted RMSE 9.4542 -> 9.4385, beam size=3, recorded samples=3
[MPI 1/9] Map 4, rank 56, beam 0, simulating beta 0.2
[MPI 3/9] Map 4, rank 56, beam 0, simulating beta 0.4
[MPI 6/9] Map 4, rank 56, beam 0, simulating beta 0.7
[MPI 7/9] Map 4, rank 56, beam 0, simulating beta 0.8
[MPI 4/9] Map 4, rank 56, beam 0, simulating beta 0.5
[MPI 5/9] Map 4, rank 56, beam 0, simulating beta 0.6
[MPI 8/9] Map 4, rank 56, beam 0, simulating beta 0.9
[MPI 0/9] Map 4, rank 56, beam 0, simulating beta 0.1
[MPI 2/9] Map 4, rank 56, beam 0, simulating beta 0.3
[MPI 6/9] Map 4, rank 56, beam 1, simulating beta 0.7
[MPI 4/9] Map 4, rank 56, beam 1, simulating beta 0.5
[MPI 8/9] Map 4, rank 56, beam 1, simulating beta 0.9
[MPI 5/9] Map 4, rank 56, beam 1, simulating beta 0.6
[MPI 3/9] Map 4, rank 56, beam 1, simulating beta 0.4
[MPI 7/9] Map 4, rank 56, beam 1, simulating beta 0.8
[MPI 0/9] Map 4, rank 56, beam 1, simulating beta 0.1
[MPI 2/9] Map 4, rank 56, beam 1, simulating beta 0.3
[MPI 1/9] Map 4, rank 56, beam 1, simulating beta 0.2
[MPI 6/9] Map 4, rank 56, beam 2, simulating beta 0.7
[MPI 4/9] Map 4, rank 56, beam 2, simulating beta 0.5
[MPI 8/9] Map 4, rank 56, beam 2, simulating beta 0.9
[MPI 5/9] Map 4, rank 56, beam 2, simulating beta 0.6
[MPI 3/9] Map 4, rank 56, beam 2, simulating beta 0.4
[MPI 7/9] Map 4, rank 56, beam 2, simulating beta 0.8
[MPI 2/9] Map 4, rank 56, beam 2, simulating beta 0.3
[MPI 0/9] Map 4, rank 56, beam 2, simulating beta 0.1
[MPI 1/9] Map 4, rank 56, beam 2, simulating beta 0.2
Map 4, rank 56: best beta=0.3, parent beam=0, weighted RMSE 9.4385 -> 9.4342, beam size=3, recorded samples=3
[MPI 1/9] Map 4, rank 57, beam 0, simulating beta 0.2
[MPI 3/9] Map 4, rank 57, beam 0, simulating beta 0.4
[MPI 6/9] Map 4, rank 57, beam 0, simulating beta 0.7
[MPI 7/9] Map 4, rank 57, beam 0, simulating beta 0.8
[MPI 2/9] Map 4, rank 57, beam 0, simulating beta 0.3
[MPI 5/9] Map 4, rank 57, beam 0, simulating beta 0.6
[MPI 8/9] Map 4, rank 57, beam 0, simulating beta 0.9
[MPI 0/9] Map 4, rank 57, beam 0, simulating beta 0.1
[MPI 4/9] Map 4, rank 57, beam 0, simulating beta 0.5
[MPI 6/9] Map 4, rank 57, beam 1, simulating beta 0.7
[MPI 4/9] Map 4, rank 57, beam 1, simulating beta 0.5
[MPI 8/9] Map 4, rank 57, beam 1, simulating beta 0.9
[MPI 7/9] Map 4, rank 57, beam 1, simulating beta 0.8
[MPI 2/9] Map 4, rank 57, beam 1, simulating beta 0.3
[MPI 5/9] Map 4, rank 57, beam 1, simulating beta 0.6
[MPI 0/9] Map 4, rank 57, beam 1, simulating beta 0.1
[MPI 3/9] Map 4, rank 57, beam 1, simulating beta 0.4
[MPI 1/9] Map 4, rank 57, beam 1, simulating beta 0.2
[MPI 6/9] Map 4, rank 57, beam 2, simulating beta 0.7
[MPI 8/9] Map 4, rank 57, beam 2, simulating beta 0.9
[MPI 4/9] Map 4, rank 57, beam 2, simulating beta 0.5
[MPI 7/9] Map 4, rank 57, beam 2, simulating beta 0.8
[MPI 5/9] Map 4, rank 57, beam 2, simulating beta 0.6
[MPI 2/9] Map 4, rank 57, beam 2, simulating beta 0.3
[MPI 0/9] Map 4, rank 57, beam 2, simulating beta 0.1
[MPI 3/9] Map 4, rank 57, beam 2, simulating beta 0.4
[MPI 1/9] Map 4, rank 57, beam 2, simulating beta 0.2
Map 4, rank 57: best beta=0.1, parent beam=1, weighted RMSE 9.4353 -> 9.4274, beam size=3, recorded samples=3
[MPI 3/9] Map 4, rank 58, beam 0, simulating beta 0.4
[MPI 6/9] Map 4, rank 58, beam 0, simulating beta 0.7
[MPI 7/9] Map 4, rank 58, beam 0, simulating beta 0.8
[MPI 1/9] Map 4, rank 58, beam 0, simulating beta 0.2
[MPI 8/9] Map 4, rank 58, beam 0, simulating beta 0.9
[MPI 0/9] Map 4, rank 58, beam 0, simulating beta 0.1
[MPI 2/9] Map 4, rank 58, beam 0, simulating beta 0.3
[MPI 4/9] Map 4, rank 58, beam 0, simulating beta 0.5
[MPI 5/9] Map 4, rank 58, beam 0, simulating beta 0.6
[MPI 4/9] Map 4, rank 58, beam 1, simulating beta 0.5
[MPI 6/9] Map 4, rank 58, beam 1, simulating beta 0.7
[MPI 7/9] Map 4, rank 58, beam 1, simulating beta 0.8
[MPI 8/9] Map 4, rank 58, beam 1, simulating beta 0.9
[MPI 5/9] Map 4, rank 58, beam 1, simulating beta 0.6
[MPI 0/9] Map 4, rank 58, beam 1, simulating beta 0.1
[MPI 2/9] Map 4, rank 58, beam 1, simulating beta 0.3
[MPI 3/9] Map 4, rank 58, beam 1, simulating beta 0.4
[MPI 1/9] Map 4, rank 58, beam 1, simulating beta 0.2
[MPI 4/9] Map 4, rank 58, beam 2, simulating beta 0.5
[MPI 6/9] Map 4, rank 58, beam 2, simulating beta 0.7
[MPI 8/9] Map 4, rank 58, beam 2, simulating beta 0.9
[MPI 7/9] Map 4, rank 58, beam 2, simulating beta 0.8
[MPI 5/9] Map 4, rank 58, beam 2, simulating beta 0.6
[MPI 0/9] Map 4, rank 58, beam 2, simulating beta 0.1
[MPI 3/9] Map 4, rank 58, beam 2, simulating beta 0.4
[MPI 1/9] Map 4, rank 58, beam 2, simulating beta 0.2
[MPI 2/9] Map 4, rank 58, beam 2, simulating beta 0.3
Map 4, rank 58: best beta=0.1, parent beam=0, weighted RMSE 9.4274 -> 9.4222, beam size=3, recorded samples=3
[MPI 3/9] Map 4, rank 59, beam 0, simulating beta 0.4
[MPI 6/9] Map 4, rank 59, beam 0, simulating beta 0.7
[MPI 7/9] Map 4, rank 59, beam 0, simulating beta 0.8
[MPI 1/9] Map 4, rank 59, beam 0, simulating beta 0.2
[MPI 2/9] Map 4, rank 59, beam 0, simulating beta 0.3
[MPI 4/9] Map 4, rank 59, beam 0, simulating beta 0.5
[MPI 5/9] Map 4, rank 59, beam 0, simulating beta 0.6
[MPI 8/9] Map 4, rank 59, beam 0, simulating beta 0.9
[MPI 0/9] Map 4, rank 59, beam 0, simulating beta 0.1
[MPI 6/9] Map 4, rank 59, beam 1, simulating beta 0.7
[MPI 8/9] Map 4, rank 59, beam 1, simulating beta 0.9
[MPI 4/9] Map 4, rank 59, beam 1, simulating beta 0.5
[MPI 0/9] Map 4, rank 59, beam 1, simulating beta 0.1
[MPI 7/9] Map 4, rank 59, beam 1, simulating beta 0.8
[MPI 2/9] Map 4, rank 59, beam 1, simulating beta 0.3
[MPI 3/9] Map 4, rank 59, beam 1, simulating beta 0.4
[MPI 1/9] Map 4, rank 59, beam 1, simulating beta 0.2
[MPI 5/9] Map 4, rank 59, beam 1, simulating beta 0.6
[MPI 6/9] Map 4, rank 59, beam 2, simulating beta 0.7
[MPI 8/9] Map 4, rank 59, beam 2, simulating beta 0.9
[MPI 4/9] Map 4, rank 59, beam 2, simulating beta 0.5
[MPI 7/9] Map 4, rank 59, beam 2, simulating beta 0.8
[MPI 5/9] Map 4, rank 59, beam 2, simulating beta 0.6
[MPI 0/9] Map 4, rank 59, beam 2, simulating beta 0.1
[MPI 2/9] Map 4, rank 59, beam 2, simulating beta 0.3
[MPI 1/9] Map 4, rank 59, beam 2, simulating beta 0.2
[MPI 3/9] Map 4, rank 59, beam 2, simulating beta 0.4
Map 4, rank 59: best beta=0.1, parent beam=0, weighted RMSE 9.4222 -> 9.4157, beam size=3, recorded samples=3
Saved chunk /scratch/ajain3/aipp/CMAES_beamsearch_dataset_chunks/map_004_ranked.pt with 198 samples

Collecting ranked CMA-ES data for map 5
[MPI 7/9] Map 5, rank 0, beam 0, simulating beta 0.8
[MPI 6/9] Map 5, rank 0, beam 0, simulating beta 0.7
[MPI 3/9] Map 5, rank 0, beam 0, simulating beta 0.4
[MPI 8/9] Map 5, rank 0, beam 0, simulating beta 0.9
[MPI 1/9] Map 5, rank 0, beam 0, simulating beta 0.2
[MPI 2/9] Map 5, rank 0, beam 0, simulating beta 0.3
[MPI 4/9] Map 5, rank 0, beam 0, simulating beta 0.5
[MPI 5/9] Map 5, rank 0, beam 0, simulating beta 0.6
[MPI 0/9] Map 5, rank 0, beam 0, simulating beta 0.1
Map 5, rank 0: best beta=0.1, parent beam=0, weighted RMSE 113.1306 -> 109.4019, beam size=3, recorded samples=9
[MPI 3/9] Map 5, rank 1, beam 0, simulating beta 0.4
[MPI 6/9] Map 5, rank 1, beam 0, simulating beta 0.7
[MPI 7/9] Map 5, rank 1, beam 0, simulating beta 0.8
[MPI 8/9] Map 5, rank 1, beam 0, simulating beta 0.9
[MPI 1/9] Map 5, rank 1, beam 0, simulating beta 0.2
[MPI 2/9] Map 5, rank 1, beam 0, simulating beta 0.3
[MPI 4/9] Map 5, rank 1, beam 0, simulating beta 0.5
[MPI 5/9] Map 5, rank 1, beam 0, simulating beta 0.6
[MPI 0/9] Map 5, rank 1, beam 0, simulating beta 0.1
[MPI 6/9] Map 5, rank 1, beam 1, simulating beta 0.7
[MPI 7/9] Map 5, rank 1, beam 1, simulating beta 0.8
[MPI 8/9] Map 5, rank 1, beam 1, simulating beta 0.9
[MPI 0/9] Map 5, rank 1, beam 1, simulating beta 0.1
[MPI 3/9] Map 5, rank 1, beam 1, simulating beta 0.4
[MPI 1/9] Map 5, rank 1, beam 1, simulating beta 0.2
[MPI 4/9] Map 5, rank 1, beam 1, simulating beta 0.5
[MPI 5/9] Map 5, rank 1, beam 1, simulating beta 0.6
[MPI 2/9] Map 5, rank 1, beam 1, simulating beta 0.3
[MPI 6/9] Map 5, rank 1, beam 2, simulating beta 0.7
[MPI 7/9] Map 5, rank 1, beam 2, simulating beta 0.8
[MPI 8/9] Map 5, rank 1, beam 2, simulating beta 0.9
[MPI 0/9] Map 5, rank 1, beam 2, simulating beta 0.1
[MPI 4/9] Map 5, rank 1, beam 2, simulating beta 0.5
[MPI 2/9] Map 5, rank 1, beam 2, simulating beta 0.3
[MPI 3/9] Map 5, rank 1, beam 2, simulating beta 0.4
[MPI 1/9] Map 5, rank 1, beam 2, simulating beta 0.2
[MPI 5/9] Map 5, rank 1, beam 2, simulating beta 0.6
Map 5, rank 1: best beta=0.1, parent beam=2, weighted RMSE 109.4019 -> 105.3681, beam size=3, recorded samples=9
[MPI 6/9] Map 5, rank 2, beam 0, simulating beta 0.7
[MPI 1/9] Map 5, rank 2, beam 0, simulating beta 0.2
[MPI 3/9] Map 5, rank 2, beam 0, simulating beta 0.4
[MPI 5/9] Map 5, rank 2, beam 0, simulating beta 0.6
[MPI 7/9] Map 5, rank 2, beam 0, simulating beta 0.8
[MPI 4/9] Map 5, rank 2, beam 0, simulating beta 0.5
[MPI 8/9] Map 5, rank 2, beam 0, simulating beta 0.9
[MPI 0/9] Map 5, rank 2, beam 0, simulating beta 0.1
[MPI 2/9] Map 5, rank 2, beam 0, simulating beta 0.3
[MPI 6/9] Map 5, rank 2, beam 1, simulating beta 0.7
[MPI 7/9] Map 5, rank 2, beam 1, simulating beta 0.8
[MPI 8/9] Map 5, rank 2, beam 1, simulating beta 0.9
[MPI 3/9] Map 5, rank 2, beam 1, simulating beta 0.4
[MPI 0/9] Map 5, rank 2, beam 1, simulating beta 0.1
[MPI 1/9] Map 5, rank 2, beam 1, simulating beta 0.2
[MPI 2/9] Map 5, rank 2, beam 1, simulating beta 0.3
[MPI 4/9] Map 5, rank 2, beam 1, simulating beta 0.5
[MPI 5/9] Map 5, rank 2, beam 1, simulating beta 0.6
[MPI 6/9] Map 5, rank 2, beam 2, simulating beta 0.7
[MPI 7/9] Map 5, rank 2, beam 2, simulating beta 0.8
[MPI 8/9] Map 5, rank 2, beam 2, simulating beta 0.9
[MPI 3/9] Map 5, rank 2, beam 2, simulating beta 0.4
[MPI 0/9] Map 5, rank 2, beam 2, simulating beta 0.1
[MPI 1/9] Map 5, rank 2, beam 2, simulating beta 0.2
[MPI 2/9] Map 5, rank 2, beam 2, simulating beta 0.3
[MPI 4/9] Map 5, rank 2, beam 2, simulating beta 0.5
[MPI 5/9] Map 5, rank 2, beam 2, simulating beta 0.6
Map 5, rank 2: best beta=0.8, parent beam=0, weighted RMSE 105.3681 -> 87.0189, beam size=3, recorded samples=3
[MPI 3/9] Map 5, rank 3, beam 0, simulating beta 0.4
[MPI 6/9] Map 5, rank 3, beam 0, simulating beta 0.7
[MPI 7/9] Map 5, rank 3, beam 0, simulating beta 0.8
[MPI 5/9] Map 5, rank 3, beam 0, simulating beta 0.6
[MPI 8/9] Map 5, rank 3, beam 0, simulating beta 0.9
[MPI 0/9] Map 5, rank 3, beam 0, simulating beta 0.1
[MPI 1/9] Map 5, rank 3, beam 0, simulating beta 0.2
[MPI 2/9] Map 5, rank 3, beam 0, simulating beta 0.3
[MPI 4/9] Map 5, rank 3, beam 0, simulating beta 0.5
[MPI 3/9] Map 5, rank 3, beam 1, simulating beta 0.4
[MPI 4/9] Map 5, rank 3, beam 1, simulating beta 0.5
[MPI 6/9] Map 5, rank 3, beam 1, simulating beta 0.7
[MPI 8/9] Map 5, rank 3, beam 1, simulating beta 0.9
[MPI 5/9] Map 5, rank 3, beam 1, simulating beta 0.6
[MPI 0/9] Map 5, rank 3, beam 1, simulating beta 0.1
[MPI 1/9] Map 5, rank 3, beam 1, simulating beta 0.2
[MPI 2/9] Map 5, rank 3, beam 1, simulating beta 0.3
[MPI 7/9] Map 5, rank 3, beam 1, simulating beta 0.8
[MPI 3/9] Map 5, rank 3, beam 2, simulating beta 0.4
[MPI 4/9] Map 5, rank 3, beam 2, simulating beta 0.5
[MPI 6/9] Map 5, rank 3, beam 2, simulating beta 0.7
[MPI 8/9] Map 5, rank 3, beam 2, simulating beta 0.9
[MPI 5/9] Map 5, rank 3, beam 2, simulating beta 0.6
[MPI 7/9] Map 5, rank 3, beam 2, simulating beta 0.8
[MPI 1/9] Map 5, rank 3, beam 2, simulating beta 0.2
[MPI 0/9] Map 5, rank 3, beam 2, simulating beta 0.1
[MPI 2/9] Map 5, rank 3, beam 2, simulating beta 0.3
Map 5, rank 3: best beta=0.7, parent beam=0, weighted RMSE 87.0189 -> 63.3328, beam size=3, recorded samples=4
[MPI 8/9] Map 5, rank 4, beam 0, simulating beta 0.9
[MPI 0/9] Map 5, rank 4, beam 0, simulating beta 0.1
[MPI 1/9] Map 5, rank 4, beam 0, simulating beta 0.2
[MPI 2/9] Map 5, rank 4, beam 0, simulating beta 0.3
[MPI 3/9] Map 5, rank 4, beam 0, simulating beta 0.4
[MPI 4/9] Map 5, rank 4, beam 0, simulating beta 0.5
[MPI 5/9] Map 5, rank 4, beam 0, simulating beta 0.6
[MPI 6/9] Map 5, rank 4, beam 0, simulating beta 0.7
[MPI 7/9] Map 5, rank 4, beam 0, simulating beta 0.8
[MPI 6/9] Map 5, rank 4, beam 1, simulating beta 0.7
[MPI 7/9] Map 5, rank 4, beam 1, simulating beta 0.8
[MPI 8/9] Map 5, rank 4, beam 1, simulating beta 0.9
[MPI 0/9] Map 5, rank 4, beam 1, simulating beta 0.1
[MPI 3/9] Map 5, rank 4, beam 1, simulating beta 0.4
[MPI 1/9] Map 5, rank 4, beam 1, simulating beta 0.2
[MPI 2/9] Map 5, rank 4, beam 1, simulating beta 0.3
[MPI 4/9] Map 5, rank 4, beam 1, simulating beta 0.5
[MPI 5/9] Map 5, rank 4, beam 1, simulating beta 0.6
[MPI 6/9] Map 5, rank 4, beam 2, simulating beta 0.7
[MPI 7/9] Map 5, rank 4, beam 2, simulating beta 0.8
[MPI 8/9] Map 5, rank 4, beam 2, simulating beta 0.9
[MPI 3/9] Map 5, rank 4, beam 2, simulating beta 0.4
[MPI 5/9] Map 5, rank 4, beam 2, simulating beta 0.6
[MPI 0/9] Map 5, rank 4, beam 2, simulating beta 0.1
[MPI 1/9] Map 5, rank 4, beam 2, simulating beta 0.2
[MPI 2/9] Map 5, rank 4, beam 2, simulating beta 0.3
[MPI 4/9] Map 5, rank 4, beam 2, simulating beta 0.5
Map 5, rank 4: best beta=0.2, parent beam=0, weighted RMSE 63.3328 -> 61.5825, beam size=3, recorded samples=3
[MPI 0/9] Map 5, rank 5, beam 0, simulating beta 0.1
[MPI 1/9] Map 5, rank 5, beam 0, simulating beta 0.2
[MPI 2/9] Map 5, rank 5, beam 0, simulating beta 0.3
[MPI 3/9] Map 5, rank 5, beam 0, simulating beta 0.4
[MPI 4/9] Map 5, rank 5, beam 0, simulating beta 0.5
[MPI 5/9] Map 5, rank 5, beam 0, simulating beta 0.6
[MPI 6/9] Map 5, rank 5, beam 0, simulating beta 0.7
[MPI 7/9] Map 5, rank 5, beam 0, simulating beta 0.8
[MPI 8/9] Map 5, rank 5, beam 0, simulating beta 0.9
[MPI 3/9] Map 5, rank 5, beam 1, simulating beta 0.4
[MPI 6/9] Map 5, rank 5, beam 1, simulating beta 0.7
[MPI 8/9] Map 5, rank 5, beam 1, simulating beta 0.9
[MPI 4/9] Map 5, rank 5, beam 1, simulating beta 0.5
[MPI 0/9] Map 5, rank 5, beam 1, simulating beta 0.1
[MPI 7/9] Map 5, rank 5, beam 1, simulating beta 0.8
[MPI 1/9] Map 5, rank 5, beam 1, simulating beta 0.2
[MPI 2/9] Map 5, rank 5, beam 1, simulating beta 0.3
[MPI 5/9] Map 5, rank 5, beam 1, simulating beta 0.6
[MPI 3/9] Map 5, rank 5, beam 2, simulating beta 0.4
[MPI 6/9] Map 5, rank 5, beam 2, simulating beta 0.7
[MPI 8/9] Map 5, rank 5, beam 2, simulating beta 0.9
[MPI 4/9] Map 5, rank 5, beam 2, simulating beta 0.5
[MPI 1/9] Map 5, rank 5, beam 2, simulating beta 0.2
[MPI 7/9] Map 5, rank 5, beam 2, simulating beta 0.8
[MPI 5/9] Map 5, rank 5, beam 2, simulating beta 0.6
[MPI 2/9] Map 5, rank 5, beam 2, simulating beta 0.3
[MPI 0/9] Map 5, rank 5, beam 2, simulating beta 0.1
Map 5, rank 5: best beta=0.8, parent beam=2, weighted RMSE 61.7304 -> 59.4281, beam size=3, recorded samples=3
[MPI 3/9] Map 5, rank 6, beam 0, simulating beta 0.4
[MPI 6/9] Map 5, rank 6, beam 0, simulating beta 0.7
[MPI 8/9] Map 5, rank 6, beam 0, simulating beta 0.9
[MPI 0/9] Map 5, rank 6, beam 0, simulating beta 0.1
[MPI 1/9] Map 5, rank 6, beam 0, simulating beta 0.2
[MPI 2/9] Map 5, rank 6, beam 0, simulating beta 0.3
[MPI 4/9] Map 5, rank 6, beam 0, simulating beta 0.5
[MPI 5/9] Map 5, rank 6, beam 0, simulating beta 0.6
[MPI 7/9] Map 5, rank 6, beam 0, simulating beta 0.8
[MPI 6/9] Map 5, rank 6, beam 1, simulating beta 0.7
[MPI 5/9] Map 5, rank 6, beam 1, simulating beta 0.6
[MPI 8/9] Map 5, rank 6, beam 1, simulating beta 0.9
[MPI 3/9] Map 5, rank 6, beam 1, simulating beta 0.4
[MPI 7/9] Map 5, rank 6, beam 1, simulating beta 0.8
[MPI 4/9] Map 5, rank 6, beam 1, simulating beta 0.5
[MPI 0/9] Map 5, rank 6, beam 1, simulating beta 0.1
[MPI 1/9] Map 5, rank 6, beam 1, simulating beta 0.2
[MPI 2/9] Map 5, rank 6, beam 1, simulating beta 0.3
[MPI 6/9] Map 5, rank 6, beam 2, simulating beta 0.7
[MPI 5/9] Map 5, rank 6, beam 2, simulating beta 0.6
[MPI 8/9] Map 5, rank 6, beam 2, simulating beta 0.9
[MPI 3/9] Map 5, rank 6, beam 2, simulating beta 0.4
[MPI 7/9] Map 5, rank 6, beam 2, simulating beta 0.8
[MPI 4/9] Map 5, rank 6, beam 2, simulating beta 0.5
[MPI 0/9] Map 5, rank 6, beam 2, simulating beta 0.1
[MPI 1/9] Map 5, rank 6, beam 2, simulating beta 0.2
[MPI 2/9] Map 5, rank 6, beam 2, simulating beta 0.3
Map 5, rank 6: best beta=0.4, parent beam=0, weighted RMSE 59.4281 -> 53.9818, beam size=3, recorded samples=6
[MPI 3/9] Map 5, rank 7, beam 0, simulating beta 0.4
[MPI 0/9] Map 5, rank 7, beam 0, simulating beta 0.1
[MPI 1/9] Map 5, rank 7, beam 0, simulating beta 0.2
[MPI 2/9] Map 5, rank 7, beam 0, simulating beta 0.3
[MPI 4/9] Map 5, rank 7, beam 0, simulating beta 0.5
[MPI 5/9] Map 5, rank 7, beam 0, simulating beta 0.6
[MPI 6/9] Map 5, rank 7, beam 0, simulating beta 0.7
[MPI 7/9] Map 5, rank 7, beam 0, simulating beta 0.8
[MPI 8/9] Map 5, rank 7, beam 0, simulating beta 0.9
[MPI 6/9] Map 5, rank 7, beam 1, simulating beta 0.7
[MPI 5/9] Map 5, rank 7, beam 1, simulating beta 0.6
[MPI 4/9] Map 5, rank 7, beam 1, simulating beta 0.5
[MPI 7/9] Map 5, rank 7, beam 1, simulating beta 0.8
[MPI 3/9] Map 5, rank 7, beam 1, simulating beta 0.4
[MPI 8/9] Map 5, rank 7, beam 1, simulating beta 0.9
[MPI 1/9] Map 5, rank 7, beam 1, simulating beta 0.2
[MPI 0/9] Map 5, rank 7, beam 1, simulating beta 0.1
[MPI 2/9] Map 5, rank 7, beam 1, simulating beta 0.3
[MPI 6/9] Map 5, rank 7, beam 2, simulating beta 0.7
[MPI 5/9] Map 5, rank 7, beam 2, simulating beta 0.6
[MPI 4/9] Map 5, rank 7, beam 2, simulating beta 0.5
[MPI 7/9] Map 5, rank 7, beam 2, simulating beta 0.8
[MPI 3/9] Map 5, rank 7, beam 2, simulating beta 0.4
[MPI 8/9] Map 5, rank 7, beam 2, simulating beta 0.9
[MPI 1/9] Map 5, rank 7, beam 2, simulating beta 0.2
[MPI 0/9] Map 5, rank 7, beam 2, simulating beta 0.1
[MPI 2/9] Map 5, rank 7, beam 2, simulating beta 0.3
Map 5, rank 7: best beta=0.2, parent beam=0, weighted RMSE 53.9818 -> 53.7162, beam size=3, recorded samples=3
[MPI 6/9] Map 5, rank 8, beam 0, simulating beta 0.7
[MPI 7/9] Map 5, rank 8, beam 0, simulating beta 0.8
[MPI 8/9] Map 5, rank 8, beam 0, simulating beta 0.9
[MPI 1/9] Map 5, rank 8, beam 0, simulating beta 0.2
[MPI 3/9] Map 5, rank 8, beam 0, simulating beta 0.4
[MPI 5/9] Map 5, rank 8, beam 0, simulating beta 0.6
[MPI 4/9] Map 5, rank 8, beam 0, simulating beta 0.5
[MPI 0/9] Map 5, rank 8, beam 0, simulating beta 0.1
[MPI 2/9] Map 5, rank 8, beam 0, simulating beta 0.3
[MPI 8/9] Map 5, rank 8, beam 1, simulating beta 0.9
[MPI 7/9] Map 5, rank 8, beam 1, simulating beta 0.8
[MPI 3/9] Map 5, rank 8, beam 1, simulating beta 0.4
[MPI 4/9] Map 5, rank 8, beam 1, simulating beta 0.5
[MPI 6/9] Map 5, rank 8, beam 1, simulating beta 0.7
[MPI 2/9] Map 5, rank 8, beam 1, simulating beta 0.3
[MPI 0/9] Map 5, rank 8, beam 1, simulating beta 0.1
[MPI 1/9] Map 5, rank 8, beam 1, simulating beta 0.2
[MPI 5/9] Map 5, rank 8, beam 1, simulating beta 0.6
[MPI 8/9] Map 5, rank 8, beam 2, simulating beta 0.9
[MPI 7/9] Map 5, rank 8, beam 2, simulating beta 0.8
[MPI 3/9] Map 5, rank 8, beam 2, simulating beta 0.4
[MPI 4/9] Map 5, rank 8, beam 2, simulating beta 0.5
[MPI 6/9] Map 5, rank 8, beam 2, simulating beta 0.7
[MPI 1/9] Map 5, rank 8, beam 2, simulating beta 0.2
[MPI 2/9] Map 5, rank 8, beam 2, simulating beta 0.3
[MPI 0/9] Map 5, rank 8, beam 2, simulating beta 0.1
[MPI 5/9] Map 5, rank 8, beam 2, simulating beta 0.6
Map 5, rank 8: best beta=0.2, parent beam=1, weighted RMSE 53.6211 -> 51.5776, beam size=3, recorded samples=3
[MPI 1/9] Map 5, rank 9, beam 0, simulating beta 0.2
[MPI 3/9] Map 5, rank 9, beam 0, simulating beta 0.4
[MPI 6/9] Map 5, rank 9, beam 0, simulating beta 0.7
[MPI 7/9] Map 5, rank 9, beam 0, simulating beta 0.8
[MPI 2/9] Map 5, rank 9, beam 0, simulating beta 0.3
[MPI 8/9] Map 5, rank 9, beam 0, simulating beta 0.9
[MPI 0/9] Map 5, rank 9, beam 0, simulating beta 0.1
[MPI 5/9] Map 5, rank 9, beam 0, simulating beta 0.6
[MPI 4/9] Map 5, rank 9, beam 0, simulating beta 0.5
[MPI 4/9] Map 5, rank 9, beam 1, simulating beta 0.5
[MPI 7/9] Map 5, rank 9, beam 1, simulating beta 0.8
[MPI 8/9] Map 5, rank 9, beam 1, simulating beta 0.9
[MPI 6/9] Map 5, rank 9, beam 1, simulating beta 0.7
[MPI 1/9] Map 5, rank 9, beam 1, simulating beta 0.2
[MPI 3/9] Map 5, rank 9, beam 1, simulating beta 0.4
[MPI 0/9] Map 5, rank 9, beam 1, simulating beta 0.1
[MPI 2/9] Map 5, rank 9, beam 1, simulating beta 0.3
[MPI 5/9] Map 5, rank 9, beam 1, simulating beta 0.6
[MPI 4/9] Map 5, rank 9, beam 2, simulating beta 0.5
[MPI 8/9] Map 5, rank 9, beam 2, simulating beta 0.9
[MPI 7/9] Map 5, rank 9, beam 2, simulating beta 0.8
[MPI 6/9] Map 5, rank 9, beam 2, simulating beta 0.7
[MPI 1/9] Map 5, rank 9, beam 2, simulating beta 0.2
[MPI 3/9] Map 5, rank 9, beam 2, simulating beta 0.4
[MPI 0/9] Map 5, rank 9, beam 2, simulating beta 0.1
[MPI 2/9] Map 5, rank 9, beam 2, simulating beta 0.3
[MPI 5/9] Map 5, rank 9, beam 2, simulating beta 0.6
Map 5, rank 9: best beta=0.6, parent beam=2, weighted RMSE 52.0681 -> 18.6253, beam size=3, recorded samples=7
[MPI 6/9] Map 5, rank 10, beam 0, simulating beta 0.7
[MPI 8/9] Map 5, rank 10, beam 0, simulating beta 0.9
[MPI 1/9] Map 5, rank 10, beam 0, simulating beta 0.2
[MPI 3/9] Map 5, rank 10, beam 0, simulating beta 0.4
[MPI 4/9] Map 5, rank 10, beam 0, simulating beta 0.5
[MPI 5/9] Map 5, rank 10, beam 0, simulating beta 0.6
[MPI 0/9] Map 5, rank 10, beam 0, simulating beta 0.1
[MPI 2/9] Map 5, rank 10, beam 0, simulating beta 0.3
[MPI 7/9] Map 5, rank 10, beam 0, simulating beta 0.8
[MPI 8/9] Map 5, rank 10, beam 1, simulating beta 0.9
[MPI 6/9] Map 5, rank 10, beam 1, simulating beta 0.7
[MPI 3/9] Map 5, rank 10, beam 1, simulating beta 0.4
[MPI 0/9] Map 5, rank 10, beam 1, simulating beta 0.1
[MPI 1/9] Map 5, rank 10, beam 1, simulating beta 0.2
[MPI 7/9] Map 5, rank 10, beam 1, simulating beta 0.8
[MPI 2/9] Map 5, rank 10, beam 1, simulating beta 0.3
[MPI 4/9] Map 5, rank 10, beam 1, simulating beta 0.5
[MPI 5/9] Map 5, rank 10, beam 1, simulating beta 0.6
[MPI 8/9] Map 5, rank 10, beam 2, simulating beta 0.9
[MPI 6/9] Map 5, rank 10, beam 2, simulating beta 0.7
[MPI 3/9] Map 5, rank 10, beam 2, simulating beta 0.4
[MPI 0/9] Map 5, rank 10, beam 2, simulating beta 0.1
[MPI 1/9] Map 5, rank 10, beam 2, simulating beta 0.2
[MPI 5/9] Map 5, rank 10, beam 2, simulating beta 0.6
[MPI 7/9] Map 5, rank 10, beam 2, simulating beta 0.8
[MPI 2/9] Map 5, rank 10, beam 2, simulating beta 0.3
[MPI 4/9] Map 5, rank 10, beam 2, simulating beta 0.5
Map 5, rank 10: best beta=0.2, parent beam=0, weighted RMSE 18.6253 -> 15.7491, beam size=3, recorded samples=3
[MPI 6/9] Map 5, rank 11, beam 0, simulating beta 0.7
[MPI 7/9] Map 5, rank 11, beam 0, simulating beta 0.8
[MPI 8/9] Map 5, rank 11, beam 0, simulating beta 0.9
[MPI 3/9] Map 5, rank 11, beam 0, simulating beta 0.4
[MPI 1/9] Map 5, rank 11, beam 0, simulating beta 0.2
[MPI 2/9] Map 5, rank 11, beam 0, simulating beta 0.3
[MPI 5/9] Map 5, rank 11, beam 0, simulating beta 0.6
[MPI 0/9] Map 5, rank 11, beam 0, simulating beta 0.1
[MPI 4/9] Map 5, rank 11, beam 0, simulating beta 0.5
[MPI 6/9] Map 5, rank 11, beam 1, simulating beta 0.7
[MPI 1/9] Map 5, rank 11, beam 1, simulating beta 0.2
[MPI 8/9] Map 5, rank 11, beam 1, simulating beta 0.9
[MPI 3/9] Map 5, rank 11, beam 1, simulating beta 0.4
[MPI 4/9] Map 5, rank 11, beam 1, simulating beta 0.5
[MPI 0/9] Map 5, rank 11, beam 1, simulating beta 0.1
[MPI 7/9] Map 5, rank 11, beam 1, simulating beta 0.8
[MPI 2/9] Map 5, rank 11, beam 1, simulating beta 0.3
[MPI 5/9] Map 5, rank 11, beam 1, simulating beta 0.6
[MPI 8/9] Map 5, rank 11, beam 2, simulating beta 0.9
[MPI 6/9] Map 5, rank 11, beam 2, simulating beta 0.7
[MPI 1/9] Map 5, rank 11, beam 2, simulating beta 0.2
[MPI 3/9] Map 5, rank 11, beam 2, simulating beta 0.4
[MPI 4/9] Map 5, rank 11, beam 2, simulating beta 0.5
[MPI 2/9] Map 5, rank 11, beam 2, simulating beta 0.3
[MPI 7/9] Map 5, rank 11, beam 2, simulating beta 0.8
[MPI 0/9] Map 5, rank 11, beam 2, simulating beta 0.1
[MPI 5/9] Map 5, rank 11, beam 2, simulating beta 0.6
Map 5, rank 11: best beta=0.3, parent beam=0, weighted RMSE 15.7491 -> 14.6275, beam size=3, recorded samples=4
[MPI 4/9] Map 5, rank 12, beam 0, simulating beta 0.5
[MPI 5/9] Map 5, rank 12, beam 0, simulating beta 0.6
[MPI 6/9] Map 5, rank 12, beam 0, simulating beta 0.7
[MPI 8/9] Map 5, rank 12, beam 0, simulating beta 0.9
[MPI 0/9] Map 5, rank 12, beam 0, simulating beta 0.1
[MPI 2/9] Map 5, rank 12, beam 0, simulating beta 0.3
[MPI 3/9] Map 5, rank 12, beam 0, simulating beta 0.4
[MPI 7/9] Map 5, rank 12, beam 0, simulating beta 0.8
[MPI 1/9] Map 5, rank 12, beam 0, simulating beta 0.2
[MPI 1/9] Map 5, rank 12, beam 1, simulating beta 0.2
[MPI 8/9] Map 5, rank 12, beam 1, simulating beta 0.9
[MPI 3/9] Map 5, rank 12, beam 1, simulating beta 0.4
[MPI 6/9] Map 5, rank 12, beam 1, simulating beta 0.7
[MPI 4/9] Map 5, rank 12, beam 1, simulating beta 0.5
[MPI 7/9] Map 5, rank 12, beam 1, simulating beta 0.8
[MPI 0/9] Map 5, rank 12, beam 1, simulating beta 0.1
[MPI 2/9] Map 5, rank 12, beam 1, simulating beta 0.3
[MPI 5/9] Map 5, rank 12, beam 1, simulating beta 0.6
[MPI 1/9] Map 5, rank 12, beam 2, simulating beta 0.2
[MPI 8/9] Map 5, rank 12, beam 2, simulating beta 0.9
[MPI 3/9] Map 5, rank 12, beam 2, simulating beta 0.4
[MPI 6/9] Map 5, rank 12, beam 2, simulating beta 0.7
[MPI 4/9] Map 5, rank 12, beam 2, simulating beta 0.5
[MPI 0/9] Map 5, rank 12, beam 2, simulating beta 0.1
[MPI 2/9] Map 5, rank 12, beam 2, simulating beta 0.3
[MPI 7/9] Map 5, rank 12, beam 2, simulating beta 0.8
[MPI 5/9] Map 5, rank 12, beam 2, simulating beta 0.6
Map 5, rank 12: best beta=0.4, parent beam=0, weighted RMSE 14.6275 -> 14.3932, beam size=3, recorded samples=3
[MPI 3/9] Map 5, rank 13, beam 0, simulating beta 0.4
[MPI 1/9] Map 5, rank 13, beam 0, simulating beta 0.2
[MPI 5/9] Map 5, rank 13, beam 0, simulating beta 0.6
[MPI 6/9] Map 5, rank 13, beam 0, simulating beta 0.7
[MPI 7/9] Map 5, rank 13, beam 0, simulating beta 0.8
[MPI 8/9] Map 5, rank 13, beam 0, simulating beta 0.9
[MPI 4/9] Map 5, rank 13, beam 0, simulating beta 0.5
[MPI 0/9] Map 5, rank 13, beam 0, simulating beta 0.1
[MPI 2/9] Map 5, rank 13, beam 0, simulating beta 0.3
[MPI 6/9] Map 5, rank 13, beam 1, simulating beta 0.7
[MPI 1/9] Map 5, rank 13, beam 1, simulating beta 0.2
[MPI 3/9] Map 5, rank 13, beam 1, simulating beta 0.4
[MPI 4/9] Map 5, rank 13, beam 1, simulating beta 0.5
[MPI 8/9] Map 5, rank 13, beam 1, simulating beta 0.9
[MPI 0/9] Map 5, rank 13, beam 1, simulating beta 0.1
[MPI 5/9] Map 5, rank 13, beam 1, simulating beta 0.6
[MPI 7/9] Map 5, rank 13, beam 1, simulating beta 0.8
[MPI 2/9] Map 5, rank 13, beam 1, simulating beta 0.3
[MPI 6/9] Map 5, rank 13, beam 2, simulating beta 0.7
[MPI 3/9] Map 5, rank 13, beam 2, simulating beta 0.4
[MPI 8/9] Map 5, rank 13, beam 2, simulating beta 0.9
[MPI 1/9] Map 5, rank 13, beam 2, simulating beta 0.2
[MPI 4/9] Map 5, rank 13, beam 2, simulating beta 0.5
[MPI 0/9] Map 5, rank 13, beam 2, simulating beta 0.1
[MPI 2/9] Map 5, rank 13, beam 2, simulating beta 0.3
[MPI 7/9] Map 5, rank 13, beam 2, simulating beta 0.8
[MPI 5/9] Map 5, rank 13, beam 2, simulating beta 0.6
Map 5, rank 13: best beta=0.1, parent beam=2, weighted RMSE 14.3631 -> 13.7024, beam size=3, recorded samples=7
[MPI 0/9] Map 5, rank 14, beam 0, simulating beta 0.1
[MPI 1/9] Map 5, rank 14, beam 0, simulating beta 0.2
[MPI 2/9] Map 5, rank 14, beam 0, simulating beta 0.3
[MPI 3/9] Map 5, rank 14, beam 0, simulating beta 0.4
[MPI 4/9] Map 5, rank 14, beam 0, simulating beta 0.5
[MPI 5/9] Map 5, rank 14, beam 0, simulating beta 0.6
[MPI 6/9] Map 5, rank 14, beam 0, simulating beta 0.7
[MPI 7/9] Map 5, rank 14, beam 0, simulating beta 0.8
[MPI 8/9] Map 5, rank 14, beam 0, simulating beta 0.9
[MPI 7/9] Map 5, rank 14, beam 1, simulating beta 0.8
[MPI 8/9] Map 5, rank 14, beam 1, simulating beta 0.9
[MPI 1/9] Map 5, rank 14, beam 1, simulating beta 0.2
[MPI 6/9] Map 5, rank 14, beam 1, simulating beta 0.7
[MPI 3/9] Map 5, rank 14, beam 1, simulating beta 0.4
[MPI 0/9] Map 5, rank 14, beam 1, simulating beta 0.1
[MPI 4/9] Map 5, rank 14, beam 1, simulating beta 0.5
[MPI 2/9] Map 5, rank 14, beam 1, simulating beta 0.3
[MPI 5/9] Map 5, rank 14, beam 1, simulating beta 0.6
[MPI 7/9] Map 5, rank 14, beam 2, simulating beta 0.8
[MPI 8/9] Map 5, rank 14, beam 2, simulating beta 0.9
[MPI 1/9] Map 5, rank 14, beam 2, simulating beta 0.2
[MPI 6/9] Map 5, rank 14, beam 2, simulating beta 0.7
[MPI 3/9] Map 5, rank 14, beam 2, simulating beta 0.4
[MPI 0/9] Map 5, rank 14, beam 2, simulating beta 0.1
[MPI 2/9] Map 5, rank 14, beam 2, simulating beta 0.3
[MPI 4/9] Map 5, rank 14, beam 2, simulating beta 0.5
[MPI 5/9] Map 5, rank 14, beam 2, simulating beta 0.6
Map 5, rank 14: best beta=0.2, parent beam=0, weighted RMSE 13.7024 -> 12.6380, beam size=3, recorded samples=4
[MPI 6/9] Map 5, rank 15, beam 0, simulating beta 0.7
[MPI 1/9] Map 5, rank 15, beam 0, simulating beta 0.2
[MPI 3/9] Map 5, rank 15, beam 0, simulating beta 0.4
[MPI 7/9] Map 5, rank 15, beam 0, simulating beta 0.8
[MPI 2/9] Map 5, rank 15, beam 0, simulating beta 0.3
[MPI 4/9] Map 5, rank 15, beam 0, simulating beta 0.5
[MPI 5/9] Map 5, rank 15, beam 0, simulating beta 0.6
[MPI 8/9] Map 5, rank 15, beam 0, simulating beta 0.9
[MPI 0/9] Map 5, rank 15, beam 0, simulating beta 0.1
[MPI 7/9] Map 5, rank 15, beam 1, simulating beta 0.8
[MPI 8/9] Map 5, rank 15, beam 1, simulating beta 0.9
[MPI 6/9] Map 5, rank 15, beam 1, simulating beta 0.7
[MPI 1/9] Map 5, rank 15, beam 1, simulating beta 0.2
[MPI 3/9] Map 5, rank 15, beam 1, simulating beta 0.4
[MPI 0/9] Map 5, rank 15, beam 1, simulating beta 0.1
[MPI 4/9] Map 5, rank 15, beam 1, simulating beta 0.5
[MPI 5/9] Map 5, rank 15, beam 1, simulating beta 0.6
[MPI 2/9] Map 5, rank 15, beam 1, simulating beta 0.3
[MPI 8/9] Map 5, rank 15, beam 2, simulating beta 0.9
[MPI 7/9] Map 5, rank 15, beam 2, simulating beta 0.8
[MPI 6/9] Map 5, rank 15, beam 2, simulating beta 0.7
[MPI 3/9] Map 5, rank 15, beam 2, simulating beta 0.4
[MPI 1/9] Map 5, rank 15, beam 2, simulating beta 0.2
[MPI 0/9] Map 5, rank 15, beam 2, simulating beta 0.1
[MPI 2/9] Map 5, rank 15, beam 2, simulating beta 0.3
[MPI 4/9] Map 5, rank 15, beam 2, simulating beta 0.5
[MPI 5/9] Map 5, rank 15, beam 2, simulating beta 0.6
Map 5, rank 15: best beta=0.2, parent beam=2, weighted RMSE 12.7314 -> 11.5108, beam size=3, recorded samples=3
[MPI 7/9] Map 5, rank 16, beam 0, simulating beta 0.8
[MPI 6/9] Map 5, rank 16, beam 0, simulating beta 0.7
[MPI 1/9] Map 5, rank 16, beam 0, simulating beta 0.2
[MPI 8/9] Map 5, rank 16, beam 0, simulating beta 0.9
[MPI 0/9] Map 5, rank 16, beam 0, simulating beta 0.1
[MPI 2/9] Map 5, rank 16, beam 0, simulating beta 0.3
[MPI 3/9] Map 5, rank 16, beam 0, simulating beta 0.4
[MPI 4/9] Map 5, rank 16, beam 0, simulating beta 0.5
[MPI 5/9] Map 5, rank 16, beam 0, simulating beta 0.6
[MPI 8/9] Map 5, rank 16, beam 1, simulating beta 0.9
[MPI 7/9] Map 5, rank 16, beam 1, simulating beta 0.8
[MPI 1/9] Map 5, rank 16, beam 1, simulating beta 0.2
[MPI 3/9] Map 5, rank 16, beam 1, simulating beta 0.4
[MPI 6/9] Map 5, rank 16, beam 1, simulating beta 0.7
[MPI 0/9] Map 5, rank 16, beam 1, simulating beta 0.1
[MPI 4/9] Map 5, rank 16, beam 1, simulating beta 0.5
[MPI 2/9] Map 5, rank 16, beam 1, simulating beta 0.3
[MPI 5/9] Map 5, rank 16, beam 1, simulating beta 0.6
[MPI 8/9] Map 5, rank 16, beam 2, simulating beta 0.9
[MPI 1/9] Map 5, rank 16, beam 2, simulating beta 0.2
[MPI 3/9] Map 5, rank 16, beam 2, simulating beta 0.4
[MPI 0/9] Map 5, rank 16, beam 2, simulating beta 0.1
[MPI 6/9] Map 5, rank 16, beam 2, simulating beta 0.7
[MPI 2/9] Map 5, rank 16, beam 2, simulating beta 0.3
[MPI 7/9] Map 5, rank 16, beam 2, simulating beta 0.8
[MPI 4/9] Map 5, rank 16, beam 2, simulating beta 0.5
[MPI 5/9] Map 5, rank 16, beam 2, simulating beta 0.6
Map 5, rank 16: best beta=0.3, parent beam=0, weighted RMSE 11.5108 -> 10.7334, beam size=3, recorded samples=4
[MPI 6/9] Map 5, rank 17, beam 0, simulating beta 0.7
[MPI 1/9] Map 5, rank 17, beam 0, simulating beta 0.2
[MPI 3/9] Map 5, rank 17, beam 0, simulating beta 0.4
[MPI 7/9] Map 5, rank 17, beam 0, simulating beta 0.8
[MPI 8/9] Map 5, rank 17, beam 0, simulating beta 0.9
[MPI 5/9] Map 5, rank 17, beam 0, simulating beta 0.6
[MPI 0/9] Map 5, rank 17, beam 0, simulating beta 0.1
[MPI 2/9] Map 5, rank 17, beam 0, simulating beta 0.3
[MPI 4/9] Map 5, rank 17, beam 0, simulating beta 0.5
[MPI 8/9] Map 5, rank 17, beam 1, simulating beta 0.9
[MPI 7/9] Map 5, rank 17, beam 1, simulating beta 0.8
[MPI 1/9] Map 5, rank 17, beam 1, simulating beta 0.2
[MPI 0/9] Map 5, rank 17, beam 1, simulating beta 0.1
[MPI 3/9] Map 5, rank 17, beam 1, simulating beta 0.4
[MPI 6/9] Map 5, rank 17, beam 1, simulating beta 0.7
[MPI 4/9] Map 5, rank 17, beam 1, simulating beta 0.5
[MPI 2/9] Map 5, rank 17, beam 1, simulating beta 0.3
[MPI 5/9] Map 5, rank 17, beam 1, simulating beta 0.6
[MPI 8/9] Map 5, rank 17, beam 2, simulating beta 0.9
[MPI 7/9] Map 5, rank 17, beam 2, simulating beta 0.8
[MPI 1/9] Map 5, rank 17, beam 2, simulating beta 0.2
[MPI 3/9] Map 5, rank 17, beam 2, simulating beta 0.4
[MPI 0/9] Map 5, rank 17, beam 2, simulating beta 0.1
[MPI 6/9] Map 5, rank 17, beam 2, simulating beta 0.7
[MPI 2/9] Map 5, rank 17, beam 2, simulating beta 0.3
[MPI 4/9] Map 5, rank 17, beam 2, simulating beta 0.5
[MPI 5/9] Map 5, rank 17, beam 2, simulating beta 0.6
Map 5, rank 17: best beta=0.1, parent beam=0, weighted RMSE 10.7334 -> 10.0638, beam size=3, recorded samples=3
[MPI 6/9] Map 5, rank 18, beam 0, simulating beta 0.7
[MPI 1/9] Map 5, rank 18, beam 0, simulating beta 0.2
[MPI 3/9] Map 5, rank 18, beam 0, simulating beta 0.4
[MPI 7/9] Map 5, rank 18, beam 0, simulating beta 0.8
[MPI 0/9] Map 5, rank 18, beam 0, simulating beta 0.1
[MPI 2/9] Map 5, rank 18, beam 0, simulating beta 0.3
[MPI 4/9] Map 5, rank 18, beam 0, simulating beta 0.5
[MPI 5/9] Map 5, rank 18, beam 0, simulating beta 0.6
[MPI 8/9] Map 5, rank 18, beam 0, simulating beta 0.9
[MPI 7/9] Map 5, rank 18, beam 1, simulating beta 0.8
[MPI 1/9] Map 5, rank 18, beam 1, simulating beta 0.2
[MPI 3/9] Map 5, rank 18, beam 1, simulating beta 0.4
[MPI 8/9] Map 5, rank 18, beam 1, simulating beta 0.9
[MPI 0/9] Map 5, rank 18, beam 1, simulating beta 0.1
[MPI 6/9] Map 5, rank 18, beam 1, simulating beta 0.7
[MPI 2/9] Map 5, rank 18, beam 1, simulating beta 0.3
[MPI 4/9] Map 5, rank 18, beam 1, simulating beta 0.5
[MPI 5/9] Map 5, rank 18, beam 1, simulating beta 0.6
[MPI 7/9] Map 5, rank 18, beam 2, simulating beta 0.8
[MPI 1/9] Map 5, rank 18, beam 2, simulating beta 0.2
[MPI 3/9] Map 5, rank 18, beam 2, simulating beta 0.4
[MPI 0/9] Map 5, rank 18, beam 2, simulating beta 0.1
[MPI 8/9] Map 5, rank 18, beam 2, simulating beta 0.9
[MPI 6/9] Map 5, rank 18, beam 2, simulating beta 0.7
[MPI 2/9] Map 5, rank 18, beam 2, simulating beta 0.3
[MPI 4/9] Map 5, rank 18, beam 2, simulating beta 0.5
[MPI 5/9] Map 5, rank 18, beam 2, simulating beta 0.6
Map 5, rank 18: best beta=0.2, parent beam=0, weighted RMSE 10.0638 -> 9.6319, beam size=3, recorded samples=3
[MPI 6/9] Map 5, rank 19, beam 0, simulating beta 0.7
[MPI 7/9] Map 5, rank 19, beam 0, simulating beta 0.8
[MPI 1/9] Map 5, rank 19, beam 0, simulating beta 0.2
[MPI 8/9] Map 5, rank 19, beam 0, simulating beta 0.9
[MPI 3/9] Map 5, rank 19, beam 0, simulating beta 0.4
[MPI 2/9] Map 5, rank 19, beam 0, simulating beta 0.3
[MPI 4/9] Map 5, rank 19, beam 0, simulating beta 0.5
[MPI 5/9] Map 5, rank 19, beam 0, simulating beta 0.6
[MPI 0/9] Map 5, rank 19, beam 0, simulating beta 0.1
[MPI 7/9] Map 5, rank 19, beam 1, simulating beta 0.8
[MPI 8/9] Map 5, rank 19, beam 1, simulating beta 0.9
[MPI 1/9] Map 5, rank 19, beam 1, simulating beta 0.2
[MPI 0/9] Map 5, rank 19, beam 1, simulating beta 0.1
[MPI 4/9] Map 5, rank 19, beam 1, simulating beta 0.5
[MPI 3/9] Map 5, rank 19, beam 1, simulating beta 0.4
[MPI 6/9] Map 5, rank 19, beam 1, simulating beta 0.7
[MPI 2/9] Map 5, rank 19, beam 1, simulating beta 0.3
[MPI 5/9] Map 5, rank 19, beam 1, simulating beta 0.6
[MPI 7/9] Map 5, rank 19, beam 2, simulating beta 0.8
[MPI 8/9] Map 5, rank 19, beam 2, simulating beta 0.9
[MPI 1/9] Map 5, rank 19, beam 2, simulating beta 0.2
[MPI 6/9] Map 5, rank 19, beam 2, simulating beta 0.7
[MPI 0/9] Map 5, rank 19, beam 2, simulating beta 0.1
[MPI 3/9] Map 5, rank 19, beam 2, simulating beta 0.4
[MPI 2/9] Map 5, rank 19, beam 2, simulating beta 0.3
[MPI 5/9] Map 5, rank 19, beam 2, simulating beta 0.6
[MPI 4/9] Map 5, rank 19, beam 2, simulating beta 0.5
Map 5, rank 19: best beta=0.8, parent beam=0, weighted RMSE 9.6319 -> 9.1284, beam size=3, recorded samples=3
[MPI 6/9] Map 5, rank 20, beam 0, simulating beta 0.7
[MPI 7/9] Map 5, rank 20, beam 0, simulating beta 0.8
[MPI 3/9] Map 5, rank 20, beam 0, simulating beta 0.4
[MPI 8/9] Map 5, rank 20, beam 0, simulating beta 0.9
[MPI 2/9] Map 5, rank 20, beam 0, simulating beta 0.3
[MPI 4/9] Map 5, rank 20, beam 0, simulating beta 0.5
[MPI 5/9] Map 5, rank 20, beam 0, simulating beta 0.6
[MPI 0/9] Map 5, rank 20, beam 0, simulating beta 0.1
[MPI 1/9] Map 5, rank 20, beam 0, simulating beta 0.2
[MPI 1/9] Map 5, rank 20, beam 1, simulating beta 0.2
[MPI 6/9] Map 5, rank 20, beam 1, simulating beta 0.7
[MPI 3/9] Map 5, rank 20, beam 1, simulating beta 0.4
[MPI 4/9] Map 5, rank 20, beam 1, simulating beta 0.5
[MPI 0/9] Map 5, rank 20, beam 1, simulating beta 0.1
[MPI 2/9] Map 5, rank 20, beam 1, simulating beta 0.3
[MPI 7/9] Map 5, rank 20, beam 1, simulating beta 0.8
[MPI 5/9] Map 5, rank 20, beam 1, simulating beta 0.6
[MPI 8/9] Map 5, rank 20, beam 1, simulating beta 0.9
[MPI 1/9] Map 5, rank 20, beam 2, simulating beta 0.2
[MPI 6/9] Map 5, rank 20, beam 2, simulating beta 0.7
[MPI 3/9] Map 5, rank 20, beam 2, simulating beta 0.4
[MPI 4/9] Map 5, rank 20, beam 2, simulating beta 0.5
[MPI 2/9] Map 5, rank 20, beam 2, simulating beta 0.3
[MPI 0/9] Map 5, rank 20, beam 2, simulating beta 0.1
[MPI 7/9] Map 5, rank 20, beam 2, simulating beta 0.8
[MPI 5/9] Map 5, rank 20, beam 2, simulating beta 0.6
[MPI 8/9] Map 5, rank 20, beam 2, simulating beta 0.9
Map 5, rank 20: best beta=0.7, parent beam=1, weighted RMSE 9.1780 -> 8.8549, beam size=3, recorded samples=3
[MPI 6/9] Map 5, rank 21, beam 0, simulating beta 0.7
[MPI 1/9] Map 5, rank 21, beam 0, simulating beta 0.2
[MPI 7/9] Map 5, rank 21, beam 0, simulating beta 0.8
[MPI 3/9] Map 5, rank 21, beam 0, simulating beta 0.4
[MPI 8/9] Map 5, rank 21, beam 0, simulating beta 0.9
[MPI 2/9] Map 5, rank 21, beam 0, simulating beta 0.3
[MPI 0/9] Map 5, rank 21, beam 0, simulating beta 0.1
[MPI 4/9] Map 5, rank 21, beam 0, simulating beta 0.5
[MPI 5/9] Map 5, rank 21, beam 0, simulating beta 0.6
[MPI 3/9] Map 5, rank 21, beam 1, simulating beta 0.4
[MPI 6/9] Map 5, rank 21, beam 1, simulating beta 0.7
[MPI 1/9] Map 5, rank 21, beam 1, simulating beta 0.2
[MPI 4/9] Map 5, rank 21, beam 1, simulating beta 0.5
[MPI 0/9] Map 5, rank 21, beam 1, simulating beta 0.1
[MPI 2/9] Map 5, rank 21, beam 1, simulating beta 0.3
[MPI 7/9] Map 5, rank 21, beam 1, simulating beta 0.8
[MPI 5/9] Map 5, rank 21, beam 1, simulating beta 0.6
[MPI 8/9] Map 5, rank 21, beam 1, simulating beta 0.9
[MPI 3/9] Map 5, rank 21, beam 2, simulating beta 0.4
[MPI 6/9] Map 5, rank 21, beam 2, simulating beta 0.7
[MPI 1/9] Map 5, rank 21, beam 2, simulating beta 0.2
[MPI 4/9] Map 5, rank 21, beam 2, simulating beta 0.5
[MPI 0/9] Map 5, rank 21, beam 2, simulating beta 0.1
[MPI 2/9] Map 5, rank 21, beam 2, simulating beta 0.3
[MPI 5/9] Map 5, rank 21, beam 2, simulating beta 0.6
[MPI 7/9] Map 5, rank 21, beam 2, simulating beta 0.8
[MPI 8/9] Map 5, rank 21, beam 2, simulating beta 0.9
Map 5, rank 21: best beta=0.7, parent beam=0, weighted RMSE 8.8549 -> 8.7580, beam size=3, recorded samples=3
[MPI 1/9] Map 5, rank 22, beam 0, simulating beta 0.2
[MPI 6/9] Map 5, rank 22, beam 0, simulating beta 0.7
[MPI 3/9] Map 5, rank 22, beam 0, simulating beta 0.4
[MPI 7/9] Map 5, rank 22, beam 0, simulating beta 0.8
[MPI 4/9] Map 5, rank 22, beam 0, simulating beta 0.5
[MPI 5/9] Map 5, rank 22, beam 0, simulating beta 0.6
[MPI 8/9] Map 5, rank 22, beam 0, simulating beta 0.9
[MPI 0/9] Map 5, rank 22, beam 0, simulating beta 0.1
[MPI 2/9] Map 5, rank 22, beam 0, simulating beta 0.3
[MPI 6/9] Map 5, rank 22, beam 1, simulating beta 0.7
[MPI 3/9] Map 5, rank 22, beam 1, simulating beta 0.4
[MPI 7/9] Map 5, rank 22, beam 1, simulating beta 0.8
[MPI 1/9] Map 5, rank 22, beam 1, simulating beta 0.2
[MPI 0/9] Map 5, rank 22, beam 1, simulating beta 0.1
[MPI 8/9] Map 5, rank 22, beam 1, simulating beta 0.9
[MPI 2/9] Map 5, rank 22, beam 1, simulating beta 0.3
[MPI 4/9] Map 5, rank 22, beam 1, simulating beta 0.5
[MPI 5/9] Map 5, rank 22, beam 1, simulating beta 0.6
[MPI 6/9] Map 5, rank 22, beam 2, simulating beta 0.7
[MPI 7/9] Map 5, rank 22, beam 2, simulating beta 0.8
[MPI 3/9] Map 5, rank 22, beam 2, simulating beta 0.4
[MPI 0/9] Map 5, rank 22, beam 2, simulating beta 0.1
[MPI 1/9] Map 5, rank 22, beam 2, simulating beta 0.2
[MPI 8/9] Map 5, rank 22, beam 2, simulating beta 0.9
[MPI 2/9] Map 5, rank 22, beam 2, simulating beta 0.3
[MPI 4/9] Map 5, rank 22, beam 2, simulating beta 0.5
[MPI 5/9] Map 5, rank 22, beam 2, simulating beta 0.6
Map 5, rank 22: best beta=0.1, parent beam=1, weighted RMSE 8.7650 -> 8.4873, beam size=3, recorded samples=3
[MPI 6/9] Map 5, rank 23, beam 0, simulating beta 0.7
[MPI 7/9] Map 5, rank 23, beam 0, simulating beta 0.8
[MPI 1/9] Map 5, rank 23, beam 0, simulating beta 0.2
[MPI 2/9] Map 5, rank 23, beam 0, simulating beta 0.3
[MPI 3/9] Map 5, rank 23, beam 0, simulating beta 0.4
[MPI 4/9] Map 5, rank 23, beam 0, simulating beta 0.5
[MPI 8/9] Map 5, rank 23, beam 0, simulating beta 0.9
[MPI 0/9] Map 5, rank 23, beam 0, simulating beta 0.1
[MPI 5/9] Map 5, rank 23, beam 0, simulating beta 0.6
[MPI 8/9] Map 5, rank 23, beam 1, simulating beta 0.9
[MPI 0/9] Map 5, rank 23, beam 1, simulating beta 0.1
[MPI 3/9] Map 5, rank 23, beam 1, simulating beta 0.4
[MPI 6/9] Map 5, rank 23, beam 1, simulating beta 0.7
[MPI 1/9] Map 5, rank 23, beam 1, simulating beta 0.2
[MPI 4/9] Map 5, rank 23, beam 1, simulating beta 0.5
[MPI 2/9] Map 5, rank 23, beam 1, simulating beta 0.3
[MPI 7/9] Map 5, rank 23, beam 1, simulating beta 0.8
[MPI 5/9] Map 5, rank 23, beam 1, simulating beta 0.6
[MPI 6/9] Map 5, rank 23, beam 2, simulating beta 0.7
[MPI 8/9] Map 5, rank 23, beam 2, simulating beta 0.9
[MPI 3/9] Map 5, rank 23, beam 2, simulating beta 0.4
[MPI 1/9] Map 5, rank 23, beam 2, simulating beta 0.2
[MPI 0/9] Map 5, rank 23, beam 2, simulating beta 0.1
[MPI 2/9] Map 5, rank 23, beam 2, simulating beta 0.3
[MPI 4/9] Map 5, rank 23, beam 2, simulating beta 0.5
[MPI 5/9] Map 5, rank 23, beam 2, simulating beta 0.6
[MPI 7/9] Map 5, rank 23, beam 2, simulating beta 0.8
Map 5, rank 23: best beta=0.4, parent beam=1, weighted RMSE 8.5017 -> 8.1725, beam size=3, recorded samples=5
[MPI 6/9] Map 5, rank 24, beam 0, simulating beta 0.7
[MPI 2/9] Map 5, rank 24, beam 0, simulating beta 0.3
[MPI 3/9] Map 5, rank 24, beam 0, simulating beta 0.4
[MPI 5/9] Map 5, rank 24, beam 0, simulating beta 0.6
[MPI 7/9] Map 5, rank 24, beam 0, simulating beta 0.8
[MPI 8/9] Map 5, rank 24, beam 0, simulating beta 0.9
[MPI 1/9] Map 5, rank 24, beam 0, simulating beta 0.2
[MPI 0/9] Map 5, rank 24, beam 0, simulating beta 0.1
[MPI 4/9] Map 5, rank 24, beam 0, simulating beta 0.5
[MPI 6/9] Map 5, rank 24, beam 1, simulating beta 0.7
[MPI 1/9] Map 5, rank 24, beam 1, simulating beta 0.2
[MPI 3/9] Map 5, rank 24, beam 1, simulating beta 0.4
[MPI 8/9] Map 5, rank 24, beam 1, simulating beta 0.9
[MPI 4/9] Map 5, rank 24, beam 1, simulating beta 0.5
[MPI 0/9] Map 5, rank 24, beam 1, simulating beta 0.1
[MPI 2/9] Map 5, rank 24, beam 1, simulating beta 0.3
[MPI 5/9] Map 5, rank 24, beam 1, simulating beta 0.6
[MPI 7/9] Map 5, rank 24, beam 1, simulating beta 0.8
[MPI 6/9] Map 5, rank 24, beam 2, simulating beta 0.7
[MPI 3/9] Map 5, rank 24, beam 2, simulating beta 0.4
[MPI 1/9] Map 5, rank 24, beam 2, simulating beta 0.2
[MPI 8/9] Map 5, rank 24, beam 2, simulating beta 0.9
[MPI 0/9] Map 5, rank 24, beam 2, simulating beta 0.1
[MPI 4/9] Map 5, rank 24, beam 2, simulating beta 0.5
[MPI 7/9] Map 5, rank 24, beam 2, simulating beta 0.8
[MPI 5/9] Map 5, rank 24, beam 2, simulating beta 0.6
[MPI 2/9] Map 5, rank 24, beam 2, simulating beta 0.3
Map 5, rank 24: best beta=0.3, parent beam=0, weighted RMSE 8.1725 -> 8.0031, beam size=3, recorded samples=4
[MPI 1/9] Map 5, rank 25, beam 0, simulating beta 0.2
[MPI 7/9] Map 5, rank 25, beam 0, simulating beta 0.8
[MPI 3/9] Map 5, rank 25, beam 0, simulating beta 0.4
[MPI 6/9] Map 5, rank 25, beam 0, simulating beta 0.7
[MPI 8/9] Map 5, rank 25, beam 0, simulating beta 0.9
[MPI 2/9] Map 5, rank 25, beam 0, simulating beta 0.3
[MPI 4/9] Map 5, rank 25, beam 0, simulating beta 0.5
[MPI 5/9] Map 5, rank 25, beam 0, simulating beta 0.6
[MPI 0/9] Map 5, rank 25, beam 0, simulating beta 0.1
[MPI 8/9] Map 5, rank 25, beam 1, simulating beta 0.9
[MPI 6/9] Map 5, rank 25, beam 1, simulating beta 0.7
[MPI 1/9] Map 5, rank 25, beam 1, simulating beta 0.2
[MPI 0/9] Map 5, rank 25, beam 1, simulating beta 0.1
[MPI 3/9] Map 5, rank 25, beam 1, simulating beta 0.4
[MPI 7/9] Map 5, rank 25, beam 1, simulating beta 0.8
[MPI 4/9] Map 5, rank 25, beam 1, simulating beta 0.5
[MPI 2/9] Map 5, rank 25, beam 1, simulating beta 0.3
[MPI 5/9] Map 5, rank 25, beam 1, simulating beta 0.6
[MPI 6/9] Map 5, rank 25, beam 2, simulating beta 0.7
[MPI 8/9] Map 5, rank 25, beam 2, simulating beta 0.9
[MPI 1/9] Map 5, rank 25, beam 2, simulating beta 0.2
[MPI 0/9] Map 5, rank 25, beam 2, simulating beta 0.1
[MPI 3/9] Map 5, rank 25, beam 2, simulating beta 0.4
[MPI 4/9] Map 5, rank 25, beam 2, simulating beta 0.5
[MPI 2/9] Map 5, rank 25, beam 2, simulating beta 0.3
[MPI 7/9] Map 5, rank 25, beam 2, simulating beta 0.8
[MPI 5/9] Map 5, rank 25, beam 2, simulating beta 0.6
Map 5, rank 25: best beta=0.2, parent beam=0, weighted RMSE 8.0031 -> 7.8902, beam size=3, recorded samples=4
[MPI 1/9] Map 5, rank 26, beam 0, simulating beta 0.2
[MPI 3/9] Map 5, rank 26, beam 0, simulating beta 0.4
[MPI 6/9] Map 5, rank 26, beam 0, simulating beta 0.7
[MPI 7/9] Map 5, rank 26, beam 0, simulating beta 0.8
[MPI 8/9] Map 5, rank 26, beam 0, simulating beta 0.9
[MPI 0/9] Map 5, rank 26, beam 0, simulating beta 0.1
[MPI 4/9] Map 5, rank 26, beam 0, simulating beta 0.5
[MPI 5/9] Map 5, rank 26, beam 0, simulating beta 0.6
[MPI 2/9] Map 5, rank 26, beam 0, simulating beta 0.3
[MPI 4/9] Map 5, rank 26, beam 1, simulating beta 0.5
[MPI 3/9] Map 5, rank 26, beam 1, simulating beta 0.4
[MPI 6/9] Map 5, rank 26, beam 1, simulating beta 0.7
[MPI 1/9] Map 5, rank 26, beam 1, simulating beta 0.2
[MPI 0/9] Map 5, rank 26, beam 1, simulating beta 0.1
[MPI 2/9] Map 5, rank 26, beam 1, simulating beta 0.3
[MPI 8/9] Map 5, rank 26, beam 1, simulating beta 0.9
[MPI 7/9] Map 5, rank 26, beam 1, simulating beta 0.8
[MPI 5/9] Map 5, rank 26, beam 1, simulating beta 0.6
[MPI 4/9] Map 5, rank 26, beam 2, simulating beta 0.5
[MPI 3/9] Map 5, rank 26, beam 2, simulating beta 0.4
[MPI 6/9] Map 5, rank 26, beam 2, simulating beta 0.7
[MPI 1/9] Map 5, rank 26, beam 2, simulating beta 0.2
[MPI 2/9] Map 5, rank 26, beam 2, simulating beta 0.3
[MPI 0/9] Map 5, rank 26, beam 2, simulating beta 0.1
[MPI 8/9] Map 5, rank 26, beam 2, simulating beta 0.9
[MPI 7/9] Map 5, rank 26, beam 2, simulating beta 0.8
[MPI 5/9] Map 5, rank 26, beam 2, simulating beta 0.6
Map 5, rank 26: best beta=0.1, parent beam=0, weighted RMSE 7.8902 -> 7.8374, beam size=3, recorded samples=3
[MPI 1/9] Map 5, rank 27, beam 0, simulating beta 0.2
[MPI 6/9] Map 5, rank 27, beam 0, simulating beta 0.7
[MPI 0/9] Map 5, rank 27, beam 0, simulating beta 0.1
[MPI 5/9] Map 5, rank 27, beam 0, simulating beta 0.6
[MPI 7/9] Map 5, rank 27, beam 0, simulating beta 0.8
[MPI 8/9] Map 5, rank 27, beam 0, simulating beta 0.9
[MPI 3/9] Map 5, rank 27, beam 0, simulating beta 0.4
[MPI 4/9] Map 5, rank 27, beam 0, simulating beta 0.5
[MPI 2/9] Map 5, rank 27, beam 0, simulating beta 0.3
[MPI 6/9] Map 5, rank 27, beam 1, simulating beta 0.7
[MPI 4/9] Map 5, rank 27, beam 1, simulating beta 0.5
[MPI 8/9] Map 5, rank 27, beam 1, simulating beta 0.9
[MPI 3/9] Map 5, rank 27, beam 1, simulating beta 0.4
[MPI 0/9] Map 5, rank 27, beam 1, simulating beta 0.1
[MPI 7/9] Map 5, rank 27, beam 1, simulating beta 0.8
[MPI 1/9] Map 5, rank 27, beam 1, simulating beta 0.2
[MPI 2/9] Map 5, rank 27, beam 1, simulating beta 0.3
[MPI 5/9] Map 5, rank 27, beam 1, simulating beta 0.6
[MPI 6/9] Map 5, rank 27, beam 2, simulating beta 0.7
[MPI 4/9] Map 5, rank 27, beam 2, simulating beta 0.5
[MPI 8/9] Map 5, rank 27, beam 2, simulating beta 0.9
[MPI 3/9] Map 5, rank 27, beam 2, simulating beta 0.4
[MPI 0/9] Map 5, rank 27, beam 2, simulating beta 0.1
[MPI 7/9] Map 5, rank 27, beam 2, simulating beta 0.8
[MPI 1/9] Map 5, rank 27, beam 2, simulating beta 0.2
[MPI 2/9] Map 5, rank 27, beam 2, simulating beta 0.3
[MPI 5/9] Map 5, rank 27, beam 2, simulating beta 0.6
Map 5, rank 27: best beta=0.4, parent beam=0, weighted RMSE 7.8374 -> 7.7815, beam size=3, recorded samples=5
[MPI 6/9] Map 5, rank 28, beam 0, simulating beta 0.7
[MPI 2/9] Map 5, rank 28, beam 0, simulating beta 0.3
[MPI 7/9] Map 5, rank 28, beam 0, simulating beta 0.8
[MPI 8/9] Map 5, rank 28, beam 0, simulating beta 0.9
[MPI 1/9] Map 5, rank 28, beam 0, simulating beta 0.2
[MPI 3/9] Map 5, rank 28, beam 0, simulating beta 0.4
[MPI 4/9] Map 5, rank 28, beam 0, simulating beta 0.5
[MPI 5/9] Map 5, rank 28, beam 0, simulating beta 0.6
[MPI 0/9] Map 5, rank 28, beam 0, simulating beta 0.1
[MPI 6/9] Map 5, rank 28, beam 1, simulating beta 0.7
[MPI 8/9] Map 5, rank 28, beam 1, simulating beta 0.9
[MPI 7/9] Map 5, rank 28, beam 1, simulating beta 0.8
[MPI 1/9] Map 5, rank 28, beam 1, simulating beta 0.2
[MPI 4/9] Map 5, rank 28, beam 1, simulating beta 0.5
[MPI 0/9] Map 5, rank 28, beam 1, simulating beta 0.1
[MPI 3/9] Map 5, rank 28, beam 1, simulating beta 0.4
[MPI 2/9] Map 5, rank 28, beam 1, simulating beta 0.3
[MPI 5/9] Map 5, rank 28, beam 1, simulating beta 0.6
[MPI 6/9] Map 5, rank 28, beam 2, simulating beta 0.7
[MPI 8/9] Map 5, rank 28, beam 2, simulating beta 0.9
[MPI 7/9] Map 5, rank 28, beam 2, simulating beta 0.8
[MPI 1/9] Map 5, rank 28, beam 2, simulating beta 0.2
[MPI 4/9] Map 5, rank 28, beam 2, simulating beta 0.5
[MPI 0/9] Map 5, rank 28, beam 2, simulating beta 0.1
[MPI 3/9] Map 5, rank 28, beam 2, simulating beta 0.4
[MPI 2/9] Map 5, rank 28, beam 2, simulating beta 0.3
[MPI 5/9] Map 5, rank 28, beam 2, simulating beta 0.6
Map 5, rank 28: best beta=0.4, parent beam=2, weighted RMSE 7.7857 -> 7.7185, beam size=3, recorded samples=3
[MPI 6/9] Map 5, rank 29, beam 0, simulating beta 0.7
[MPI 1/9] Map 5, rank 29, beam 0, simulating beta 0.2
[MPI 3/9] Map 5, rank 29, beam 0, simulating beta 0.4
[MPI 5/9] Map 5, rank 29, beam 0, simulating beta 0.6
[MPI 7/9] Map 5, rank 29, beam 0, simulating beta 0.8
[MPI 8/9] Map 5, rank 29, beam 0, simulating beta 0.9
[MPI 2/9] Map 5, rank 29, beam 0, simulating beta 0.3
[MPI 4/9] Map 5, rank 29, beam 0, simulating beta 0.5
[MPI 0/9] Map 5, rank 29, beam 0, simulating beta 0.1
[MPI 8/9] Map 5, rank 29, beam 1, simulating beta 0.9
[MPI 1/9] Map 5, rank 29, beam 1, simulating beta 0.2
[MPI 6/9] Map 5, rank 29, beam 1, simulating beta 0.7
[MPI 7/9] Map 5, rank 29, beam 1, simulating beta 0.8
[MPI 4/9] Map 5, rank 29, beam 1, simulating beta 0.5
[MPI 0/9] Map 5, rank 29, beam 1, simulating beta 0.1
[MPI 2/9] Map 5, rank 29, beam 1, simulating beta 0.3
[MPI 3/9] Map 5, rank 29, beam 1, simulating beta 0.4
[MPI 5/9] Map 5, rank 29, beam 1, simulating beta 0.6
[MPI 8/9] Map 5, rank 29, beam 2, simulating beta 0.9
[MPI 6/9] Map 5, rank 29, beam 2, simulating beta 0.7
[MPI 1/9] Map 5, rank 29, beam 2, simulating beta 0.2
[MPI 4/9] Map 5, rank 29, beam 2, simulating beta 0.5
[MPI 7/9] Map 5, rank 29, beam 2, simulating beta 0.8
[MPI 3/9] Map 5, rank 29, beam 2, simulating beta 0.4
[MPI 0/9] Map 5, rank 29, beam 2, simulating beta 0.1
[MPI 5/9] Map 5, rank 29, beam 2, simulating beta 0.6
[MPI 2/9] Map 5, rank 29, beam 2, simulating beta 0.3
Map 5, rank 29: best beta=0.9, parent beam=2, weighted RMSE 7.7282 -> 7.6366, beam size=3, recorded samples=3
[MPI 7/9] Map 5, rank 30, beam 0, simulating beta 0.8
[MPI 0/9] Map 5, rank 30, beam 0, simulating beta 0.1
[MPI 1/9] Map 5, rank 30, beam 0, simulating beta 0.2
[MPI 2/9] Map 5, rank 30, beam 0, simulating beta 0.3
[MPI 3/9] Map 5, rank 30, beam 0, simulating beta 0.4
[MPI 4/9] Map 5, rank 30, beam 0, simulating beta 0.5
[MPI 5/9] Map 5, rank 30, beam 0, simulating beta 0.6
[MPI 6/9] Map 5, rank 30, beam 0, simulating beta 0.7
[MPI 8/9] Map 5, rank 30, beam 0, simulating beta 0.9
[MPI 1/9] Map 5, rank 30, beam 1, simulating beta 0.2
[MPI 3/9] Map 5, rank 30, beam 1, simulating beta 0.4
[MPI 0/9] Map 5, rank 30, beam 1, simulating beta 0.1
[MPI 6/9] Map 5, rank 30, beam 1, simulating beta 0.7
[MPI 2/9] Map 5, rank 30, beam 1, simulating beta 0.3
[MPI 4/9] Map 5, rank 30, beam 1, simulating beta 0.5
[MPI 8/9] Map 5, rank 30, beam 1, simulating beta 0.9
[MPI 7/9] Map 5, rank 30, beam 1, simulating beta 0.8
[MPI 5/9] Map 5, rank 30, beam 1, simulating beta 0.6
[MPI 1/9] Map 5, rank 30, beam 2, simulating beta 0.2
[MPI 3/9] Map 5, rank 30, beam 2, simulating beta 0.4
[MPI 0/9] Map 5, rank 30, beam 2, simulating beta 0.1
[MPI 4/9] Map 5, rank 30, beam 2, simulating beta 0.5
[MPI 6/9] Map 5, rank 30, beam 2, simulating beta 0.7
[MPI 2/9] Map 5, rank 30, beam 2, simulating beta 0.3
[MPI 7/9] Map 5, rank 30, beam 2, simulating beta 0.8
[MPI 8/9] Map 5, rank 30, beam 2, simulating beta 0.9
[MPI 5/9] Map 5, rank 30, beam 2, simulating beta 0.6
Map 5, rank 30: best beta=0.9, parent beam=1, weighted RMSE 7.6471 -> 7.5642, beam size=3, recorded samples=3
[MPI 6/9] Map 5, rank 31, beam 0, simulating beta 0.7
[MPI 1/9] Map 5, rank 31, beam 0, simulating beta 0.2
[MPI 7/9] Map 5, rank 31, beam 0, simulating beta 0.8
[MPI 8/9] Map 5, rank 31, beam 0, simulating beta 0.9
[MPI 2/9] Map 5, rank 31, beam 0, simulating beta 0.3
[MPI 3/9] Map 5, rank 31, beam 0, simulating beta 0.4
[MPI 5/9] Map 5, rank 31, beam 0, simulating beta 0.6
[MPI 0/9] Map 5, rank 31, beam 0, simulating beta 0.1
[MPI 4/9] Map 5, rank 31, beam 0, simulating beta 0.5
[MPI 8/9] Map 5, rank 31, beam 1, simulating beta 0.9
[MPI 1/9] Map 5, rank 31, beam 1, simulating beta 0.2
[MPI 0/9] Map 5, rank 31, beam 1, simulating beta 0.1
[MPI 3/9] Map 5, rank 31, beam 1, simulating beta 0.4
[MPI 6/9] Map 5, rank 31, beam 1, simulating beta 0.7
[MPI 4/9] Map 5, rank 31, beam 1, simulating beta 0.5
[MPI 2/9] Map 5, rank 31, beam 1, simulating beta 0.3
[MPI 7/9] Map 5, rank 31, beam 1, simulating beta 0.8
[MPI 5/9] Map 5, rank 31, beam 1, simulating beta 0.6
[MPI 8/9] Map 5, rank 31, beam 2, simulating beta 0.9
[MPI 1/9] Map 5, rank 31, beam 2, simulating beta 0.2
[MPI 3/9] Map 5, rank 31, beam 2, simulating beta 0.4
[MPI 0/9] Map 5, rank 31, beam 2, simulating beta 0.1
[MPI 6/9] Map 5, rank 31, beam 2, simulating beta 0.7
[MPI 4/9] Map 5, rank 31, beam 2, simulating beta 0.5
[MPI 2/9] Map 5, rank 31, beam 2, simulating beta 0.3
[MPI 7/9] Map 5, rank 31, beam 2, simulating beta 0.8
[MPI 5/9] Map 5, rank 31, beam 2, simulating beta 0.6
Map 5, rank 31: best beta=0.7, parent beam=2, weighted RMSE 7.5890 -> 7.0099, beam size=3, recorded samples=3
[MPI 1/9] Map 5, rank 32, beam 0, simulating beta 0.2
[MPI 3/9] Map 5, rank 32, beam 0, simulating beta 0.4
[MPI 6/9] Map 5, rank 32, beam 0, simulating beta 0.7
[MPI 7/9] Map 5, rank 32, beam 0, simulating beta 0.8
[MPI 8/9] Map 5, rank 32, beam 0, simulating beta 0.9
[MPI 0/9] Map 5, rank 32, beam 0, simulating beta 0.1
[MPI 2/9] Map 5, rank 32, beam 0, simulating beta 0.3
[MPI 4/9] Map 5, rank 32, beam 0, simulating beta 0.5
[MPI 5/9] Map 5, rank 32, beam 0, simulating beta 0.6
[MPI 4/9] Map 5, rank 32, beam 1, simulating beta 0.5
[MPI 0/9] Map 5, rank 32, beam 1, simulating beta 0.1
[MPI 3/9] Map 5, rank 32, beam 1, simulating beta 0.4
[MPI 1/9] Map 5, rank 32, beam 1, simulating beta 0.2
[MPI 6/9] Map 5, rank 32, beam 1, simulating beta 0.7
[MPI 2/9] Map 5, rank 32, beam 1, simulating beta 0.3
[MPI 5/9] Map 5, rank 32, beam 1, simulating beta 0.6
[MPI 7/9] Map 5, rank 32, beam 1, simulating beta 0.8
[MPI 8/9] Map 5, rank 32, beam 1, simulating beta 0.9
[MPI 4/9] Map 5, rank 32, beam 2, simulating beta 0.5
[MPI 0/9] Map 5, rank 32, beam 2, simulating beta 0.1
[MPI 3/9] Map 5, rank 32, beam 2, simulating beta 0.4
[MPI 1/9] Map 5, rank 32, beam 2, simulating beta 0.2
[MPI 6/9] Map 5, rank 32, beam 2, simulating beta 0.7
[MPI 8/9] Map 5, rank 32, beam 2, simulating beta 0.9
[MPI 2/9] Map 5, rank 32, beam 2, simulating beta 0.3
[MPI 7/9] Map 5, rank 32, beam 2, simulating beta 0.8
[MPI 5/9] Map 5, rank 32, beam 2, simulating beta 0.6
Map 5, rank 32: best beta=0.3, parent beam=0, weighted RMSE 7.0099 -> 6.8359, beam size=3, recorded samples=3
[MPI 6/9] Map 5, rank 33, beam 0, simulating beta 0.7
[MPI 1/9] Map 5, rank 33, beam 0, simulating beta 0.2
[MPI 3/9] Map 5, rank 33, beam 0, simulating beta 0.4
[MPI 5/9] Map 5, rank 33, beam 0, simulating beta 0.6
[MPI 7/9] Map 5, rank 33, beam 0, simulating beta 0.8
[MPI 8/9] Map 5, rank 33, beam 0, simulating beta 0.9
[MPI 2/9] Map 5, rank 33, beam 0, simulating beta 0.3
[MPI 4/9] Map 5, rank 33, beam 0, simulating beta 0.5
[MPI 0/9] Map 5, rank 33, beam 0, simulating beta 0.1
[MPI 3/9] Map 5, rank 33, beam 1, simulating beta 0.4
[MPI 0/9] Map 5, rank 33, beam 1, simulating beta 0.1
[MPI 6/9] Map 5, rank 33, beam 1, simulating beta 0.7
[MPI 8/9] Map 5, rank 33, beam 1, simulating beta 0.9
[MPI 7/9] Map 5, rank 33, beam 1, simulating beta 0.8
[MPI 2/9] Map 5, rank 33, beam 1, simulating beta 0.3
[MPI 4/9] Map 5, rank 33, beam 1, simulating beta 0.5
[MPI 5/9] Map 5, rank 33, beam 1, simulating beta 0.6
[MPI 1/9] Map 5, rank 33, beam 1, simulating beta 0.2
[MPI 3/9] Map 5, rank 33, beam 2, simulating beta 0.4
[MPI 0/9] Map 5, rank 33, beam 2, simulating beta 0.1
[MPI 8/9] Map 5, rank 33, beam 2, simulating beta 0.9
[MPI 6/9] Map 5, rank 33, beam 2, simulating beta 0.7
[MPI 7/9] Map 5, rank 33, beam 2, simulating beta 0.8
[MPI 2/9] Map 5, rank 33, beam 2, simulating beta 0.3
[MPI 4/9] Map 5, rank 33, beam 2, simulating beta 0.5
[MPI 5/9] Map 5, rank 33, beam 2, simulating beta 0.6
[MPI 1/9] Map 5, rank 33, beam 2, simulating beta 0.2
Map 5, rank 33: best beta=0.3, parent beam=0, weighted RMSE 6.8359 -> 6.6594, beam size=3, recorded samples=4
[MPI 1/9] Map 5, rank 34, beam 0, simulating beta 0.2
[MPI 3/9] Map 5, rank 34, beam 0, simulating beta 0.4
[MPI 6/9] Map 5, rank 34, beam 0, simulating beta 0.7
[MPI 7/9] Map 5, rank 34, beam 0, simulating beta 0.8
[MPI 5/9] Map 5, rank 34, beam 0, simulating beta 0.6
[MPI 8/9] Map 5, rank 34, beam 0, simulating beta 0.9
[MPI 2/9] Map 5, rank 34, beam 0, simulating beta 0.3
[MPI 4/9] Map 5, rank 34, beam 0, simulating beta 0.5
[MPI 0/9] Map 5, rank 34, beam 0, simulating beta 0.1
[MPI 3/9] Map 5, rank 34, beam 1, simulating beta 0.4
[MPI 0/9] Map 5, rank 34, beam 1, simulating beta 0.1
[MPI 6/9] Map 5, rank 34, beam 1, simulating beta 0.7
[MPI 8/9] Map 5, rank 34, beam 1, simulating beta 0.9
[MPI 2/9] Map 5, rank 34, beam 1, simulating beta 0.3
[MPI 4/9] Map 5, rank 34, beam 1, simulating beta 0.5
[MPI 7/9] Map 5, rank 34, beam 1, simulating beta 0.8
[MPI 1/9] Map 5, rank 34, beam 1, simulating beta 0.2
[MPI 5/9] Map 5, rank 34, beam 1, simulating beta 0.6
[MPI 0/9] Map 5, rank 34, beam 2, simulating beta 0.1
[MPI 3/9] Map 5, rank 34, beam 2, simulating beta 0.4
[MPI 6/9] Map 5, rank 34, beam 2, simulating beta 0.7
[MPI 8/9] Map 5, rank 34, beam 2, simulating beta 0.9
[MPI 1/9] Map 5, rank 34, beam 2, simulating beta 0.2
[MPI 4/9] Map 5, rank 34, beam 2, simulating beta 0.5
[MPI 7/9] Map 5, rank 34, beam 2, simulating beta 0.8
[MPI 2/9] Map 5, rank 34, beam 2, simulating beta 0.3
[MPI 5/9] Map 5, rank 34, beam 2, simulating beta 0.6
Map 5, rank 34: best beta=0.1, parent beam=0, weighted RMSE 6.6594 -> 6.5625, beam size=3, recorded samples=5
[MPI 1/9] Map 5, rank 35, beam 0, simulating beta 0.2
[MPI 6/9] Map 5, rank 35, beam 0, simulating beta 0.7
[MPI 7/9] Map 5, rank 35, beam 0, simulating beta 0.8
[MPI 8/9] Map 5, rank 35, beam 0, simulating beta 0.9
[MPI 4/9] Map 5, rank 35, beam 0, simulating beta 0.5
[MPI 3/9] Map 5, rank 35, beam 0, simulating beta 0.4
[MPI 5/9] Map 5, rank 35, beam 0, simulating beta 0.6
[MPI 2/9] Map 5, rank 35, beam 0, simulating beta 0.3
[MPI 0/9] Map 5, rank 35, beam 0, simulating beta 0.1
[MPI 0/9] Map 5, rank 35, beam 1, simulating beta 0.1
[MPI 8/9] Map 5, rank 35, beam 1, simulating beta 0.9
[MPI 4/9] Map 5, rank 35, beam 1, simulating beta 0.5
[MPI 6/9] Map 5, rank 35, beam 1, simulating beta 0.7
[MPI 3/9] Map 5, rank 35, beam 1, simulating beta 0.4
[MPI 2/9] Map 5, rank 35, beam 1, simulating beta 0.3
[MPI 1/9] Map 5, rank 35, beam 1, simulating beta 0.2
[MPI 5/9] Map 5, rank 35, beam 1, simulating beta 0.6
[MPI 7/9] Map 5, rank 35, beam 1, simulating beta 0.8
[MPI 0/9] Map 5, rank 35, beam 2, simulating beta 0.1
[MPI 4/9] Map 5, rank 35, beam 2, simulating beta 0.5
[MPI 8/9] Map 5, rank 35, beam 2, simulating beta 0.9
[MPI 6/9] Map 5, rank 35, beam 2, simulating beta 0.7
[MPI 3/9] Map 5, rank 35, beam 2, simulating beta 0.4
[MPI 2/9] Map 5, rank 35, beam 2, simulating beta 0.3
[MPI 1/9] Map 5, rank 35, beam 2, simulating beta 0.2
[MPI 7/9] Map 5, rank 35, beam 2, simulating beta 0.8
[MPI 5/9] Map 5, rank 35, beam 2, simulating beta 0.6
Map 5, rank 35: best beta=0.1, parent beam=2, weighted RMSE 6.5123 -> 6.3976, beam size=3, recorded samples=3
[MPI 1/9] Map 5, rank 36, beam 0, simulating beta 0.2
[MPI 3/9] Map 5, rank 36, beam 0, simulating beta 0.4
[MPI 6/9] Map 5, rank 36, beam 0, simulating beta 0.7
[MPI 7/9] Map 5, rank 36, beam 0, simulating beta 0.8
[MPI 5/9] Map 5, rank 36, beam 0, simulating beta 0.6
[MPI 8/9] Map 5, rank 36, beam 0, simulating beta 0.9
[MPI 0/9] Map 5, rank 36, beam 0, simulating beta 0.1
[MPI 2/9] Map 5, rank 36, beam 0, simulating beta 0.3
[MPI 4/9] Map 5, rank 36, beam 0, simulating beta 0.5
[MPI 6/9] Map 5, rank 36, beam 1, simulating beta 0.7
[MPI 8/9] Map 5, rank 36, beam 1, simulating beta 0.9
[MPI 0/9] Map 5, rank 36, beam 1, simulating beta 0.1
[MPI 3/9] Map 5, rank 36, beam 1, simulating beta 0.4
[MPI 4/9] Map 5, rank 36, beam 1, simulating beta 0.5
[MPI 1/9] Map 5, rank 36, beam 1, simulating beta 0.2
[MPI 7/9] Map 5, rank 36, beam 1, simulating beta 0.8
[MPI 2/9] Map 5, rank 36, beam 1, simulating beta 0.3
[MPI 5/9] Map 5, rank 36, beam 1, simulating beta 0.6
[MPI 6/9] Map 5, rank 36, beam 2, simulating beta 0.7
[MPI 8/9] Map 5, rank 36, beam 2, simulating beta 0.9
[MPI 0/9] Map 5, rank 36, beam 2, simulating beta 0.1
[MPI 3/9] Map 5, rank 36, beam 2, simulating beta 0.4
[MPI 4/9] Map 5, rank 36, beam 2, simulating beta 0.5
[MPI 1/9] Map 5, rank 36, beam 2, simulating beta 0.2
[MPI 2/9] Map 5, rank 36, beam 2, simulating beta 0.3
[MPI 5/9] Map 5, rank 36, beam 2, simulating beta 0.6
[MPI 7/9] Map 5, rank 36, beam 2, simulating beta 0.8
Map 5, rank 36: best beta=0.3, parent beam=0, weighted RMSE 6.3976 -> 6.3446, beam size=3, recorded samples=4
[MPI 7/9] Map 5, rank 37, beam 0, simulating beta 0.8
[MPI 2/9] Map 5, rank 37, beam 0, simulating beta 0.3
[MPI 3/9] Map 5, rank 37, beam 0, simulating beta 0.4
[MPI 5/9] Map 5, rank 37, beam 0, simulating beta 0.6
[MPI 1/9] Map 5, rank 37, beam 0, simulating beta 0.2
[MPI 8/9] Map 5, rank 37, beam 0, simulating beta 0.9
[MPI 0/9] Map 5, rank 37, beam 0, simulating beta 0.1
[MPI 4/9] Map 5, rank 37, beam 0, simulating beta 0.5
[MPI 6/9] Map 5, rank 37, beam 0, simulating beta 0.7
[MPI 3/9] Map 5, rank 37, beam 1, simulating beta 0.4
[MPI 8/9] Map 5, rank 37, beam 1, simulating beta 0.9
[MPI 6/9] Map 5, rank 37, beam 1, simulating beta 0.7
[MPI 0/9] Map 5, rank 37, beam 1, simulating beta 0.1
[MPI 7/9] Map 5, rank 37, beam 1, simulating beta 0.8
[MPI 2/9] Map 5, rank 37, beam 1, simulating beta 0.3
[MPI 1/9] Map 5, rank 37, beam 1, simulating beta 0.2
[MPI 4/9] Map 5, rank 37, beam 1, simulating beta 0.5
[MPI 5/9] Map 5, rank 37, beam 1, simulating beta 0.6
[MPI 3/9] Map 5, rank 37, beam 2, simulating beta 0.4
[MPI 8/9] Map 5, rank 37, beam 2, simulating beta 0.9
[MPI 6/9] Map 5, rank 37, beam 2, simulating beta 0.7
[MPI 0/9] Map 5, rank 37, beam 2, simulating beta 0.1
[MPI 2/9] Map 5, rank 37, beam 2, simulating beta 0.3
[MPI 1/9] Map 5, rank 37, beam 2, simulating beta 0.2
[MPI 4/9] Map 5, rank 37, beam 2, simulating beta 0.5
[MPI 7/9] Map 5, rank 37, beam 2, simulating beta 0.8
[MPI 5/9] Map 5, rank 37, beam 2, simulating beta 0.6
Map 5, rank 37: best beta=0.1, parent beam=0, weighted RMSE 6.3446 -> 6.2977, beam size=3, recorded samples=3
[MPI 6/9] Map 5, rank 38, beam 0, simulating beta 0.7
[MPI 7/9] Map 5, rank 38, beam 0, simulating beta 0.8
[MPI 1/9] Map 5, rank 38, beam 0, simulating beta 0.2
[MPI 3/9] Map 5, rank 38, beam 0, simulating beta 0.4
[MPI 5/9] Map 5, rank 38, beam 0, simulating beta 0.6
[MPI 8/9] Map 5, rank 38, beam 0, simulating beta 0.9
[MPI 4/9] Map 5, rank 38, beam 0, simulating beta 0.5
[MPI 2/9] Map 5, rank 38, beam 0, simulating beta 0.3
[MPI 0/9] Map 5, rank 38, beam 0, simulating beta 0.1
[MPI 4/9] Map 30, rank 37, beam 2, simulating beta 0.5
[MPI 5/9] Map 30, rank 40, beam 1, simulating beta 0.6
 RMSE 10.5953 -> 10.2318, beam size=3, recorded samples=4
[MPI 5/9] Map 30, rank 41, beam 2, simulating beta 0.6
 RMSE 10.3240 -> 9.7827, beam size=3, recorded samples=3
[MPI 8/9] Map 30, rank 42, beam 1, simulating beta 0.9
 RMSE 9.7827 -> 9.6391, beam size=3, recorded samples=3
[MPI 7/9] Map 30, rank 46, beam 1, simulating beta 0.8
 RMSE 8.5700 -> 8.5441, beam size=3, recorded samples=4
